recording_id,recording_type,speaker_id,word_id,mapping_status,variant_group_id,reference_recording_id,take_number,original_audio_path,original_format,original_sha256,duration_sec,readable,collection_session_id,recording_date,validation_status,included_in_experiment,exclusion_id,dataset_version,notes
REF_001,reference,R001,W001,mapped,VG004,REF_001,1,raw/reference/REF_001.WAV,wav,1b219700b02dea627d47485fb80b5c50eb82562fafae695cd7eb29dd976dfaa8,0.789,true,,,validated,true,,lumad_lingua_pronunciation_v0.2,
REF_002,reference,R001,W002,mapped,VG005,REF_002,1,raw/reference/REF_002.WAV,wav,e6d00af79a0d1745e1d13a5e623c42614b6ab2b8c26e3aaa7ae5d6341952e6bd,0.673,true,,,validated,true,,lumad_lingua_pronunciation_v0.2,
REF_003,reference,R001,W005,mapped,VG009,REF_003,1,raw/reference/REF_003.WAV,wav,cdde9df7907e0bc555bb87b86156449aadb2b55e92e66c13d394c81f71b90e8a,0.836,true,,,validated,true,,lumad_lingua_pronunciation_v0.2,
REF_004,reference,R001,W007,mapped,VG011,REF_004,1,raw/reference/REF_004.WAV,wav,fac9ed91bedbe1bc6320bab7a868141239953c707242ea0bb38f0030a6c3c69c,0.789,true,,,validated,true,,lumad_lingua_pronunciation_v0.2,
REF_005,reference,R001,W008,mapped,VG012,REF_005,1,raw/reference/REF_005.WAV,wav,d7947be7ae6c3a1b50ec14a0a2b1eea861add28e94fc853853314e6b92551f4f,0.604,true,,,validated,true,,lumad_lingua_pronunciation_v0.2,
REF_006,reference,R001,W018,mapped,VG013,REF_006,1,raw/reference/REF_006.WAV,wav,547833a488ce84dfd5f78f43b9304466256bef781491ed95da019b522ed23ae8,0.65,true,,,validated,true,,lumad_lingua_pronunciation_v0.2,
REF_007,reference,R001,,unresolved,VG016,REF_007,1,raw/reference/REF_007.WAV,wav,277ee45e4948eb75279f52ca8f2bd70a5a3e036cfd65bf55e19039eab03b6aaa,1.649,true,,,validated,true,,lumad_lingua_pronunciation_v0.2,
REF_008,reference,R001,W012,mapped,VG019,REF_008,1,raw/reference/REF_008.WAV,wav,b09e85da665e252bf0999b95f9e822f4a2ac6ee4a431d6bd1c72d46b1664aa55,1.3,true,,,validated,true,,lumad_lingua_pronunciation_v0.2,
REF_009,reference,R001,W020,mapped,VG024,REF_009,1,raw/reference/REF_009.WAV,wav,7d52cafa4116c4e77f621d131a0f44873025785af7cf6ac0f99b8e41f7360efb,0.604,true,,,validated,true,,lumad_lingua_pronunciation_v0.2,
REF_010,reference,R001,W013,mapped,VG027,REF_010,1,raw/reference/REF_010.WAV,wav,1fadf367a160faa54ad503afede1ed7b830c3e0732743c9b8df83da46b237ea5,1.254,true,,,validated,true,,lumad_lingua_pronunciation_v0.2,
REF_011,reference,R001,W009,mapped,VG028,REF_011,1,raw/reference/REF_011.WAV,wav,37b64eb6d9c56ebe1f086d4650376ff90e906dbd711a8b693d6f2e2de38f6ac8,0.604,true,,,validated,true,,lumad_lingua_pronunciation_v0.2,
REF_012,reference,R001,W022,mapped,VG035,REF_012,1,raw/reference/REF_012.WAV,wav,4e69413ea5db00c2f115149a9e42c31920b64230e0b6d9ff10cb846c22f7ea15,0.604,true,,,validated,true,,lumad_lingua_pronunciation_v0.2,
REF_013,reference,R001,W024,mapped,VG042,REF_013,1,raw/reference/REF_013.WAV,wav,bc8314eea0e3d27b5d20fe12285bd6f9cf280bd87f1925d4efa7de8d38b4d16f,0.789,true,,,validated,true,,lumad_lingua_pronunciation_v0.2,
REF_014,reference,R001,W014,mapped,VG043,REF_014,1,raw/reference/REF_014.WAV,wav,2c46da1e02502614f910b574d69b34b1d54d1f318cd751bed525cf6f1ce764b2,1.207,true,,,validated,true,,lumad_lingua_pronunciation_v0.2,
REF_015,reference,R001,W025,mapped,VG045,REF_015,1,raw/reference/REF_015.WAV,wav,5aced0554ca584b38d6eeaff8277bf9b306e246bd7a86edb37d637f5982d064c,0.836,true,,,validated,true,,lumad_lingua_pronunciation_v0.2,
REF_016,reference,R001,,unresolved,VG051,REF_016,1,raw/reference/REF_016.WAV,wav,bc1bc357c88bf1c3bbffd8fc9245f07f86e237a659c3bbe76415ac8bf647ce6e,0.836,true,,,validated,true,,lumad_lingua_pronunciation_v0.2,
REF_017,reference,R001,,unresolved,VG053,REF_017,1,raw/reference/REF_017.WAV,wav,27a096a8fe027eaaa46e037355382aca17f75b0ea9196e59c95ead0821bf7bec,1.138,true,,,validated,true,,lumad_lingua_pronunciation_v0.2,
REF_018,reference,R001,,unresolved,VG061,REF_018,1,raw/reference/REF_018.WAV,wav,07181c16e104de6dfc369d414bf9212a43950b5d86e757c15e30de6d837df6be,1.788,true,,,validated,true,,lumad_lingua_pronunciation_v0.2,
REF_019,reference,R001,,unresolved,VG063,REF_019,1,raw/reference/REF_019.WAV,wav,bdf3cd668e030b4ac3458710df93d575a55e8692be981c86c1faf3a2e582d8c4,1.277,true,,,validated,true,,lumad_lingua_pronunciation_v0.2,
REF_020,reference,R001,,unresolved,VG069,REF_020,1,raw/reference/REF_020.WAV,wav,5c420b7b79c26a15af85d65cd3d4f40fd02e0208ffd6109383b88eb320afb119,0.882,true,,,validated,true,,lumad_lingua_pronunciation_v0.2,
REF_021,reference,R001,,unresolved,VG072,REF_021,1,raw/reference/REF_021.WAV,wav,6d2008b2a88c5df194916b7bc3718bd2b0784a32128074696601b3b46a5a257e,1.138,true,,,validated,true,,lumad_lingua_pronunciation_v0.2,
REF_022,reference,R001,,unresolved,VG073,REF_022,1,raw/reference/REF_022.WAV,wav,64cc499b8b9db0c5f48f4235c472bdcdc3db99ebc3fcdc51d4ab0dc7f9f383f5,0.673,true,,,validated,true,,lumad_lingua_pronunciation_v0.2,
REF_023,reference,R001,W031,mapped,VG080,REF_023,1,raw/reference/REF_023.WAV,wav,56284cda216d983abce98fc916a3afd4dc8f5fa2f812da7a01cc94ead4572841,0.72,true,,,validated,true,,lumad_lingua_pronunciation_v0.2,
REF_024,reference,R001,W034,mapped,VG094,REF_024,1,raw/reference/REF_024.WAV,wav,5a252b8e5d83e350271d421a505216eb10518ab50820500b8a04f6615531ed02,0.673,true,,,validated,true,,lumad_lingua_pronunciation_v0.2,
REF_025,reference,R001,,unresolved,VG095,REF_025,1,raw/reference/REF_025.WAV,wav,ce18861b9ce64ed8bcd993f42c7ebdb0fd4742e59d7c64a9fe3961227690f07f,1.556,true,,,validated,true,,lumad_lingua_pronunciation_v0.2,
REF_026,reference,R001,W035,mapped,VG096,REF_026,1,raw/reference/REF_026.WAV,wav,1a5b26d0c57001b0718f640b8014f85a4c0931afc303a3e9141c4beb1c076f82,1.904,true,,,validated,true,,lumad_lingua_pronunciation_v0.2,
REF_027,reference,R001,,unresolved,VG098,REF_027,2,raw/reference/REF_027.WAV,wav,747e8dbce93913b283364f64ca7b82776448f2cf84ba1c99439a4944e6e13954,1.416,true,,,validated,true,,lumad_lingua_pronunciation_v0.2,
REF_028,reference,R001,,unresolved,VG098,REF_028,1,raw/reference/REF_028.WAV,wav,72bdb75db31bb0bdf72935ed7b07d58c82fe43b59946dd71c1c3a3445764c1f8,1.277,true,,,validated,true,,lumad_lingua_pronunciation_v0.2,
REF_029,reference,R001,,unresolved,VG100,REF_029,1,raw/reference/REF_029.WAV,wav,63b02864b8f6491c50bf321581a9701fdd16b1cadb71238768afbdf7e782dabc,2.02,true,,,validated,true,,lumad_lingua_pronunciation_v0.2,
REF_030,reference,R001,,unresolved,VG107,REF_030,1,raw/reference/REF_030.WAV,wav,aa1f5d53de0c9f45533102ad738096ed95def2c9f3bcba1360219418435ec3b9,1.184,true,,,validated,true,,lumad_lingua_pronunciation_v0.2,
REF_031,reference,R001,,unresolved,VG110,REF_031,2,raw/reference/REF_031.WAV,wav,1c32f539103a0fbe64940012d6add3c23230dcc4866d4587037d31f9d7e9852f,1.416,true,,,validated,true,,lumad_lingua_pronunciation_v0.2,
REF_032,reference,R001,,unresolved,VG110,REF_032,1,raw/reference/REF_032.WAV,wav,3cbeb9291e2240720042d2ee5f54b4cd97fcef23b4d4e2bc6187679735a469d6,1.556,true,,,validated,true,,lumad_lingua_pronunciation_v0.2,
REF_033,reference,R001,,unresolved,VG001,REF_033,1,raw/reference/REF_033.WAV,wav,90c59afc79552574f6e2d2bb88e939d3bb957e2913e919b2894dc2bc8e29e354,1.881,true,,,validated,true,,lumad_lingua_pronunciation_v0.2,
REF_034,reference,R001,W017,mapped,VG002,REF_034,1,raw/reference/REF_034.WAV,wav,ac93510872965a1cf4bcd20a71078d0e6be59e124f59c1beb3fb53ac6140b659,0.673,true,,,validated,true,,lumad_lingua_pronunciation_v0.2,
REF_035,reference,R001,,unresolved,VG003,REF_035,1,raw/reference/REF_035.WAV,wav,40cbf81f0e61255ea8b74d1d1d7af793f6827b9adde9814dfb40216885aca8d4,0.975,true,,,validated,true,,lumad_lingua_pronunciation_v0.2,
REF_036,reference,R001,W003,mapped,VG006,REF_036,1,raw/reference/REF_036.WAV,wav,68fa0eeeebef396ee7a4bf19d8e6731428453fed52172b45b3da8b081953cab3,0.952,true,,,validated,true,,lumad_lingua_pronunciation_v0.2,
REF_037,reference,R001,,unresolved,VG007,REF_037,1,raw/reference/REF_037.WAV,wav,a9312190c0400d91c27b0cb267a65dd7ed38186aad9afa612ccebc8ba1b95e45,0.604,true,,,validated,true,,lumad_lingua_pronunciation_v0.2,
REF_038,reference,R001,W004,mapped,VG008,REF_038,1,raw/reference/REF_038.WAV,wav,d22adf1d796f90b31f81fc32161c41fa98cced337aaa22a978d1122e280e09f5,1.022,true,,,validated,true,,lumad_lingua_pronunciation_v0.2,
REF_039,reference,R001,W006,mapped,VG010,REF_039,1,raw/reference/REF_039.WAV,wav,cb1e97e1101daf589809efd3565a4107adb501fa7b1932883d51583e3954df05,0.673,true,,,validated,true,,lumad_lingua_pronunciation_v0.2,
REF_040,reference,R001,,unresolved,VG014,REF_040,1,raw/reference/REF_040.WAV,wav,92611a8757c5925d61c22c3351264091b8185ad5c59b97205c0948b8535311b5,1.579,true,,,validated,true,,lumad_lingua_pronunciation_v0.2,
REF_041,reference,R001,,unresolved,VG015,REF_041,1,raw/reference/REF_041.WAV,wav,6a0633f139c1e88a3ab3274a4e5de66699d7c5153ef503877c807ece6f05e063,0.813,true,,,validated,true,,lumad_lingua_pronunciation_v0.2,
REF_042,reference,R001,,unresolved,VG017,REF_042,1,raw/reference/REF_042.WAV,wav,78c4c423f88e7a1d60a1d19a954bee6f3aaedeed21097d88854afba11ea001dc,0.975,true,,,validated,true,,lumad_lingua_pronunciation_v0.2,
REF_043,reference,R001,,unresolved,VG018,REF_043,2,raw/reference/REF_043.WAV,wav,509747c4c42424ef41591fa5620793bb5e3f49f63c0e378d8113aa09276f1348,1.44,true,,,validated,true,,lumad_lingua_pronunciation_v0.2,
REF_044,reference,R001,,unresolved,VG018,REF_044,1,raw/reference/REF_044.WAV,wav,3d5b7afea1c04ba02a2ee398982e1be694eb18f3fbab798e1d910181baf121b0,0.813,true,,,validated,true,,lumad_lingua_pronunciation_v0.2,
REF_045,reference,R001,,unresolved,VG020,REF_045,1,raw/reference/REF_045.WAV,wav,7a98fc076ccdd1c05779b364fbfdc8233dd770023889e8589ee2383e71fd4ed7,2.786,true,,,validated,true,,lumad_lingua_pronunciation_v0.2,
REF_046,reference,R001,,unresolved,VG021,REF_046,1,raw/reference/REF_046.WAV,wav,57b7346dbd9e2cefa0bffd4fcb3c098ad2f4b3df8cb0d42126cc98a234df9067,0.743,true,,,validated,true,,lumad_lingua_pronunciation_v0.2,
REF_047,reference,R001,,unresolved,VG022,REF_047,1,raw/reference/REF_047.WAV,wav,403ed73f04eb35d021d46448b1972dba8f693ad1838a2590ac86b0d927ce6326,1.022,true,,,validated,true,,lumad_lingua_pronunciation_v0.2,
REF_048,reference,R001,W019,mapped,VG023,REF_048,1,raw/reference/REF_048.WAV,wav,ab5e3d95c2e06dc3929960f4be5f0ae986858e14b0da173be802cbfe144c1a59,0.72,true,,,validated,true,,lumad_lingua_pronunciation_v0.2,
REF_049,reference,R001,W021,mapped,VG025,REF_049,1,raw/reference/REF_049.WAV,wav,91a91294fa9af64280963582f0b2c045a0bcc18076b8ec25d51bb44ff3941f22,0.673,true,,,validated,true,,lumad_lingua_pronunciation_v0.2,
REF_050,reference,R001,,unresolved,VG026,REF_050,1,raw/reference/REF_050.WAV,wav,f84ed655a8d1a2ff7205a0e6e7c79af1e52d22b6a7d4277bbc4d2055fbd7374d,0.65,true,,,validated,true,,lumad_lingua_pronunciation_v0.2,
REF_051,reference,R001,,unresolved,VG029,REF_051,1,raw/reference/REF_051.WAV,wav,7994ab1898e5fafd7c384adbf3be5074fd765210bed79ec04f019192822b3a60,0.952,true,,,validated,true,,lumad_lingua_pronunciation_v0.2,
REF_052,reference,R001,W010,mapped,VG030,REF_052,1,raw/reference/REF_052.WAV,wav,84282bc978210e18bb17ea9e77d3f1d8d9085d3fc31432e9471a23e7b4269a7f,0.906,true,,,validated,true,,lumad_lingua_pronunciation_v0.2,
REF_053,reference,R001,,unresolved,VG031,REF_053,1,raw/reference/REF_053.WAV,wav,99f53a21e064598ab9d21d80005ec1efaa6c40b75e260ea0bf3b884ce4cdedd8,0.72,true,,,validated,true,,lumad_lingua_pronunciation_v0.2,
REF_054,reference,R001,W011,mapped,VG032,REF_054,1,raw/reference/REF_054.WAV,wav,dd1c49ee32e5db3155ca6de574c9eb49a1621c9a7231adda7ee6c787bbf97f9e,0.882,true,,,validated,true,,lumad_lingua_pronunciation_v0.2,
REF_055,reference,R001,,unresolved,VG033,REF_055,1,raw/reference/REF_055.WAV,wav,772f94209fa7501c1a399b0c357744cc6c8337835e156acd96f691fc1a8b40fd,1.115,true,,,validated,true,,lumad_lingua_pronunciation_v0.2,
REF_056,reference,R001,,unresolved,VG034,REF_056,1,raw/reference/REF_056.WAV,wav,64c24139c91e820a84fa6a09b13338f90e739ec35fb5e6cfed08e62e418076ab,1.184,true,,,validated,true,,lumad_lingua_pronunciation_v0.2,
REF_057,reference,R001,W023,mapped,VG036,REF_057,1,raw/reference/REF_057.WAV,wav,34c5f01852560186d69bc4ebaaf6ef4ba905327574521b8eed381fa4c45f3c74,0.673,true,,,validated,true,,lumad_lingua_pronunciation_v0.2,
REF_058,reference,R001,,unresolved,VG037,REF_058,1,raw/reference/REF_058.WAV,wav,689168bce8220c835eee046f27e31c5eb09b5b93c6cadb32672574563fdbca45,1.207,true,,,validated,true,,lumad_lingua_pronunciation_v0.2,
REF_059,reference,R001,,unresolved,VG038,REF_059,1,raw/reference/REF_059.WAV,wav,bdb6890af9b3b31116e62adfe7cb69f0d75699af3f6a31cce8f62ad64a3fe162,1.138,true,,,validated,true,,lumad_lingua_pronunciation_v0.2,
REF_060,reference,R001,,unresolved,VG039,REF_060,1,raw/reference/REF_060.WAV,wav,c2d8c1d32dc1c0791308741c7f2a393ae1539bb698019be8982a40a1d7842a51,0.789,true,,,validated,true,,lumad_lingua_pronunciation_v0.2,
REF_061,reference,R001,,unresolved,VG040,REF_061,1,raw/reference/REF_061.WAV,wav,f9d25af6551714844f5d5a04d6e1933f4e78a689e6f04b23f6f47fad86f69d0f,0.743,true,,,validated,true,,lumad_lingua_pronunciation_v0.2,
REF_062,reference,R001,,unresolved,VG041,REF_062,1,raw/reference/REF_062.WAV,wav,7c199c61fb2c88c1c7e20539fa3d1b3d951871016f9c8bcc47ab213739c7b910,0.789,true,,,validated,true,,lumad_lingua_pronunciation_v0.2,
REF_063,reference,R001,W025,mapped,VG044,REF_063,1,raw/reference/REF_063.WAV,wav,024aa2820649479dff3c80ef6b03ff33abd204e3e258dbd76969194a5ae864f6,0.836,true,,,validated,true,,lumad_lingua_pronunciation_v0.2,
REF_064,reference,R001,,unresolved,VG046,REF_064,1,raw/reference/REF_064.WAV,wav,423c43279fb22d5c6a345e87a43f40fee275401274e06ce5077610925699cfed,1.416,true,,,validated,true,,lumad_lingua_pronunciation_v0.2,
REF_065,reference,R001,W015,mapped,VG047,REF_065,1,raw/reference/REF_065.WAV,wav,2c8a5efac231e45d85b4c47c37a87107c5a8b4df2ea078dbb51bcdb97ab42145,1.254,true,,,validated,true,,lumad_lingua_pronunciation_v0.2,
REF_066,reference,R001,,unresolved,VG048,REF_066,2,raw/reference/REF_066.WAV,wav,dfe66507e7f7e6fd992377e36311818328ca747257abb4efaf1f99b11c8757cb,1.277,true,,,validated,true,,lumad_lingua_pronunciation_v0.2,
REF_067,reference,R001,,unresolved,VG048,REF_067,1,raw/reference/REF_067.WAV,wav,9c44d0978bb0183c655a7675bec1a6af91c62f76e9bde0089e33130bd64cc833,1.3,true,,,validated,true,,lumad_lingua_pronunciation_v0.2,
REF_068,reference,R001,,unresolved,VG050,REF_068,1,raw/reference/REF_068.WAV,wav,330f91275e4bcf9d6875708910a4f924b24bd7ee34ee9fd3fab51db08c216c4d,2.09,true,,,validated,true,,lumad_lingua_pronunciation_v0.2,
REF_069,reference,R001,,unresolved,VG049,REF_069,2,raw/reference/REF_069.WAV,wav,b4a56dd4cd2d1894e13300fd109d5110d63416890bcb342676f5fffbdd318aa9,1.254,true,,,validated,true,,lumad_lingua_pronunciation_v0.2,
REF_070,reference,R001,,unresolved,VG049,REF_070,3,raw/reference/REF_070.WAV,wav,c591c4456e3fdaa137723cda3782a01ba432ba8a78b0b3c333f6fc9265312f4e,1.254,true,,,validated,true,,lumad_lingua_pronunciation_v0.2,
REF_071,reference,R001,,unresolved,VG049,REF_071,4,raw/reference/REF_071.WAV,wav,ed7af6fb3b0cb2a080c0c8649e76f46156a8c1edb5de746118dd177b957a71d3,1.37,true,,,validated,true,,lumad_lingua_pronunciation_v0.2,
REF_072,reference,R001,,unresolved,VG049,REF_072,1,raw/reference/REF_072.WAV,wav,07cade712969ee589e22c837ee06776ede95621c39194d30772965ec177b2938,1.416,true,,,validated,true,,lumad_lingua_pronunciation_v0.2,
REF_073,reference,R001,,unresolved,VG052,REF_073,1,raw/reference/REF_073.WAV,wav,1d7c8d4fff802bf798314cd8ad9d77a99f106b5d088111ef256fd1c96acb3dac,1.95,true,,,validated,true,,lumad_lingua_pronunciation_v0.2,
REF_074,reference,R001,W026,mapped,VG054,REF_074,1,raw/reference/REF_074.WAV,wav,c5224c6065714ba2850c9eee6d129089e72158e892ace452e7b1cee8c7b83436,1.045,true,,,validated,true,,lumad_lingua_pronunciation_v0.2,
REF_075,reference,R001,,unresolved,VG055,REF_075,1,raw/reference/REF_075.WAV,wav,0ed0839184414195afc01e76fe426bc2126012b72ff6e7dbc8a5805e68e28a5a,1.347,true,,,validated,true,,lumad_lingua_pronunciation_v0.2,
REF_076,reference,R001,,unresolved,VG056,REF_076,2,raw/reference/REF_076.WAV,wav,2f43d4d01678db3b507015bc9ca9880a8fba140af5bb774b038765e0e615dd0f,0.789,true,,,validated,true,,lumad_lingua_pronunciation_v0.2,
REF_077,reference,R001,,unresolved,VG056,REF_077,1,raw/reference/REF_077.WAV,wav,e24eac8fa70ecbcd2bc856ca6dcc8f2121ee68c76b455e4c66f5559865fb03c0,0.975,true,,,validated,true,,lumad_lingua_pronunciation_v0.2,
REF_078,reference,R001,W027,mapped,VG057,REF_078,1,raw/reference/REF_078.WAV,wav,031df9353e89f6b5fe9f9ff793c6664e8f874d974457765588592573b9a266fa,0.836,true,,,validated,true,,lumad_lingua_pronunciation_v0.2,
REF_079,reference,R001,,unresolved,VG058,REF_079,1,raw/reference/REF_079.WAV,wav,60cbcc90115483bbbf9f8783caa3fcc544d42f77475aaf0f823d2422a2e20f54,1.022,true,,,validated,true,,lumad_lingua_pronunciation_v0.2,
REF_080,reference,R001,,unresolved,VG059,REF_080,1,raw/reference/REF_080.WAV,wav,afd08071d96c837c9a301566b68eb7a8a0eca90c92ac5922ef9de46d4ed500c7,0.65,true,,,validated,true,,lumad_lingua_pronunciation_v0.2,
REF_081,reference,R001,,unresolved,VG060,REF_081,1,raw/reference/REF_081.WAV,wav,3527d0a4bce97b050a74023a27ee39df68b8266d74093378f212cda5c0bd75c4,0.975,true,,,validated,true,,lumad_lingua_pronunciation_v0.2,
REF_082,reference,R001,,unresolved,VG062,REF_082,1,raw/reference/REF_082.WAV,wav,b852e6ecf25c0c48c0d1ddb29a90c3737b022391f1a39d460399c9dd630bcc7f,1.068,true,,,validated,true,,lumad_lingua_pronunciation_v0.2,
REF_083,reference,R001,,unresolved,VG064,REF_083,1,raw/reference/REF_083.WAV,wav,d62441a9e77ec0fd81b81160fe847572442af01e15d5c4f852b59d1f40271965,2.252,true,,,validated,true,,lumad_lingua_pronunciation_v0.2,
REF_084,reference,R001,,unresolved,VG065,REF_084,2,raw/reference/REF_084.WAV,wav,9738eaf020a876363b07c747c5b71c5b0d8ae035931f1683b82599be9e9ce8c1,1.068,true,,,validated,true,,lumad_lingua_pronunciation_v0.2,
REF_085,reference,R001,,unresolved,VG065,REF_085,1,raw/reference/REF_085.WAV,wav,1165f0c327f0832c394da0ce3675357b513dafb0b651b241127c0618114ac5b0,1.138,true,,,validated,true,,lumad_lingua_pronunciation_v0.2,
REF_086,reference,R001,,unresolved,VG066,REF_086,1,raw/reference/REF_086.WAV,wav,644bceaaf8a3553dc29981c35f13cb81f70cbd630a0a6be40efe4129f39f1590,1.022,true,,,validated,true,,lumad_lingua_pronunciation_v0.2,
REF_087,reference,R001,,unresolved,VG067,REF_087,1,raw/reference/REF_087.WAV,wav,2e2145c24917fd3cfdfc72b0fc6e5cd7fc91381ba2c69c4f8ab3816b049f1d0c,2.322,true,,,validated,true,,lumad_lingua_pronunciation_v0.2,
REF_088,reference,R001,,unresolved,VG068,REF_088,1,raw/reference/REF_088.WAV,wav,d0be003563e396de8e281ebc140e2209e7209e66cea99f5d76872b660afe0dee,1.881,true,,,validated,true,,lumad_lingua_pronunciation_v0.2,
REF_089,reference,R001,,unresolved,VG069,REF_089,2,raw/reference/REF_089.WAV,wav,3223233f487c60c144f1349b8829864088fb10e912b13b7b872ce67fb742c8f5,1.207,true,,,validated,true,,lumad_lingua_pronunciation_v0.2,
REF_090,reference,R001,,unresolved,VG070,REF_090,1,raw/reference/REF_090.WAV,wav,148f00eddf038ea8043fd1c4d87fbef03f7070a70ca8748d9bb4cc3543abcf67,0.975,true,,,validated,true,,lumad_lingua_pronunciation_v0.2,
REF_091,reference,R001,W028,mapped,VG071,REF_091,1,raw/reference/REF_091.WAV,wav,64d822b6a2708050bd3c96c1e2cfd3fd91e5b437497df0e31067744780c6df5f,0.906,true,,,validated,true,,lumad_lingua_pronunciation_v0.2,
REF_092,reference,R001,,unresolved,VG073,REF_092,2,raw/reference/REF_092.WAV,wav,497d6a37cd3d24664ae871402706e85966e8bc20ac5dc4f8c0c8d1d68b469a84,0.58,true,,,validated,true,,lumad_lingua_pronunciation_v0.2,
REF_093,reference,R001,,unresolved,VG074,REF_093,1,raw/reference/REF_093.WAV,wav,0b02522cbc68ae45aa2d893f7d53058a3710adfcf088e252a73c9dbbb4769762,1.254,true,,,validated,true,,lumad_lingua_pronunciation_v0.2,
REF_094,reference,R001,,unresolved,VG075,REF_094,1,raw/reference/REF_094.WAV,wav,a025e9880750e97d2b4fc7827bb010c7ef3eef495b0a5be4126b1b53562083b6,1.254,true,,,validated,true,,lumad_lingua_pronunciation_v0.2,
REF_095,reference,R001,W029,mapped,VG076,REF_095,1,raw/reference/REF_095.WAV,wav,16288432a5d23873b83eeb277ff02656d7d279a86a188bed258bf5824b277226,0.534,true,,,validated,true,,lumad_lingua_pronunciation_v0.2,
REF_096,reference,R001,,unresolved,VG077,REF_096,1,raw/reference/REF_096.WAV,wav,e02ddefc0dcddf8c70ad28a197207d19f6c35e1bd7812433c6dab10a365de156,0.952,true,,,validated,true,,lumad_lingua_pronunciation_v0.2,
REF_097,reference,R001,W030,mapped,VG078,REF_097,1,raw/reference/REF_097.WAV,wav,fb264ceea813d340dde6910623d1454cbd03f63e440c7437aa155c96d9b57b9a,0.836,true,,,validated,true,,lumad_lingua_pronunciation_v0.2,
REF_098,reference,R001,,unresolved,VG079,REF_098,1,raw/reference/REF_098.WAV,wav,74f972c25093bb75a52874b959ccd19b2c3daddbfef2cbd04ea2187b86d376f2,1.254,true,,,validated,true,,lumad_lingua_pronunciation_v0.2,
REF_099,reference,R001,W016,mapped,VG081,REF_099,1,raw/reference/REF_099.WAV,wav,ee8d9e0e4ce3da053c303147a756696bac69c84d0fc9e2725998cabe15fe062d,0.906,true,,,validated,true,,lumad_lingua_pronunciation_v0.2,
REF_100,reference,R001,,unresolved,VG082,REF_100,2,raw/reference/REF_100.WAV,wav,e74a42aedf466afb1016522d88807850b3fe27b67ff21f9f219506c9eadd4ea9,1.3,true,,,validated,true,,lumad_lingua_pronunciation_v0.2,
REF_101,reference,R001,,unresolved,VG082,REF_101,1,raw/reference/REF_101.WAV,wav,34865a2c1e9a84b667d9abb3d25617dd3868e1a3095461945cea0e4e5c161755,1.3,true,,,validated,true,,lumad_lingua_pronunciation_v0.2,
REF_102,reference,R001,,unresolved,VG083,REF_102,1,raw/reference/REF_102.WAV,wav,2fc7e8a5d2c4b9e3131d2dd861262ce961d7cb6d71ceaf608a6bf1227b4c97a6,1.741,true,,,validated,true,,lumad_lingua_pronunciation_v0.2,
REF_103,reference,R001,W032,mapped,VG084,REF_103,1,raw/reference/REF_103.WAV,wav,6e484c885ae2fefe2a1380aa558f2477bb68b9ed74485d9ffb3514d8367cbbec,0.836,true,,,validated,true,,lumad_lingua_pronunciation_v0.2,
REF_104,reference,R001,,unresolved,VG085,REF_104,1,raw/reference/REF_104.WAV,wav,e19719cfccf139755d788b27722b8fbc4fb4bcb6f8988543c84e1d1249dc1e22,1.254,true,,,validated,true,,lumad_lingua_pronunciation_v0.2,
REF_105,reference,R001,,unresolved,VG086,REF_105,1,raw/reference/REF_105.WAV,wav,aeff91ec07517593ac8486576e32c4759699a30bfbc7381647581552031de051,1.068,true,,,validated,true,,lumad_lingua_pronunciation_v0.2,
REF_106,reference,R001,W033,mapped,VG087,REF_106,1,raw/reference/REF_106.WAV,wav,3c7095f300ad9b85cbdbbc29eb0c6073b0cac7601dd51aea13a5095b028b3eb8,0.813,true,,,validated,true,,lumad_lingua_pronunciation_v0.2,
REF_107,reference,R001,,unresolved,VG088,REF_107,2,raw/reference/REF_107.WAV,wav,6f75cc9051a8906681818dd80a299792487352dcc0f5df09df054a575a61a834,1.045,true,,,validated,true,,lumad_lingua_pronunciation_v0.2,
REF_108,reference,R001,,unresolved,VG088,REF_108,1,raw/reference/REF_108.WAV,wav,98fdec3c025c59bf3c1033aea01f96d5a1f24a7cbe361a01012fa59f9ff03cbb,0.72,true,,,validated,true,,lumad_lingua_pronunciation_v0.2,
REF_109,reference,R001,,unresolved,VG089,REF_109,1,raw/reference/REF_109.WAV,wav,e9f7b5065b42d8870e044d1f434bbe238930153a489688214363215e34bc77fa,0.743,true,,,validated,true,,lumad_lingua_pronunciation_v0.2,
REF_110,reference,R001,,unresolved,VG090,REF_110,1,raw/reference/REF_110.WAV,wav,ec33ade42510a502d07ef70545b0a92bce07ea9c5efb0fd39cb79f640d682d3a,0.906,true,,,validated,true,,lumad_lingua_pronunciation_v0.2,
REF_111,reference,R001,,unresolved,VG091,REF_111,1,raw/reference/REF_111.WAV,wav,ae263039b4fd2945163d4400b7eaa73246f1ab4694ea63e76edf0e2bd4d3b25a,1.045,true,,,validated,true,,lumad_lingua_pronunciation_v0.2,
REF_112,reference,R001,,unresolved,VG092,REF_112,1,raw/reference/REF_112.WAV,wav,6961a10f7cca9870c6ad80604cf81240044e0bbcc58f60c6651ab1217a83da77,0.534,true,,,validated,true,,lumad_lingua_pronunciation_v0.2,
REF_113,reference,R001,,unresolved,VG093,REF_113,2,raw/reference/REF_113.WAV,wav,7248133322f1e0e75dfc373f581f63403d28d0b5caec8fd75bc1d83fed49f61c,0.534,true,,,validated,true,,lumad_lingua_pronunciation_v0.2,
REF_114,reference,R001,,unresolved,VG093,REF_114,3,raw/reference/REF_114.WAV,wav,a5e950826e7310d96f0abf24daebed36f5fba32bd9f0ffcb1a4f183b8680ce57,0.906,true,,,validated,true,,lumad_lingua_pronunciation_v0.2,
REF_115,reference,R001,,unresolved,VG093,REF_115,1,raw/reference/REF_115.WAV,wav,72ec9246663d3801c82005878db1ffd50c37b50bc51f9e6fb62f32a5c1c04b4f,0.72,true,,,validated,true,,lumad_lingua_pronunciation_v0.2,
REF_116,reference,R001,W036,mapped,VG097,REF_116,1,raw/reference/REF_116.WAV,wav,b31ae0b9c969b13f9a67084899851188a466f435211f180dc1652e3cd6cd17ab,0.813,true,,,validated,true,,lumad_lingua_pronunciation_v0.2,
REF_117,reference,R001,,unresolved,VG099,REF_117,1,raw/reference/REF_117.WAV,wav,c12da1b134517370224be7cae090168ca0c433358b6b3bed5c3c355160c1b3e1,0.906,true,,,validated,true,,lumad_lingua_pronunciation_v0.2,
REF_118,reference,R001,,unresolved,VG101,REF_118,1,raw/reference/REF_118.WAV,wav,7a6b505d8659eb5e66bff90143dcc8bfbeb41774a2d1fc652993d4708b35597c,0.975,true,,,validated,true,,lumad_lingua_pronunciation_v0.2,
REF_119,reference,R001,,unresolved,VG102,REF_119,1,raw/reference/REF_119.WAV,wav,0ec0d3f3c478e5ed8095facc2478dd7ed867c6b42910361593d6c4732962d8a8,0.975,true,,,validated,true,,lumad_lingua_pronunciation_v0.2,
REF_120,reference,R001,,unresolved,VG103,REF_120,1,raw/reference/REF_120.WAV,wav,ec3ed72a6661747c5f944afcb6c263eb0da5e2e6020cc803b41cd36ce6fca6cf,1.068,true,,,validated,true,,lumad_lingua_pronunciation_v0.2,
REF_121,reference,R001,,unresolved,VG104,REF_121,1,raw/reference/REF_121.WAV,wav,f215d2709befa4b9bf8fa2769553c61c94546cd2497c07a981792cf78f442525,1.022,true,,,validated,true,,lumad_lingua_pronunciation_v0.2,
REF_122,reference,R001,,unresolved,VG105,REF_122,1,raw/reference/REF_122.WAV,wav,526b2c125fd611b43079261037f6a476fce4de72d77afe73427120a98de0b4e5,0.882,true,,,validated,true,,lumad_lingua_pronunciation_v0.2,
REF_123,reference,R001,,unresolved,VG106,REF_123,1,raw/reference/REF_123.WAV,wav,f667b8bb938ac68473c7897b53309b27f967b5258b207d8787bd2eb35b982f4e,1.138,true,,,validated,true,,lumad_lingua_pronunciation_v0.2,
REF_124,reference,R001,,unresolved,VG108,REF_124,1,raw/reference/REF_124.WAV,wav,43f067cea1aa5612455d85fa38f3cd34f39c941613517f71c116832cc27d7388,0.673,true,,,validated,true,,lumad_lingua_pronunciation_v0.2,
REF_125,reference,R001,,unresolved,VG109,REF_125,1,raw/reference/REF_125.WAV,wav,5208419ee0f9c12429f088f8b12ece5f4fd9aef8a536ff24a6549d6f5287699f,1.416,true,,,validated,true,,lumad_lingua_pronunciation_v0.2,
REF_126,reference,R001,,unresolved,VG111,REF_126,1,raw/reference/REF_126.WAV,wav,d11d5dee3a68788b395e6fe6068c7e283e8ac8982b699f805ea6d2f0883df93d,1.045,true,,,validated,true,,lumad_lingua_pronunciation_v0.2,
REF_127,reference,R001,,unresolved,VG112,REF_127,1,raw/reference/REF_127.WAV,wav,7589ab882f38785dc583a92b6f941ac17c15640112519d9cb369155f75d16958,0.952,true,,,validated,true,,lumad_lingua_pronunciation_v0.2,
REF_128,reference,R001,,unresolved,VG113,REF_128,1,raw/reference/REF_128.WAV,wav,cd8ce9b786e57cfd65e6eedf213ddfcc350145387fef169174cf5a787460d753,1.022,true,,,validated,true,,lumad_lingua_pronunciation_v0.2,
