feature_file_id,recording_id,processed_file_id,processed_path,processed_sha256,preproc_id,preproc_config_hash,feature_id,feature_config_hash,output_path,output_sha256,sample_rate_hz,n_samples,duration_sec,n_frames,n_coeffs,dtype,finite,pipeline_version,status,error
FF00001,REF_001,PF00001,processed/PP001-candidate/reference/REF_001.wav,39cf5cb590ca12ebf1f3499e292911aa64b1704db563656b6bd6f3ca1682bdca,PP001,10033fde7a59ccaa91b140337df9e04315de6e077f2bef6bcd38d9d2c5dfc3d8,FE001,e823247b4daed07e916accf444921e093b1550ee5c4a55267e79e95671a1bb40,features/PP001-candidate_FE001/reference/REF_001.npy,7a2f2089978120c304628660ddf9e8722ae92eee066ea1c1462c1cc750371631,16000,12632,0.7895,77,13,float32,true,0.1.0,ok,
FF00002,REF_002,PF00002,processed/PP001-candidate/reference/REF_002.wav,ea806512e0d35ae5ef975a1412c5beabaf5fc20380a2d8dde78990159457e5ce,PP001,10033fde7a59ccaa91b140337df9e04315de6e077f2bef6bcd38d9d2c5dfc3d8,FE001,e823247b4daed07e916accf444921e093b1550ee5c4a55267e79e95671a1bb40,features/PP001-candidate_FE001/reference/REF_002.npy,7cec804ce8abe70685056ae85d12894d418d247986b921d3579a2bb078190e4f,16000,10774,0.673375,65,13,float32,true,0.1.0,ok,
FF00003,REF_003,PF00003,processed/PP001-candidate/reference/REF_003.wav,ddb70f16baaae1d1d3e8a3c8fa17abfcdd6e58541014a90acec8af4238aa6ce7,PP001,10033fde7a59ccaa91b140337df9e04315de6e077f2bef6bcd38d9d2c5dfc3d8,FE001,e823247b4daed07e916accf444921e093b1550ee5c4a55267e79e95671a1bb40,features/PP001-candidate_FE001/reference/REF_003.npy,71326712df49aab5f98e84b9d68f1fa787d7b0042f16f2eff833c6ee08be2edf,16000,13375,0.835938,82,13,float32,true,0.1.0,ok,
FF00004,REF_004,PF00004,processed/PP001-candidate/reference/REF_004.wav,c611721251c5bb6db30827ac4fbdd311a063a5e108691aefa9306bdc6005d074,PP001,10033fde7a59ccaa91b140337df9e04315de6e077f2bef6bcd38d9d2c5dfc3d8,FE001,e823247b4daed07e916accf444921e093b1550ee5c4a55267e79e95671a1bb40,features/PP001-candidate_FE001/reference/REF_004.npy,433238d3769189c667e285dff529d4043235c9a3ca7059a8fba496af2602a7bb,16000,12632,0.7895,77,13,float32,true,0.1.0,ok,
FF00005,REF_005,PF00005,processed/PP001-candidate/reference/REF_005.wav,71e02cf8298ef443a8c574be42eea7217a725d67bb1bfa210c32417ffbbe009c,PP001,10033fde7a59ccaa91b140337df9e04315de6e077f2bef6bcd38d9d2c5dfc3d8,FE001,e823247b4daed07e916accf444921e093b1550ee5c4a55267e79e95671a1bb40,features/PP001-candidate_FE001/reference/REF_005.npy,fa42412e65b37b6aef9da52785238511a3cb28d50b092784512a6613e064d45f,16000,9660,0.60375,58,13,float32,true,0.1.0,ok,
FF00006,REF_006,PF00006,processed/PP001-candidate/reference/REF_006.wav,b3ee47b88ab64b6505dfd0a47cba5cdeb337c578e4a22fd1b2a513186ce9af1c,PP001,10033fde7a59ccaa91b140337df9e04315de6e077f2bef6bcd38d9d2c5dfc3d8,FE001,e823247b4daed07e916accf444921e093b1550ee5c4a55267e79e95671a1bb40,features/PP001-candidate_FE001/reference/REF_006.npy,24b209dd9361c32aa644d6337cb9e18f310fa87c6fad7b85082bceb75c7f21b0,16000,10403,0.650188,63,13,float32,true,0.1.0,ok,
FF00007,REF_007,PF00007,processed/PP001-candidate/reference/REF_007.wav,6dfae082013e75dc562b657d70523fc8b14fa7cc508be3a358d7e389c4ad3f3a,PP001,10033fde7a59ccaa91b140337df9e04315de6e077f2bef6bcd38d9d2c5dfc3d8,FE001,e823247b4daed07e916accf444921e093b1550ee5c4a55267e79e95671a1bb40,features/PP001-candidate_FE001/reference/REF_007.npy,9686708f841aa3a15bfd19893370404d17e1cd7a2fbb0916cdf40719c67c7ef9,16000,26378,1.648625,163,13,float32,true,0.1.0,ok,
FF00008,REF_008,PF00008,processed/PP001-candidate/reference/REF_008.wav,9db2ca8146e99f3bceb4fc1056683cb1d1c445dfcbd5858f3b0bf4c323fd11ad,PP001,10033fde7a59ccaa91b140337df9e04315de6e077f2bef6bcd38d9d2c5dfc3d8,FE001,e823247b4daed07e916accf444921e093b1550ee5c4a55267e79e95671a1bb40,features/PP001-candidate_FE001/reference/REF_008.npy,1b426fd540fedac8762b222035deaead2d1658662e0e0b0e5502cac76e306124,16000,20805,1.300312,128,13,float32,true,0.1.0,ok,
FF00009,REF_009,PF00009,processed/PP001-candidate/reference/REF_009.wav,a4e7861fe59850c2ccdd34c368337fa9bde62599fa5c62600b91847a055a5e12,PP001,10033fde7a59ccaa91b140337df9e04315de6e077f2bef6bcd38d9d2c5dfc3d8,FE001,e823247b4daed07e916accf444921e093b1550ee5c4a55267e79e95671a1bb40,features/PP001-candidate_FE001/reference/REF_009.npy,a070ab6d95d2aec6056c1456e426724ef516415b6ce47478ac0643f7a7a727d7,16000,9660,0.60375,58,13,float32,true,0.1.0,ok,
FF00010,REF_010,PF00010,processed/PP001-candidate/reference/REF_010.wav,080073841ef4e89afd5f2a5555df0e6cec79d16232e035cc6f0c33fb33d604e8,PP001,10033fde7a59ccaa91b140337df9e04315de6e077f2bef6bcd38d9d2c5dfc3d8,FE001,e823247b4daed07e916accf444921e093b1550ee5c4a55267e79e95671a1bb40,features/PP001-candidate_FE001/reference/REF_010.npy,d06902e0c7c3bbb9ec572993f2b5236c0cffec4160e192139516db9b60324b7e,16000,18782,1.173875,115,13,float32,true,0.1.0,ok,
FF00011,REF_011,PF00011,processed/PP001-candidate/reference/REF_011.wav,62b7847d570a2907d7784672d76e50d636cd3c79f250feadb574e4a2dcf30cd6,PP001,10033fde7a59ccaa91b140337df9e04315de6e077f2bef6bcd38d9d2c5dfc3d8,FE001,e823247b4daed07e916accf444921e093b1550ee5c4a55267e79e95671a1bb40,features/PP001-candidate_FE001/reference/REF_011.npy,7d611c67cc5f01b301edc9c2035294011c3b52922ed0ba5dce9f3a108e575009,16000,9660,0.60375,58,13,float32,true,0.1.0,ok,
FF00012,REF_012,PF00012,processed/PP001-candidate/reference/REF_012.wav,53c5656789b8ce40e183329352fbde418f4c9e7aebe1bb5bbec337aba9e8ba71,PP001,10033fde7a59ccaa91b140337df9e04315de6e077f2bef6bcd38d9d2c5dfc3d8,FE001,e823247b4daed07e916accf444921e093b1550ee5c4a55267e79e95671a1bb40,features/PP001-candidate_FE001/reference/REF_012.npy,7e19c0d1f33dccd4f3e19cfc623fb1d13c2d010ab42932194543cb58a6873de8,16000,9660,0.60375,58,13,float32,true,0.1.0,ok,
FF00013,REF_013,PF00013,processed/PP001-candidate/reference/REF_013.wav,7d842b206b8b18cb2bd02d994b38ea5b7df22f215f2e538217b51ea8b067021c,PP001,10033fde7a59ccaa91b140337df9e04315de6e077f2bef6bcd38d9d2c5dfc3d8,FE001,e823247b4daed07e916accf444921e093b1550ee5c4a55267e79e95671a1bb40,features/PP001-candidate_FE001/reference/REF_013.npy,aee1e46c0f561c65fd104e426f982d720d1537befd017ce765bad568ed5b1dac,16000,11512,0.7195,70,13,float32,true,0.1.0,ok,
FF00014,REF_014,PF00014,processed/PP001-candidate/reference/REF_014.wav,3ed25bbd6e006abe3d12194e829721d6fd6a14a0679d649a72b0d146c6a758a2,PP001,10033fde7a59ccaa91b140337df9e04315de6e077f2bef6bcd38d9d2c5dfc3d8,FE001,e823247b4daed07e916accf444921e093b1550ee5c4a55267e79e95671a1bb40,features/PP001-candidate_FE001/reference/REF_014.npy,e8522174091b1f54ae58d58abfbbd3a3b7e80cb89e5ec5c5b6e5f9c70a1f8a80,16000,19319,1.207437,119,13,float32,true,0.1.0,ok,
FF00015,REF_015,PF00015,processed/PP001-candidate/reference/REF_015.wav,a2f00fbee8162ba1328f3283980295b16f6f62104dbff6ab8edc8d4bf8cac012,PP001,10033fde7a59ccaa91b140337df9e04315de6e077f2bef6bcd38d9d2c5dfc3d8,FE001,e823247b4daed07e916accf444921e093b1550ee5c4a55267e79e95671a1bb40,features/PP001-candidate_FE001/reference/REF_015.npy,95c9ccb56f2547f0a9e58ecfbf05b5524b5e31faaa375f6a0c7729181cafce42,16000,12480,0.78,76,13,float32,true,0.1.0,ok,
FF00016,REF_016,PF00016,processed/PP001-candidate/reference/REF_016.wav,81cb1783402a934a609da7bec90248466e81684f5ae2e1c8b281a077314c83c8,PP001,10033fde7a59ccaa91b140337df9e04315de6e077f2bef6bcd38d9d2c5dfc3d8,FE001,e823247b4daed07e916accf444921e093b1550ee5c4a55267e79e95671a1bb40,features/PP001-candidate_FE001/reference/REF_016.npy,564ef883fa9a327c0d03fc94b7c717f1c75058ed54bb66675d0165357733ce4c,16000,13375,0.835938,82,13,float32,true,0.1.0,ok,
FF00017,REF_017,PF00017,processed/PP001-candidate/reference/REF_017.wav,0a279304b9db53b4804356d42e2944dbfff54b5e680a33ce777e979fdda79b20,PP001,10033fde7a59ccaa91b140337df9e04315de6e077f2bef6bcd38d9d2c5dfc3d8,FE001,e823247b4daed07e916accf444921e093b1550ee5c4a55267e79e95671a1bb40,features/PP001-candidate_FE001/reference/REF_017.npy,9486fe3ffe2ac5f96cb6fae87cd0dcd6f7e29ac329968487dee0e2818bf9e7c9,16000,16160,1.01,99,13,float32,true,0.1.0,ok,
FF00018,REF_018,PF00018,processed/PP001-candidate/reference/REF_018.wav,bd0dfb57187399f61e2e2f12e0ea96e8501eb9b9b580f6dbd107867d4da7d97e,PP001,10033fde7a59ccaa91b140337df9e04315de6e077f2bef6bcd38d9d2c5dfc3d8,FE001,e823247b4daed07e916accf444921e093b1550ee5c4a55267e79e95671a1bb40,features/PP001-candidate_FE001/reference/REF_018.npy,0634b7b32d0ee62477b13ad95d26b5f4cb3507b4781122c1b4bbaa5704f748fc,16000,25600,1.6,158,13,float32,true,0.1.0,ok,
FF00019,REF_019,PF00019,processed/PP001-candidate/reference/REF_019.wav,677dc2d4feac3f6a16870754e5afb8e8b58aeb8006a30a0592bfda794ee34f4f,PP001,10033fde7a59ccaa91b140337df9e04315de6e077f2bef6bcd38d9d2c5dfc3d8,FE001,e823247b4daed07e916accf444921e093b1550ee5c4a55267e79e95671a1bb40,features/PP001-candidate_FE001/reference/REF_019.npy,fa0bd63b1244e3cc61e311a502de6bb5bc771f1bfc60ae96d2d892a7c5aa71b3,16000,20434,1.277125,126,13,float32,true,0.1.0,ok,
FF00020,REF_020,PF00020,processed/PP001-candidate/reference/REF_020.wav,ed88b95de7feba9730999a3a2c24a5a55eec808ae4d261ab2aaaf4f8294c1a69,PP001,10033fde7a59ccaa91b140337df9e04315de6e077f2bef6bcd38d9d2c5dfc3d8,FE001,e823247b4daed07e916accf444921e093b1550ee5c4a55267e79e95671a1bb40,features/PP001-candidate_FE001/reference/REF_020.npy,cf128b1edde3980534ba73342fb6d36cf7ac643a0548738bceaa509be1983ec2,16000,13318,0.832375,81,13,float32,true,0.1.0,ok,
FF00021,REF_021,PF00021,processed/PP001-candidate/reference/REF_021.wav,d064b0bcf95b0ff548036d3f0a4f68d94873807558a544e84f793dbcff6247dc,PP001,10033fde7a59ccaa91b140337df9e04315de6e077f2bef6bcd38d9d2c5dfc3d8,FE001,e823247b4daed07e916accf444921e093b1550ee5c4a55267e79e95671a1bb40,features/PP001-candidate_FE001/reference/REF_021.npy,2c97f75e5bf3db482d47298149da1ad518beab1915f8ea479265365d8a44d545,16000,18204,1.13775,112,13,float32,true,0.1.0,ok,
FF00022,REF_022,PF00022,processed/PP001-candidate/reference/REF_022.wav,3e89346f0a02c51a100a35dd010b774374f5ce5094590f1c34bba8f989f64867,PP001,10033fde7a59ccaa91b140337df9e04315de6e077f2bef6bcd38d9d2c5dfc3d8,FE001,e823247b4daed07e916accf444921e093b1550ee5c4a55267e79e95671a1bb40,features/PP001-candidate_FE001/reference/REF_022.npy,f20e36ec5c5e469a5f773cbf10f54a01f805c73498dd41b761b0e86bfcd7fc0d,16000,10774,0.673375,65,13,float32,true,0.1.0,ok,
FF00023,REF_023,PF00023,processed/PP001-candidate/reference/REF_023.wav,c73e3ba80ff7c5650f03e0e29ca8ddc2ad71865e6944bef40507f3dc528216cc,PP001,10033fde7a59ccaa91b140337df9e04315de6e077f2bef6bcd38d9d2c5dfc3d8,FE001,e823247b4daed07e916accf444921e093b1550ee5c4a55267e79e95671a1bb40,features/PP001-candidate_FE001/reference/REF_023.npy,6a31bac04238b4eab56e7377fcd82ccd1b8aa576be831c8bf322efb73c6f07a7,16000,11517,0.719812,70,13,float32,true,0.1.0,ok,
FF00024,REF_024,PF00024,processed/PP001-candidate/reference/REF_024.wav,23ddc899ec24db285bc65db71995c5f9ca97f3a3663384f99389309ea089f679,PP001,10033fde7a59ccaa91b140337df9e04315de6e077f2bef6bcd38d9d2c5dfc3d8,FE001,e823247b4daed07e916accf444921e093b1550ee5c4a55267e79e95671a1bb40,features/PP001-candidate_FE001/reference/REF_024.npy,08060a477390275b238e0e8c91db6e44209fdfcb565d034af67e91bb0b8495f8,16000,10774,0.673375,65,13,float32,true,0.1.0,ok,
FF00025,REF_025,PF00025,processed/PP001-candidate/reference/REF_025.wav,231b0baae7c885b157e587744f4ae7a144785d13e37247e7ad47a2a0c60dfd19,PP001,10033fde7a59ccaa91b140337df9e04315de6e077f2bef6bcd38d9d2c5dfc3d8,FE001,e823247b4daed07e916accf444921e093b1550ee5c4a55267e79e95671a1bb40,features/PP001-candidate_FE001/reference/REF_025.npy,7b02fb42dc3272b2a64919dee5ac2746a4164fe9b46f741bbee26c1119922e72,16000,24000,1.5,148,13,float32,true,0.1.0,ok,
FF00026,REF_026,PF00026,processed/PP001-candidate/reference/REF_026.wav,c0cbe18bc38ef9a8db96f49b50ada3390f864e31be56949111e03edfd1429531,PP001,10033fde7a59ccaa91b140337df9e04315de6e077f2bef6bcd38d9d2c5dfc3d8,FE001,e823247b4daed07e916accf444921e093b1550ee5c4a55267e79e95671a1bb40,features/PP001-candidate_FE001/reference/REF_026.npy,7e2893feb23a23795f1f62cd6edeaf7fea92e00676c7ccde93c41027ee479402,16000,29440,1.84,182,13,float32,true,0.1.0,ok,
FF00027,REF_027,PF00027,processed/PP001-candidate/reference/REF_027.wav,315d6af0bcf95fc3ac48d5690db375a4cad02f4dae9536d78ff2fd413e77a423,PP001,10033fde7a59ccaa91b140337df9e04315de6e077f2bef6bcd38d9d2c5dfc3d8,FE001,e823247b4daed07e916accf444921e093b1550ee5c4a55267e79e95671a1bb40,features/PP001-candidate_FE001/reference/REF_027.npy,b94284c6617d7abe706858c1feb8afaab75e5ce7b24ca7a749d235b89ee30dca,16000,20160,1.26,124,13,float32,true,0.1.0,ok,
FF00028,REF_028,PF00028,processed/PP001-candidate/reference/REF_028.wav,c4f52d41973bf6c9a50443b7f9e57c1b94a4119588629f35a77af2a81fc483fc,PP001,10033fde7a59ccaa91b140337df9e04315de6e077f2bef6bcd38d9d2c5dfc3d8,FE001,e823247b4daed07e916accf444921e093b1550ee5c4a55267e79e95671a1bb40,features/PP001-candidate_FE001/reference/REF_028.npy,4b6900362803692add3f45b83986e02e44fe36befcc28a3bbf58136dc420ea48,16000,20434,1.277125,126,13,float32,true,0.1.0,ok,
FF00029,REF_029,PF00029,processed/PP001-candidate/reference/REF_029.wav,4a0ce04609fd3e50896f53ee4572c072b03985ca7bb0007730cffb47ca43e2bd,PP001,10033fde7a59ccaa91b140337df9e04315de6e077f2bef6bcd38d9d2c5dfc3d8,FE001,e823247b4daed07e916accf444921e093b1550ee5c4a55267e79e95671a1bb40,features/PP001-candidate_FE001/reference/REF_029.npy,39938d2f6fdb11ae83ee24f321476c94763d465096edc0eac38da79e1923748f,16000,28960,1.81,179,13,float32,true,0.1.0,ok,
FF00030,REF_030,PF00030,processed/PP001-candidate/reference/REF_030.wav,93189c5ea0d9710628f912f3b4f21e44a25110bf48064ca1ddd0c8d85995d8ad,PP001,10033fde7a59ccaa91b140337df9e04315de6e077f2bef6bcd38d9d2c5dfc3d8,FE001,e823247b4daed07e916accf444921e093b1550ee5c4a55267e79e95671a1bb40,features/PP001-candidate_FE001/reference/REF_030.npy,d06be1a908cc94e21a8b542bcd8ed284c2755d71c9a94d1ece17a3e7e1319476,16000,16960,1.06,104,13,float32,true,0.1.0,ok,
FF00031,REF_031,PF00031,processed/PP001-candidate/reference/REF_031.wav,dad12e2b75783387494ac54ec73a406cc1fe3c685daf5d1e9c30211380975aa4,PP001,10033fde7a59ccaa91b140337df9e04315de6e077f2bef6bcd38d9d2c5dfc3d8,FE001,e823247b4daed07e916accf444921e093b1550ee5c4a55267e79e95671a1bb40,features/PP001-candidate_FE001/reference/REF_031.npy,c3ddde99ccf302c7e76be5a44a26dd013ffdaa6661f23263aa5f35b6d1476a76,16000,22663,1.416438,140,13,float32,true,0.1.0,ok,
FF00032,REF_032,PF00032,processed/PP001-candidate/reference/REF_032.wav,5c48f50b08bf1b1e3f136da0dc4b63f2f7898abacb1da81867cdbc3f515c7678,PP001,10033fde7a59ccaa91b140337df9e04315de6e077f2bef6bcd38d9d2c5dfc3d8,FE001,e823247b4daed07e916accf444921e093b1550ee5c4a55267e79e95671a1bb40,features/PP001-candidate_FE001/reference/REF_032.npy,03b523513f214e35a03d04326085e26a84a1fb61481e96654838efa4df76378a,16000,23932,1.49575,148,13,float32,true,0.1.0,ok,
FF00033,REF_033,PF00033,processed/PP001-candidate/reference/REF_033.wav,af60d4ed80a002a088eaec1c4e87fd99dc90cd35beca3aa347898a4b69581c06,PP001,10033fde7a59ccaa91b140337df9e04315de6e077f2bef6bcd38d9d2c5dfc3d8,FE001,e823247b4daed07e916accf444921e093b1550ee5c4a55267e79e95671a1bb40,features/PP001-candidate_FE001/reference/REF_033.npy,d4aacf6b41e6beefa5075f365622f8485c23eb3f61c54a53fac215162bc02b73,16000,28640,1.79,177,13,float32,true,0.1.0,ok,
FF00034,REF_034,PF00034,processed/PP001-candidate/reference/REF_034.wav,a6dbac872a175051b878aa2dab9cba0699c8ec8076d13ac308fd767a7883ba5c,PP001,10033fde7a59ccaa91b140337df9e04315de6e077f2bef6bcd38d9d2c5dfc3d8,FE001,e823247b4daed07e916accf444921e093b1550ee5c4a55267e79e95671a1bb40,features/PP001-candidate_FE001/reference/REF_034.npy,469a5612da25cc91f78947988b4a378a670d8457243081a6c0eca05415fb7960,16000,6400,0.4,38,13,float32,true,0.1.0,ok,
FF00035,REF_035,PF00035,processed/PP001-candidate/reference/REF_035.wav,3275555114a844523ceea8f19c2f70d0f2b97cfa50427500f28fb7c13bbb0c38,PP001,10033fde7a59ccaa91b140337df9e04315de6e077f2bef6bcd38d9d2c5dfc3d8,FE001,e823247b4daed07e916accf444921e093b1550ee5c4a55267e79e95671a1bb40,features/PP001-candidate_FE001/reference/REF_035.npy,4133a078487c5471a3d5f77c3212e54e27362b0b6a09bd8ade33a638f4c9d4ad,16000,14080,0.88,86,13,float32,true,0.1.0,ok,
FF00036,REF_036,PF00036,processed/PP001-candidate/reference/REF_036.wav,76c0f8391ad79238783882d0bfd040f85526590e6d5e2e50147268c331d9b5b8,PP001,10033fde7a59ccaa91b140337df9e04315de6e077f2bef6bcd38d9d2c5dfc3d8,FE001,e823247b4daed07e916accf444921e093b1550ee5c4a55267e79e95671a1bb40,features/PP001-candidate_FE001/reference/REF_036.npy,07a08725798c805535e1fc52d8e3fecb2751c115ba95a32b39fa5d143b258fbe,16000,8800,0.55,53,13,float32,true,0.1.0,ok,
FF00037,REF_037,PF00037,processed/PP001-candidate/reference/REF_037.wav,24e788fe3c587bd1c54ef3da0b06b0f88c3cc7074dcaf82d43b12b8d65868311,PP001,10033fde7a59ccaa91b140337df9e04315de6e077f2bef6bcd38d9d2c5dfc3d8,FE001,e823247b4daed07e916accf444921e093b1550ee5c4a55267e79e95671a1bb40,features/PP001-candidate_FE001/reference/REF_037.npy,74f49e35f5ba2f7f6739b54f8b81518593a2cfc9efbd19d4496c1208f1c026ac,16000,9660,0.60375,58,13,float32,true,0.1.0,ok,
FF00038,REF_038,PF00038,processed/PP001-candidate/reference/REF_038.wav,01e13708b0ef6567b9bcc0e981c3b4ae067d94c1599cda1b84c24d86f9f566c4,PP001,10033fde7a59ccaa91b140337df9e04315de6e077f2bef6bcd38d9d2c5dfc3d8,FE001,e823247b4daed07e916accf444921e093b1550ee5c4a55267e79e95671a1bb40,features/PP001-candidate_FE001/reference/REF_038.npy,defcce72c232a2a49f62691538e49fbaeec64a3e6c9c8f428730e20b52925d55,16000,14240,0.89,87,13,float32,true,0.1.0,ok,
FF00039,REF_039,PF00039,processed/PP001-candidate/reference/REF_039.wav,952e3e39ab4076a8c04775e257422a95b4551d61d5f3f2d598c41bf15524215a,PP001,10033fde7a59ccaa91b140337df9e04315de6e077f2bef6bcd38d9d2c5dfc3d8,FE001,e823247b4daed07e916accf444921e093b1550ee5c4a55267e79e95671a1bb40,features/PP001-candidate_FE001/reference/REF_039.npy,25effaad9c4427b4c7c1564bd8d3ddc49e6425d347bd3f01611bca0ab9f0bc4b,16000,10774,0.673375,65,13,float32,true,0.1.0,ok,
FF00040,REF_040,PF00040,processed/PP001-candidate/reference/REF_040.wav,8542adab83b3986cb843af00ccb574473350b4bae611d6b80885aab07302b27c,PP001,10033fde7a59ccaa91b140337df9e04315de6e077f2bef6bcd38d9d2c5dfc3d8,FE001,e823247b4daed07e916accf444921e093b1550ee5c4a55267e79e95671a1bb40,features/PP001-candidate_FE001/reference/REF_040.npy,c2bf2ed5a6053142c6f8f251954bc1803405c140bce029eae38ceb03b0b39d1f,16000,20960,1.31,129,13,float32,true,0.1.0,ok,
FF00041,REF_041,PF00041,processed/PP001-candidate/reference/REF_041.wav,522798d45b08789680fe9cdb9e12bb224a78fb3d54d0c36376af8c166237c64b,PP001,10033fde7a59ccaa91b140337df9e04315de6e077f2bef6bcd38d9d2c5dfc3d8,FE001,e823247b4daed07e916accf444921e093b1550ee5c4a55267e79e95671a1bb40,features/PP001-candidate_FE001/reference/REF_041.npy,67f4410c4e8df9bad0fd664dd4ad59869cd83f3fa338d5ee4902da49a6c0e7ad,16000,9440,0.59,57,13,float32,true,0.1.0,ok,
FF00042,REF_042,PF00042,processed/PP001-candidate/reference/REF_042.wav,a1e62a88a1ab8b67079fceba8c1071879658f5e1617296b0a7e42340410e131f,PP001,10033fde7a59ccaa91b140337df9e04315de6e077f2bef6bcd38d9d2c5dfc3d8,FE001,e823247b4daed07e916accf444921e093b1550ee5c4a55267e79e95671a1bb40,features/PP001-candidate_FE001/reference/REF_042.npy,8cd3d3f29815c36e56b26cbcfd7ef838bdae482b9d92ee5304ef2747bcf29713,16000,11680,0.73,71,13,float32,true,0.1.0,ok,
FF00043,REF_043,PF00043,processed/PP001-candidate/reference/REF_043.wav,3f5eb470516c7779a58719caba1a5099fa779145aa8340c5f3dd4ce4c5d18537,PP001,10033fde7a59ccaa91b140337df9e04315de6e077f2bef6bcd38d9d2c5dfc3d8,FE001,e823247b4daed07e916accf444921e093b1550ee5c4a55267e79e95671a1bb40,features/PP001-candidate_FE001/reference/REF_043.npy,852eeecc54ec267ba7e3a918cbea7e1cc52e113bdb4118ad6a9d3f81127c42c5,16000,16640,1.04,102,13,float32,true,0.1.0,ok,
FF00044,REF_044,PF00044,processed/PP001-candidate/reference/REF_044.wav,75bed84e3d2daa51dd6e3c580b7d1b1fe054464142c4c93082dbe06271825ac6,PP001,10033fde7a59ccaa91b140337df9e04315de6e077f2bef6bcd38d9d2c5dfc3d8,FE001,e823247b4daed07e916accf444921e093b1550ee5c4a55267e79e95671a1bb40,features/PP001-candidate_FE001/reference/REF_044.npy,3e552f264876586c196ec4c978a65349872b4bd56722f6f19d02d9e2547bed4b,16000,13003,0.812688,79,13,float32,true,0.1.0,ok,
FF00045,REF_045,PF00045,processed/PP001-candidate/reference/REF_045.wav,1022b4f98eb7ee7d6419d4156a8cd49cb9397bc9a86fb0ad37171dbf342b2b50,PP001,10033fde7a59ccaa91b140337df9e04315de6e077f2bef6bcd38d9d2c5dfc3d8,FE001,e823247b4daed07e916accf444921e093b1550ee5c4a55267e79e95671a1bb40,features/PP001-candidate_FE001/reference/REF_045.npy,1f9d6fb582ad0ee81b16c70dff1e86b8ac9f4d47bb4aef92fa5ca6a0a3310284,16000,39360,2.46,244,13,float32,true,0.1.0,ok,
FF00046,REF_046,PF00046,processed/PP001-candidate/reference/REF_046.wav,2e6330a208fc887f9395abdf4718d8c916fb9434f8a30e07e4d0c57c9fa1dce1,PP001,10033fde7a59ccaa91b140337df9e04315de6e077f2bef6bcd38d9d2c5dfc3d8,FE001,e823247b4daed07e916accf444921e093b1550ee5c4a55267e79e95671a1bb40,features/PP001-candidate_FE001/reference/REF_046.npy,b160d5d7ae62608fb3ba2b33f15080bcf6cfc3364720569410c4de6f8a16577a,16000,11889,0.743062,72,13,float32,true,0.1.0,ok,
FF00047,REF_047,PF00047,processed/PP001-candidate/reference/REF_047.wav,e1a7d7734a99afd11fa740823b13eb329c6f692fc090757e29a5ef5baf294979,PP001,10033fde7a59ccaa91b140337df9e04315de6e077f2bef6bcd38d9d2c5dfc3d8,FE001,e823247b4daed07e916accf444921e093b1550ee5c4a55267e79e95671a1bb40,features/PP001-candidate_FE001/reference/REF_047.npy,0d1e1541acb28a7c4469b4db63d781fb80e9d266f7601e2ec65fc82696d473e0,16000,13120,0.82,80,13,float32,true,0.1.0,ok,
FF00048,REF_048,PF00048,processed/PP001-candidate/reference/REF_048.wav,4f4529cdd5f8b0c596b93835a74796a0a0375a20110c2652cfd7e3b8d6b7ebff,PP001,10033fde7a59ccaa91b140337df9e04315de6e077f2bef6bcd38d9d2c5dfc3d8,FE001,e823247b4daed07e916accf444921e093b1550ee5c4a55267e79e95671a1bb40,features/PP001-candidate_FE001/reference/REF_048.npy,f770528ba15dc9b22c16bbad3da72cb2a749070927a2d45c736e4e820a1585ed,16000,7520,0.47,45,13,float32,true,0.1.0,ok,
FF00049,REF_049,PF00049,processed/PP001-candidate/reference/REF_049.wav,0947ad1f0b4362aadf29f00071ae940f8ff48b5eca15ca69054869110ddedb32,PP001,10033fde7a59ccaa91b140337df9e04315de6e077f2bef6bcd38d9d2c5dfc3d8,FE001,e823247b4daed07e916accf444921e093b1550ee5c4a55267e79e95671a1bb40,features/PP001-candidate_FE001/reference/REF_049.npy,b4ecf59abd06cb19d86a0517080e9f3e6b5e4914cbaf6216f4fd7ec546a8662e,16000,10774,0.673375,65,13,float32,true,0.1.0,ok,
FF00050,REF_050,PF00050,processed/PP001-candidate/reference/REF_050.wav,819efbde60601040c145e59edd88b42f88589de79d8ed3c9815c4f94237c2aee,PP001,10033fde7a59ccaa91b140337df9e04315de6e077f2bef6bcd38d9d2c5dfc3d8,FE001,e823247b4daed07e916accf444921e093b1550ee5c4a55267e79e95671a1bb40,features/PP001-candidate_FE001/reference/REF_050.npy,d9c77efaf2020405bf97dda471634431a727c52329fc45e25030ec6d8ff01b69,16000,7840,0.49,47,13,float32,true,0.1.0,ok,
FF00051,REF_051,PF00051,processed/PP001-candidate/reference/REF_051.wav,75962ea646acc07d3f7fd35fc6c116cbf4bf3900ab4789c4eee01001134e142e,PP001,10033fde7a59ccaa91b140337df9e04315de6e077f2bef6bcd38d9d2c5dfc3d8,FE001,e823247b4daed07e916accf444921e093b1550ee5c4a55267e79e95671a1bb40,features/PP001-candidate_FE001/reference/REF_051.npy,82b92a11baa9d465e35b11efecb7466c08700ff018ad2981d60e53721fdd987c,16000,13920,0.87,85,13,float32,true,0.1.0,ok,
FF00052,REF_052,PF00052,processed/PP001-candidate/reference/REF_052.wav,a007b8d7c3abc0e316f096814c0deaf8d4322d76339e10eb8a01bdcdb6b4a384,PP001,10033fde7a59ccaa91b140337df9e04315de6e077f2bef6bcd38d9d2c5dfc3d8,FE001,e823247b4daed07e916accf444921e093b1550ee5c4a55267e79e95671a1bb40,features/PP001-candidate_FE001/reference/REF_052.npy,0b0d8b4a108f599a2028d53231a1411661e07a229fc79e0ca2a19dcf4e987ab5,16000,10240,0.64,62,13,float32,true,0.1.0,ok,
FF00053,REF_053,PF00053,processed/PP001-candidate/reference/REF_053.wav,8f6e0ed7c8e1e997f217d401db81a6029c822c9433b638c97d9582c3dd2d32b1,PP001,10033fde7a59ccaa91b140337df9e04315de6e077f2bef6bcd38d9d2c5dfc3d8,FE001,e823247b4daed07e916accf444921e093b1550ee5c4a55267e79e95671a1bb40,features/PP001-candidate_FE001/reference/REF_053.npy,5efcc3a17466a904e56f28d9c0d5aa9a594325bdd1d60b4e04f434fc7cd1a960,16000,10557,0.659813,64,13,float32,true,0.1.0,ok,
FF00054,REF_054,PF00054,processed/PP001-candidate/reference/REF_054.wav,963657d948ab899d16f5ad887272a8d789042065897c57ad1744668b2e0d377e,PP001,10033fde7a59ccaa91b140337df9e04315de6e077f2bef6bcd38d9d2c5dfc3d8,FE001,e823247b4daed07e916accf444921e093b1550ee5c4a55267e79e95671a1bb40,features/PP001-candidate_FE001/reference/REF_054.npy,3dde256e3cb8288f8bcb04ac8ae36c37c32d984ca67e5fd5f511b56d9c948951,16000,9440,0.59,57,13,float32,true,0.1.0,ok,
FF00055,REF_055,PF00055,processed/PP001-candidate/reference/REF_055.wav,1155274c5d4ed4661044ab1913d65894f7ad25e0ebc9631b64cd2ddfd7a6ea2c,PP001,10033fde7a59ccaa91b140337df9e04315de6e077f2bef6bcd38d9d2c5dfc3d8,FE001,e823247b4daed07e916accf444921e093b1550ee5c4a55267e79e95671a1bb40,features/PP001-candidate_FE001/reference/REF_055.npy,3fce8d5734727247233a44405d4c49e32fd5377dd7a11c3b20f09dc837e7624a,16000,17833,1.114562,109,13,float32,true,0.1.0,ok,
FF00056,REF_056,PF00056,processed/PP001-candidate/reference/REF_056.wav,b7b3afc86caa1eb78b2afc1d17c92f36c063c62a34e92feaaa91dc9a00204e2b,PP001,10033fde7a59ccaa91b140337df9e04315de6e077f2bef6bcd38d9d2c5dfc3d8,FE001,e823247b4daed07e916accf444921e093b1550ee5c4a55267e79e95671a1bb40,features/PP001-candidate_FE001/reference/REF_056.npy,f7e73b8903b208bffab042c2fc06d6dc501b3f2ec6a9457942d1eaa69bc9f537,16000,16320,1.02,100,13,float32,true,0.1.0,ok,
FF00057,REF_057,PF00057,processed/PP001-candidate/reference/REF_057.wav,8e55ab6021264bf3c68ab069e49a773f3ef3ae043c8514721cea5434388677f7,PP001,10033fde7a59ccaa91b140337df9e04315de6e077f2bef6bcd38d9d2c5dfc3d8,FE001,e823247b4daed07e916accf444921e093b1550ee5c4a55267e79e95671a1bb40,features/PP001-candidate_FE001/reference/REF_057.npy,58c737e7d1a137ce90d6f3b8059b2f08c5b2c6ecea1d330f304256e1a7de6e73,16000,8640,0.54,52,13,float32,true,0.1.0,ok,
FF00058,REF_058,PF00058,processed/PP001-candidate/reference/REF_058.wav,8e15fb2b8c7ae7f8e4bc53352fb47652dc079cb36408b9a13d87e339a26bdc11,PP001,10033fde7a59ccaa91b140337df9e04315de6e077f2bef6bcd38d9d2c5dfc3d8,FE001,e823247b4daed07e916accf444921e093b1550ee5c4a55267e79e95671a1bb40,features/PP001-candidate_FE001/reference/REF_058.npy,2ca7357209bd54e5e2b35a659b2b4e202618fcd5e975cfc56c1edf614d4fc0ee,16000,16800,1.05,103,13,float32,true,0.1.0,ok,
FF00059,REF_059,PF00059,processed/PP001-candidate/reference/REF_059.wav,affbe00e67ddab5a1947d6c7fb6cc0bcc8b5a26fd4f9a87d514013713182db33,PP001,10033fde7a59ccaa91b140337df9e04315de6e077f2bef6bcd38d9d2c5dfc3d8,FE001,e823247b4daed07e916accf444921e093b1550ee5c4a55267e79e95671a1bb40,features/PP001-candidate_FE001/reference/REF_059.npy,fc5846e3d0846bd59dab4631729261d887715f0bcede0ccf1ee78d9a7b18c26c,16000,17280,1.08,106,13,float32,true,0.1.0,ok,
FF00060,REF_060,PF00060,processed/PP001-candidate/reference/REF_060.wav,28f50c82b262f4eabfff0472dc4bebc11f8a23782ac9ede2643d8bfdd41be329,PP001,10033fde7a59ccaa91b140337df9e04315de6e077f2bef6bcd38d9d2c5dfc3d8,FE001,e823247b4daed07e916accf444921e093b1550ee5c4a55267e79e95671a1bb40,features/PP001-candidate_FE001/reference/REF_060.npy,acaf43be80a2fb8e39ac45e801b57c3325849bd7738136c5f21fcd2b77944938,16000,11512,0.7195,70,13,float32,true,0.1.0,ok,
FF00061,REF_061,PF00061,processed/PP001-candidate/reference/REF_061.wav,518a337e9f69273b4a3e5f6784e9a84b49a738df2436db3bbe078b2772169936,PP001,10033fde7a59ccaa91b140337df9e04315de6e077f2bef6bcd38d9d2c5dfc3d8,FE001,e823247b4daed07e916accf444921e093b1550ee5c4a55267e79e95671a1bb40,features/PP001-candidate_FE001/reference/REF_061.npy,f8075ddd4ec8adaf89c7a6c1d90a3d101418c186483f079cd9546e182e4ca433,16000,10880,0.68,66,13,float32,true,0.1.0,ok,
FF00062,REF_062,PF00062,processed/PP001-candidate/reference/REF_062.wav,7f6abba19158aa1b46eeb439fbcfe9f2c95a4e63b0b77d1ab1271fc568b17dc6,PP001,10033fde7a59ccaa91b140337df9e04315de6e077f2bef6bcd38d9d2c5dfc3d8,FE001,e823247b4daed07e916accf444921e093b1550ee5c4a55267e79e95671a1bb40,features/PP001-candidate_FE001/reference/REF_062.npy,f4966bf606d4bf4a0241a2a10fa3f39029646e339c57fc305ae4899e07c217c0,16000,10392,0.6495,63,13,float32,true,0.1.0,ok,
FF00063,REF_063,PF00063,processed/PP001-candidate/reference/REF_063.wav,eafe38cba176fcad799f64b5dfb4c3580f618b4583c44eff6904a96251ecc309,PP001,10033fde7a59ccaa91b140337df9e04315de6e077f2bef6bcd38d9d2c5dfc3d8,FE001,e823247b4daed07e916accf444921e093b1550ee5c4a55267e79e95671a1bb40,features/PP001-candidate_FE001/reference/REF_063.npy,3cd0f143e8010e3caf850acb256e70cf014ca8faf2fdcb989de7595bf19593dc,16000,9280,0.58,56,13,float32,true,0.1.0,ok,
FF00064,REF_064,PF00064,processed/PP001-candidate/reference/REF_064.wav,81cf695a263b19c8860e90ccf8006beef80f6d983d7c9143a256926181e59352,PP001,10033fde7a59ccaa91b140337df9e04315de6e077f2bef6bcd38d9d2c5dfc3d8,FE001,e823247b4daed07e916accf444921e093b1550ee5c4a55267e79e95671a1bb40,features/PP001-candidate_FE001/reference/REF_064.npy,20f058a23e6bbea2cc38add74dc00a96cc44a9915e6d2185f39d3dbd43e3630a,16000,22663,1.416438,140,13,float32,true,0.1.0,ok,
FF00065,REF_065,PF00065,processed/PP001-candidate/reference/REF_065.wav,d2c5f1bc2b3980ce69bce0dec731333e24dd4ba4a6e7875c0029adc291da47b8,PP001,10033fde7a59ccaa91b140337df9e04315de6e077f2bef6bcd38d9d2c5dfc3d8,FE001,e823247b4daed07e916accf444921e093b1550ee5c4a55267e79e95671a1bb40,features/PP001-candidate_FE001/reference/REF_065.npy,c6d4a03578cc538581eac2650435e69db1a81f4ce0e1373ead04c2d689d508a9,16000,20062,1.253875,123,13,float32,true,0.1.0,ok,
FF00066,REF_066,PF00066,processed/PP001-candidate/reference/REF_066.wav,dea4a9b92289d6314ae592f7562457cf8d361eb28a25a93ab7be34f87f99c37f,PP001,10033fde7a59ccaa91b140337df9e04315de6e077f2bef6bcd38d9d2c5dfc3d8,FE001,e823247b4daed07e916accf444921e093b1550ee5c4a55267e79e95671a1bb40,features/PP001-candidate_FE001/reference/REF_066.npy,658313996145a3548f4a83238f99980d56a8b1863c64f640af89d9364c3d31d7,16000,18240,1.14,112,13,float32,true,0.1.0,ok,
FF00067,REF_067,PF00067,processed/PP001-candidate/reference/REF_067.wav,144d5646956dd1c23eb53bf35d619e9e9ed38e7b8184f4bfe732d1b3e7ed9e9c,PP001,10033fde7a59ccaa91b140337df9e04315de6e077f2bef6bcd38d9d2c5dfc3d8,FE001,e823247b4daed07e916accf444921e093b1550ee5c4a55267e79e95671a1bb40,features/PP001-candidate_FE001/reference/REF_067.npy,e31166cc1a53b0d680701f835e600cea7008d76f53d165d3fa815a27520795a5,16000,20805,1.300312,128,13,float32,true,0.1.0,ok,
FF00068,REF_068,PF00068,processed/PP001-candidate/reference/REF_068.wav,50e0fda9560e8c6843835c6eefb41b2d775e11e66db513cca3a1dca9d02430f6,PP001,10033fde7a59ccaa91b140337df9e04315de6e077f2bef6bcd38d9d2c5dfc3d8,FE001,e823247b4daed07e916accf444921e093b1550ee5c4a55267e79e95671a1bb40,features/PP001-candidate_FE001/reference/REF_068.npy,bdff30db9f0a2a53b770be15e6a6c115a3599cb31d394bcaf2e343f80b66c738,16000,31200,1.95,193,13,float32,true,0.1.0,ok,
FF00069,REF_069,PF00069,processed/PP001-candidate/reference/REF_069.wav,615355ccdb4c14aba7451e67f6877dbf92d9aad61ab520ceb504542fa8a69c7b,PP001,10033fde7a59ccaa91b140337df9e04315de6e077f2bef6bcd38d9d2c5dfc3d8,FE001,e823247b4daed07e916accf444921e093b1550ee5c4a55267e79e95671a1bb40,features/PP001-candidate_FE001/reference/REF_069.npy,d00a10fbde0214c7c85a1e7565601672026f2608a9a273a096a2581007a0daa0,16000,19040,1.19,117,13,float32,true,0.1.0,ok,
FF00070,REF_070,PF00070,processed/PP001-candidate/reference/REF_070.wav,1b58a84af61d44979dd2714930ed4687c560da7f59b4f3fdfb5f32c7531c4f3a,PP001,10033fde7a59ccaa91b140337df9e04315de6e077f2bef6bcd38d9d2c5dfc3d8,FE001,e823247b4daed07e916accf444921e093b1550ee5c4a55267e79e95671a1bb40,features/PP001-candidate_FE001/reference/REF_070.npy,98c5feed634474baacc5655f9a31a40f83c8a8077734fd4f4df048dc9e218b23,16000,18942,1.183875,116,13,float32,true,0.1.0,ok,
FF00071,REF_071,PF00071,processed/PP001-candidate/reference/REF_071.wav,2be74ca5bed4d3b8d3b5ceb60512c80d31d5885f08a09ad5c6f435ff12606da7,PP001,10033fde7a59ccaa91b140337df9e04315de6e077f2bef6bcd38d9d2c5dfc3d8,FE001,e823247b4daed07e916accf444921e093b1550ee5c4a55267e79e95671a1bb40,features/PP001-candidate_FE001/reference/REF_071.npy,bb65d6835d904e56088bde0e34c77ee012c32579b2fe48389636a7f487324858,16000,21920,1.37,135,13,float32,true,0.1.0,ok,
FF00072,REF_072,PF00072,processed/PP001-candidate/reference/REF_072.wav,642cf523041c7fb463e86734cd3459c0f328e67c2d76cdcf97733a29437c9712,PP001,10033fde7a59ccaa91b140337df9e04315de6e077f2bef6bcd38d9d2c5dfc3d8,FE001,e823247b4daed07e916accf444921e093b1550ee5c4a55267e79e95671a1bb40,features/PP001-candidate_FE001/reference/REF_072.npy,02b334adf7c89cb81070f3b6ca69fd53dffef7a84f78cf4129592db5faea3298,16000,21703,1.356437,134,13,float32,true,0.1.0,ok,
FF00073,REF_073,PF00073,processed/PP001-candidate/reference/REF_073.wav,febfe9df182f961c51a499e364caff2fbfb30ef7f50e425d9f573ec7d1000220,PP001,10033fde7a59ccaa91b140337df9e04315de6e077f2bef6bcd38d9d2c5dfc3d8,FE001,e823247b4daed07e916accf444921e093b1550ee5c4a55267e79e95671a1bb40,features/PP001-candidate_FE001/reference/REF_073.npy,6ce52318f7b4a1cc2965b9d818b67ab77de40160d9efa122105e3a052f680719,16000,29448,1.8405,182,13,float32,true,0.1.0,ok,
FF00074,REF_074,PF00074,processed/PP001-candidate/reference/REF_074.wav,bc8ad078bb742c77def142e5f291e93b14f4eb2599e5bd55f4dbc951084cb149,PP001,10033fde7a59ccaa91b140337df9e04315de6e077f2bef6bcd38d9d2c5dfc3d8,FE001,e823247b4daed07e916accf444921e093b1550ee5c4a55267e79e95671a1bb40,features/PP001-candidate_FE001/reference/REF_074.npy,a77cac9765842456febe12c1cca892ac12915d3df8469eff7525ac0a2d1f4904,16000,14478,0.904875,88,13,float32,true,0.1.0,ok,
FF00075,REF_075,PF00075,processed/PP001-candidate/reference/REF_075.wav,4557a0a5c07cd492dad98b2871e26a9fc60f205fbd75552eb4f91f42afc6aef5,PP001,10033fde7a59ccaa91b140337df9e04315de6e077f2bef6bcd38d9d2c5dfc3d8,FE001,e823247b4daed07e916accf444921e093b1550ee5c4a55267e79e95671a1bb40,features/PP001-candidate_FE001/reference/REF_075.npy,6328d93584394bf930f7e51deeb5fb6b43be135e5684d8d5c8b748391fb39044,16000,21548,1.34675,133,13,float32,true,0.1.0,ok,
FF00076,REF_076,PF00076,processed/PP001-candidate/reference/REF_076.wav,c6c64504781dd0ed7c9897703474a1920ae5b48aa0f9ac405bf52848ac75e861,PP001,10033fde7a59ccaa91b140337df9e04315de6e077f2bef6bcd38d9d2c5dfc3d8,FE001,e823247b4daed07e916accf444921e093b1550ee5c4a55267e79e95671a1bb40,features/PP001-candidate_FE001/reference/REF_076.npy,6dce8c50a3d24653efdd83be9947d008462573c3d41b0ccd385e9226cb0f15a4,16000,10560,0.66,64,13,float32,true,0.1.0,ok,
FF00077,REF_077,PF00077,processed/PP001-candidate/reference/REF_077.wav,f4186746a7653425f6a11e31a3e264d8f4e9339f7b7e8277daf9dfb7f85b2ec4,PP001,10033fde7a59ccaa91b140337df9e04315de6e077f2bef6bcd38d9d2c5dfc3d8,FE001,e823247b4daed07e916accf444921e093b1550ee5c4a55267e79e95671a1bb40,features/PP001-candidate_FE001/reference/REF_077.npy,689688cffd7c1fc24bdad6e577732997aa46e4769980fec1f3907a5a93829986,16000,9920,0.62,60,13,float32,true,0.1.0,ok,
FF00078,REF_078,PF00078,processed/PP001-candidate/reference/REF_078.wav,5c7a2cc3ad6bb3a197c0f0dbc90bad40a5d9ae080ed4325deacb7d2eac8f8322,PP001,10033fde7a59ccaa91b140337df9e04315de6e077f2bef6bcd38d9d2c5dfc3d8,FE001,e823247b4daed07e916accf444921e093b1550ee5c4a55267e79e95671a1bb40,features/PP001-candidate_FE001/reference/REF_078.npy,1b6b47a21ffafd50b96b9a8238f844e5b5ac6fbe980c6817894797c7c0aaed17,16000,12415,0.775937,76,13,float32,true,0.1.0,ok,
FF00079,REF_079,PF00079,processed/PP001-candidate/reference/REF_079.wav,2586119cce9b58d526e04063749aec477529aaede019b435f38278342467e476,PP001,10033fde7a59ccaa91b140337df9e04315de6e077f2bef6bcd38d9d2c5dfc3d8,FE001,e823247b4daed07e916accf444921e093b1550ee5c4a55267e79e95671a1bb40,features/PP001-candidate_FE001/reference/REF_079.npy,319f02cd010f46e916055a077f421a0abc6f0966d1e688d86439422c7ab92d2b,16000,12320,0.77,75,13,float32,true,0.1.0,ok,
FF00080,REF_080,PF00080,processed/PP001-candidate/reference/REF_080.wav,393893f4eb2882df62caeaecce7b9b80f8a34e74bd6d4b94d04085eeee5706d1,PP001,10033fde7a59ccaa91b140337df9e04315de6e077f2bef6bcd38d9d2c5dfc3d8,FE001,e823247b4daed07e916accf444921e093b1550ee5c4a55267e79e95671a1bb40,features/PP001-candidate_FE001/reference/REF_080.npy,ea58d128b39f3aa97508fb26c556d3259b7ee40efa380c47b12f2945730d11cb,16000,8640,0.54,52,13,float32,true,0.1.0,ok,
FF00081,REF_081,PF00081,processed/PP001-candidate/reference/REF_081.wav,da004b560ea958aee9646f2ccf81808fd1336b6016b89ffe32b2e8af6051a541,PP001,10033fde7a59ccaa91b140337df9e04315de6e077f2bef6bcd38d9d2c5dfc3d8,FE001,e823247b4daed07e916accf444921e093b1550ee5c4a55267e79e95671a1bb40,features/PP001-candidate_FE001/reference/REF_081.npy,ed8159cbed0dd2af2d6762a0a1f0bb96d2e5f5795c537ceb872d7fdf80672233,16000,12480,0.78,76,13,float32,true,0.1.0,ok,
FF00082,REF_082,PF00082,processed/PP001-candidate/reference/REF_082.wav,8caea887c714eb3540d02afd417f98d17edbc34f080a86a78bb68597cd1aad24,PP001,10033fde7a59ccaa91b140337df9e04315de6e077f2bef6bcd38d9d2c5dfc3d8,FE001,e823247b4daed07e916accf444921e093b1550ee5c4a55267e79e95671a1bb40,features/PP001-candidate_FE001/reference/REF_082.npy,e3389e3951590ae96b5faeeec9275d222ad366d88b6f6093a8a300203c857615,16000,16290,1.018125,100,13,float32,true,0.1.0,ok,
FF00083,REF_083,PF00083,processed/PP001-candidate/reference/REF_083.wav,4d911f4d9a42488fd15c32d919ef4ee463f66ec28ff5cf0f46ac23816246dfac,PP001,10033fde7a59ccaa91b140337df9e04315de6e077f2bef6bcd38d9d2c5dfc3d8,FE001,e823247b4daed07e916accf444921e093b1550ee5c4a55267e79e95671a1bb40,features/PP001-candidate_FE001/reference/REF_083.npy,192bfa772b9539188854f262017afbb53214a7add24d2023b224efcd085c2edb,16000,31840,1.99,197,13,float32,true,0.1.0,ok,
FF00084,REF_084,PF00084,processed/PP001-candidate/reference/REF_084.wav,b2cfc6e259ba08a063c88f89079a1c11bcb75e976bd977eb5995bbd437439a3e,PP001,10033fde7a59ccaa91b140337df9e04315de6e077f2bef6bcd38d9d2c5dfc3d8,FE001,e823247b4daed07e916accf444921e093b1550ee5c4a55267e79e95671a1bb40,features/PP001-candidate_FE001/reference/REF_084.npy,691f89b7bf95b7952d912ee761f387efabfd4180fcabf5707e9620350c4ee236,16000,17090,1.068125,105,13,float32,true,0.1.0,ok,
FF00085,REF_085,PF00085,processed/PP001-candidate/reference/REF_085.wav,b5592ccceaec660b9bc09885c70ca3a3db92bd19b5bdbec0ff121399c9646188,PP001,10033fde7a59ccaa91b140337df9e04315de6e077f2bef6bcd38d9d2c5dfc3d8,FE001,e823247b4daed07e916accf444921e093b1550ee5c4a55267e79e95671a1bb40,features/PP001-candidate_FE001/reference/REF_085.npy,e96d952d5f46b863b565b387aed2a8906c4c995e5556476cdaa3a88d40e3ab6f,16000,17404,1.08775,107,13,float32,true,0.1.0,ok,
FF00086,REF_086,PF00086,processed/PP001-candidate/reference/REF_086.wav,af401bf6e0d2ce95ca45572e1c071f5775ff36f5981f700afdc9283117adad12,PP001,10033fde7a59ccaa91b140337df9e04315de6e077f2bef6bcd38d9d2c5dfc3d8,FE001,e823247b4daed07e916accf444921e093b1550ee5c4a55267e79e95671a1bb40,features/PP001-candidate_FE001/reference/REF_086.npy,263f4794734b7e16c632cd0da7f6180c2e8a468032c84adf323c02b63fb7584c,16000,14400,0.9,88,13,float32,true,0.1.0,ok,
FF00087,REF_087,PF00087,processed/PP001-candidate/reference/REF_087.wav,a504bbb32e2c3714d874daac3cb90d5f14249eb5db282049fe6d3941b8897f4b,PP001,10033fde7a59ccaa91b140337df9e04315de6e077f2bef6bcd38d9d2c5dfc3d8,FE001,e823247b4daed07e916accf444921e093b1550ee5c4a55267e79e95671a1bb40,features/PP001-candidate_FE001/reference/REF_087.npy,ea61859bb8fd85f201af690beac5314a3b0f6580952de60d1c672f568097cf72,16000,32160,2.01,199,13,float32,true,0.1.0,ok,
FF00088,REF_088,PF00088,processed/PP001-candidate/reference/REF_088.wav,d12aa7814912de328ebad1815ed6f45271c0ff1f5aab3e7ce214238b3ca48a94,PP001,10033fde7a59ccaa91b140337df9e04315de6e077f2bef6bcd38d9d2c5dfc3d8,FE001,e823247b4daed07e916accf444921e093b1550ee5c4a55267e79e95671a1bb40,features/PP001-candidate_FE001/reference/REF_088.npy,3f128552a4233677c606c47f27198ea947d0145f339f8fec8871ba3a1fe8ffec,16000,24160,1.51,149,13,float32,true,0.1.0,ok,
FF00089,REF_089,PF00089,processed/PP001-candidate/reference/REF_089.wav,e061c19adb34ffac8c7a3f3ab348e1b540f82f65b4984a415e2605b4a6c546c1,PP001,10033fde7a59ccaa91b140337df9e04315de6e077f2bef6bcd38d9d2c5dfc3d8,FE001,e823247b4daed07e916accf444921e093b1550ee5c4a55267e79e95671a1bb40,features/PP001-candidate_FE001/reference/REF_089.npy,89cd1e66c9b61482f692314f9520f729ffc8b0a2f15a614f27f3f891fddd47c7,16000,18359,1.147438,113,13,float32,true,0.1.0,ok,
FF00090,REF_090,PF00090,processed/PP001-candidate/reference/REF_090.wav,dbe4514b371e6548fdea034f266a3ae743d1ec3ac0f38384280f8e3072526697,PP001,10033fde7a59ccaa91b140337df9e04315de6e077f2bef6bcd38d9d2c5dfc3d8,FE001,e823247b4daed07e916accf444921e093b1550ee5c4a55267e79e95671a1bb40,features/PP001-candidate_FE001/reference/REF_090.npy,38fe6a83fb2eb52608072b3bafe193f89ddd536acc76d43d85775fd38c5b0559,16000,12640,0.79,77,13,float32,true,0.1.0,ok,
FF00091,REF_091,PF00091,processed/PP001-candidate/reference/REF_091.wav,349a3a94eae00b48645e913377eb1f1c9116b62e87bcca4026f670c308f0ee83,PP001,10033fde7a59ccaa91b140337df9e04315de6e077f2bef6bcd38d9d2c5dfc3d8,FE001,e823247b4daed07e916accf444921e093b1550ee5c4a55267e79e95671a1bb40,features/PP001-candidate_FE001/reference/REF_091.npy,1fd83421d8e52c1ba100244a8390022c076da308d392977edbb7435bc21d8583,16000,11040,0.69,67,13,float32,true,0.1.0,ok,
FF00092,REF_092,PF00092,processed/PP001-candidate/reference/REF_092.wav,b13aad4b285afdc1e185ff91b7ef2cd6bb6d6367b3cac5f351e7ea9591bddc44,PP001,10033fde7a59ccaa91b140337df9e04315de6e077f2bef6bcd38d9d2c5dfc3d8,FE001,e823247b4daed07e916accf444921e093b1550ee5c4a55267e79e95671a1bb40,features/PP001-candidate_FE001/reference/REF_092.npy,ea11417290d838a69a1e79241611c5607bebe9e8af3f3311a76844a97b579ac6,16000,9288,0.5805,56,13,float32,true,0.1.0,ok,
FF00093,REF_093,PF00093,processed/PP001-candidate/reference/REF_093.wav,e1da0e8170292cda15d494923349303530a9b1b88fab92b37687a5088e36b0bd,PP001,10033fde7a59ccaa91b140337df9e04315de6e077f2bef6bcd38d9d2c5dfc3d8,FE001,e823247b4daed07e916accf444921e093b1550ee5c4a55267e79e95671a1bb40,features/PP001-candidate_FE001/reference/REF_093.npy,ca903cb0aec61c1054473db1a72c4d78985d2b945be4e464a2bb6a786e0f8360,16000,20062,1.253875,123,13,float32,true,0.1.0,ok,
FF00094,REF_094,PF00094,processed/PP001-candidate/reference/REF_094.wav,3ddf9fb94eddc6cb8e4f8d3cc0671b882885515f0b307ba37abe94e39179ca1a,PP001,10033fde7a59ccaa91b140337df9e04315de6e077f2bef6bcd38d9d2c5dfc3d8,FE001,e823247b4daed07e916accf444921e093b1550ee5c4a55267e79e95671a1bb40,features/PP001-candidate_FE001/reference/REF_094.npy,b58ce10aff74466eaf3fda047a0827b1da54b6187d06de49925f28977d324228,16000,20062,1.253875,123,13,float32,true,0.1.0,ok,
FF00095,REF_095,PF00095,processed/PP001-candidate/reference/REF_095.wav,954576835996af342a6f0ddecb210a82cd09c8afa490d4da76652f11e01a2ac7,PP001,10033fde7a59ccaa91b140337df9e04315de6e077f2bef6bcd38d9d2c5dfc3d8,FE001,e823247b4daed07e916accf444921e093b1550ee5c4a55267e79e95671a1bb40,features/PP001-candidate_FE001/reference/REF_095.npy,e62b7fc2dd997477dab85629b4c28085b0b91eab15d4d3fa70e293457ee6b2ad,16000,6400,0.4,38,13,float32,true,0.1.0,ok,
FF00096,REF_096,PF00096,processed/PP001-candidate/reference/REF_096.wav,256beb17c2773afc75fade1569fe18a912b5105b22dd99f5048f5a1692622a05,PP001,10033fde7a59ccaa91b140337df9e04315de6e077f2bef6bcd38d9d2c5dfc3d8,FE001,e823247b4daed07e916accf444921e093b1550ee5c4a55267e79e95671a1bb40,features/PP001-candidate_FE001/reference/REF_096.npy,4001b63b5d91ea9348fec3d4025fbd15b0f62a8e303f74f84a5e141ea88a193b,16000,12320,0.77,75,13,float32,true,0.1.0,ok,
FF00097,REF_097,PF00097,processed/PP001-candidate/reference/REF_097.wav,db21eeafecf35c0a835e8d97658d54976d08ff7c669ca43e8f769d7a96ec9cdb,PP001,10033fde7a59ccaa91b140337df9e04315de6e077f2bef6bcd38d9d2c5dfc3d8,FE001,e823247b4daed07e916accf444921e093b1550ee5c4a55267e79e95671a1bb40,features/PP001-candidate_FE001/reference/REF_097.npy,acc33873e7c3440ba1ac72e1badf37068f6bcce7d99ba9b82c527d9d05a88c5e,16000,11615,0.725938,71,13,float32,true,0.1.0,ok,
FF00098,REF_098,PF00098,processed/PP001-candidate/reference/REF_098.wav,44fef314872c596646ce63a79b8bfdb0adec6614b41f21b8809488a994f95ec9,PP001,10033fde7a59ccaa91b140337df9e04315de6e077f2bef6bcd38d9d2c5dfc3d8,FE001,e823247b4daed07e916accf444921e093b1550ee5c4a55267e79e95671a1bb40,features/PP001-candidate_FE001/reference/REF_098.npy,103ae1360c319593cfc6d6e7f2c6cb899ad3bd9b010eac14361490c96400aa45,16000,17120,1.07,105,13,float32,true,0.1.0,ok,
FF00099,REF_099,PF00099,processed/PP001-candidate/reference/REF_099.wav,f1ed84fa00b2c738cda217fb39dadee14c59c2d5c36d6c45d69135066f90ce6d,PP001,10033fde7a59ccaa91b140337df9e04315de6e077f2bef6bcd38d9d2c5dfc3d8,FE001,e823247b4daed07e916accf444921e093b1550ee5c4a55267e79e95671a1bb40,features/PP001-candidate_FE001/reference/REF_099.npy,7bbe20dcdf05ab8131a9938008db127c78ed34f74c518e3ecdc2dabd58404891,16000,13209,0.825562,81,13,float32,true,0.1.0,ok,
FF00100,REF_100,PF00100,processed/PP001-candidate/reference/REF_100.wav,ea5c41f6f2b2557035f43a3db45ba9fd29667720037ed6a4d60972c1d03764ef,PP001,10033fde7a59ccaa91b140337df9e04315de6e077f2bef6bcd38d9d2c5dfc3d8,FE001,e823247b4daed07e916accf444921e093b1550ee5c4a55267e79e95671a1bb40,features/PP001-candidate_FE001/reference/REF_100.npy,38ef0840feff14f22635d8e2335cfa1317a8f1bee827a099bc411c5e81a17d20,16000,19680,1.23,121,13,float32,true,0.1.0,ok,
FF00101,REF_101,PF00101,processed/PP001-candidate/reference/REF_101.wav,98cec257a9b52151bc3f07bb90231986ffa2cbbed3d3373c648de23ed5efc158,PP001,10033fde7a59ccaa91b140337df9e04315de6e077f2bef6bcd38d9d2c5dfc3d8,FE001,e823247b4daed07e916accf444921e093b1550ee5c4a55267e79e95671a1bb40,features/PP001-candidate_FE001/reference/REF_101.npy,04d42906cc8da09656ede3b1dd3e5b774a8971f9f9842ca8d7bb7a4925a1e458,16000,20805,1.300312,128,13,float32,true,0.1.0,ok,
FF00102,REF_102,PF00102,processed/PP001-candidate/reference/REF_102.wav,9ab2f321f646420363f16b8d0ed55d34ebf3c4470c7ec19ada2970efe958ccf1,PP001,10033fde7a59ccaa91b140337df9e04315de6e077f2bef6bcd38d9d2c5dfc3d8,FE001,e823247b4daed07e916accf444921e093b1550ee5c4a55267e79e95671a1bb40,features/PP001-candidate_FE001/reference/REF_102.npy,f0329c503aa25599028a6fc8fe93d1efe45ee4325931811fa7ad95364f3b4c6d,16000,24960,1.56,154,13,float32,true,0.1.0,ok,
FF00103,REF_103,PF00103,processed/PP001-candidate/reference/REF_103.wav,4174f7b0c48be042cb2cbf52cdffcd81692d1fce5c37d4489ee9ebd553e73f5e,PP001,10033fde7a59ccaa91b140337df9e04315de6e077f2bef6bcd38d9d2c5dfc3d8,FE001,e823247b4daed07e916accf444921e093b1550ee5c4a55267e79e95671a1bb40,features/PP001-candidate_FE001/reference/REF_103.npy,f87bf13c3f9042344916afbbb71bd53042fce8776a92fbf45ef4f180548ed891,16000,9920,0.62,60,13,float32,true,0.1.0,ok,
FF00104,REF_104,PF00104,processed/PP001-candidate/reference/REF_104.wav,781372204969dfb98195789700329df4f8e270786bce5452d2b49b0193e2d109,PP001,10033fde7a59ccaa91b140337df9e04315de6e077f2bef6bcd38d9d2c5dfc3d8,FE001,e823247b4daed07e916accf444921e093b1550ee5c4a55267e79e95671a1bb40,features/PP001-candidate_FE001/reference/REF_104.npy,c44160d9197198c512d5550899809245d2ec413839dbe3412cdd5fbec4d55230,16000,18462,1.153875,113,13,float32,true,0.1.0,ok,
FF00105,REF_105,PF00105,processed/PP001-candidate/reference/REF_105.wav,32851955762d4c6387c3a2103fe92024a5fea1301151c2fb174d32a9a4b3c116,PP001,10033fde7a59ccaa91b140337df9e04315de6e077f2bef6bcd38d9d2c5dfc3d8,FE001,e823247b4daed07e916accf444921e093b1550ee5c4a55267e79e95671a1bb40,features/PP001-candidate_FE001/reference/REF_105.npy,b4a79b9bb24c750b561f9588aa71a26adbb6a0795bdad59b59dbe1d543186579,16000,15970,0.998125,98,13,float32,true,0.1.0,ok,
FF00106,REF_106,PF00106,processed/PP001-candidate/reference/REF_106.wav,09ca5adf58825b907aba4cf812b146357b22d4da9978905a36be8f7fb9cb1779,PP001,10033fde7a59ccaa91b140337df9e04315de6e077f2bef6bcd38d9d2c5dfc3d8,FE001,e823247b4daed07e916accf444921e093b1550ee5c4a55267e79e95671a1bb40,features/PP001-candidate_FE001/reference/REF_106.npy,9a8d2477428754e1c502eb1ea6636c008fce3dee48b57349eec81fd265f092d2,16000,13003,0.812688,79,13,float32,true,0.1.0,ok,
FF00107,REF_107,PF00107,processed/PP001-candidate/reference/REF_107.wav,d85cf0fe0f196a307262eeca1292f0122a2ab6a430cf59e3f434646b20005435,PP001,10033fde7a59ccaa91b140337df9e04315de6e077f2bef6bcd38d9d2c5dfc3d8,FE001,e823247b4daed07e916accf444921e093b1550ee5c4a55267e79e95671a1bb40,features/PP001-candidate_FE001/reference/REF_107.npy,dd3c2615427ac8a79b34473f56554efbc633a6957196284c1a9762cc860af55b,16000,11520,0.72,70,13,float32,true,0.1.0,ok,
FF00108,REF_108,PF00108,processed/PP001-candidate/reference/REF_108.wav,3d7afff77b77a1a65a06d6710b227e211c142505ac582847743b64e79a1b4579,PP001,10033fde7a59ccaa91b140337df9e04315de6e077f2bef6bcd38d9d2c5dfc3d8,FE001,e823247b4daed07e916accf444921e093b1550ee5c4a55267e79e95671a1bb40,features/PP001-candidate_FE001/reference/REF_108.npy,71a972c69f3db6b40eba79d1e44ae8b1b38011589bf2652f62281052d6f498ad,16000,6240,0.39,37,13,float32,true,0.1.0,ok,
FF00109,REF_109,PF00109,processed/PP001-candidate/reference/REF_109.wav,d6dbb4f0e0699dd435b0598cdd0e8da2480846730603231a09dfaf5897dc487f,PP001,10033fde7a59ccaa91b140337df9e04315de6e077f2bef6bcd38d9d2c5dfc3d8,FE001,e823247b4daed07e916accf444921e093b1550ee5c4a55267e79e95671a1bb40,features/PP001-candidate_FE001/reference/REF_109.npy,c2117e0e1829bce2d8daecfb29bce790fee7d58d05351d163569396f7615830f,16000,10929,0.683063,66,13,float32,true,0.1.0,ok,
FF00110,REF_110,PF00110,processed/PP001-candidate/reference/REF_110.wav,392a68df1b3c84e606de92832eab573f0ddf09dcac37abe663dfb7b5e3bfb140,PP001,10033fde7a59ccaa91b140337df9e04315de6e077f2bef6bcd38d9d2c5dfc3d8,FE001,e823247b4daed07e916accf444921e093b1550ee5c4a55267e79e95671a1bb40,features/PP001-candidate_FE001/reference/REF_110.npy,33751f7ab83bb5f730221ba7efa41c2bcdf6a30061a679d2877ab3d4ebde1927,16000,14489,0.905563,89,13,float32,true,0.1.0,ok,
FF00111,REF_111,PF00111,processed/PP001-candidate/reference/REF_111.wav,1099c97768aeaf839e07196812d30c277b91c059e712eb92261348c14636de57,PP001,10033fde7a59ccaa91b140337df9e04315de6e077f2bef6bcd38d9d2c5dfc3d8,FE001,e823247b4daed07e916accf444921e093b1550ee5c4a55267e79e95671a1bb40,features/PP001-candidate_FE001/reference/REF_111.npy,2d6633144ea2af71580aa7ff71937058dedb0f277336e67ec7ee5c3200962a93,16000,16718,1.044875,102,13,float32,true,0.1.0,ok,
FF00112,REF_112,PF00112,processed/PP001-candidate/reference/REF_112.wav,5be8670d416bc92f76a7d5e1a6189580b0a871f1044252be52e0a176b6ad2c35,PP001,10033fde7a59ccaa91b140337df9e04315de6e077f2bef6bcd38d9d2c5dfc3d8,FE001,e823247b4daed07e916accf444921e093b1550ee5c4a55267e79e95671a1bb40,features/PP001-candidate_FE001/reference/REF_112.npy,d15f3817bd7486d5d1f3315f4a0f08245b82c267dd5118cc24640a13bd9a17e2,16000,8545,0.534062,51,13,float32,true,0.1.0,ok,
FF00113,REF_113,PF00113,processed/PP001-candidate/reference/REF_113.wav,4aa22e05aa53e28706a361969af83ae48aab148a21383712dd3d67a59b7ed407,PP001,10033fde7a59ccaa91b140337df9e04315de6e077f2bef6bcd38d9d2c5dfc3d8,FE001,e823247b4daed07e916accf444921e093b1550ee5c4a55267e79e95671a1bb40,features/PP001-candidate_FE001/reference/REF_113.npy,657ea475982b026618ad81d066974f9d8cb779588e0a6079dd16b087929d03b6,16000,8545,0.534062,51,13,float32,true,0.1.0,ok,
FF00114,REF_114,PF00114,processed/PP001-candidate/reference/REF_114.wav,bad1e3bb6aedd8714cd7cc87c9fd738fcad1cee27ec3364c822ccb830695be3a,PP001,10033fde7a59ccaa91b140337df9e04315de6e077f2bef6bcd38d9d2c5dfc3d8,FE001,e823247b4daed07e916accf444921e093b1550ee5c4a55267e79e95671a1bb40,features/PP001-candidate_FE001/reference/REF_114.npy,61eb732b132b69c61a5db7df1ea0af601f715426c6d2183e1fe8fd1579614d56,16000,7680,0.48,46,13,float32,true,0.1.0,ok,
FF00115,REF_115,PF00115,processed/PP001-candidate/reference/REF_115.wav,913084135d57c253ad2f1bc4207aa45c11b8b13917769fcde46703256e49c2a0,PP001,10033fde7a59ccaa91b140337df9e04315de6e077f2bef6bcd38d9d2c5dfc3d8,FE001,e823247b4daed07e916accf444921e093b1550ee5c4a55267e79e95671a1bb40,features/PP001-candidate_FE001/reference/REF_115.npy,b0b42f4eacf1206a05e3ff7de13b3fe5a2d16acba8dfd6101d9cb25e53b6ea46,16000,8160,0.51,49,13,float32,true,0.1.0,ok,
FF00116,REF_116,PF00116,processed/PP001-candidate/reference/REF_116.wav,5c73cb1aa6aab1028fbfdeb1a9f5faf8f319c77204f44fdfd25c44bd3bfc6c18,PP001,10033fde7a59ccaa91b140337df9e04315de6e077f2bef6bcd38d9d2c5dfc3d8,FE001,e823247b4daed07e916accf444921e093b1550ee5c4a55267e79e95671a1bb40,features/PP001-candidate_FE001/reference/REF_116.npy,2a9cea2cd6f736fa21405f3cce27a588ca9d4a3486ff51a6c9c87c6aa9dbff0e,16000,6720,0.42,40,13,float32,true,0.1.0,ok,
FF00117,REF_117,PF00117,processed/PP001-candidate/reference/REF_117.wav,94d24870275ff21663409a3489d8ad93cff9bab0299e0b1c482072cae5b51490,PP001,10033fde7a59ccaa91b140337df9e04315de6e077f2bef6bcd38d9d2c5dfc3d8,FE001,e823247b4daed07e916accf444921e093b1550ee5c4a55267e79e95671a1bb40,features/PP001-candidate_FE001/reference/REF_117.npy,ce52b26a0118b2d02697c660ad93a7b26812edb89c85ad08b8275250babf955b,16000,13689,0.855563,84,13,float32,true,0.1.0,ok,
FF00118,REF_118,PF00118,processed/PP001-candidate/reference/REF_118.wav,7b5e97ac76ad18b9731ae76896a2a9db75a949a2799b774d1b8080506e8ebaa6,PP001,10033fde7a59ccaa91b140337df9e04315de6e077f2bef6bcd38d9d2c5dfc3d8,FE001,e823247b4daed07e916accf444921e093b1550ee5c4a55267e79e95671a1bb40,features/PP001-candidate_FE001/reference/REF_118.npy,eb87a47d6be9c12804836c62f263e1e79cf072f19168e24f39d4c7d4d5949d68,16000,15604,0.97525,96,13,float32,true,0.1.0,ok,
FF00119,REF_119,PF00119,processed/PP001-candidate/reference/REF_119.wav,7a0c79b0d048d7db3b7aa8140d4d9ddb573afaadbeee7b955afb733d50e652b3,PP001,10033fde7a59ccaa91b140337df9e04315de6e077f2bef6bcd38d9d2c5dfc3d8,FE001,e823247b4daed07e916accf444921e093b1550ee5c4a55267e79e95671a1bb40,features/PP001-candidate_FE001/reference/REF_119.npy,6bf38c48f4e04b4a7405414f74bf5421d45b4d9106018ecb0f588fb1450188f5,16000,15604,0.97525,96,13,float32,true,0.1.0,ok,
FF00120,REF_120,PF00120,processed/PP001-candidate/reference/REF_120.wav,4a8abe789c3cb41048ede08b2ff8f760b92b5627c4eff094d7be90f2a12ee26f,PP001,10033fde7a59ccaa91b140337df9e04315de6e077f2bef6bcd38d9d2c5dfc3d8,FE001,e823247b4daed07e916accf444921e093b1550ee5c4a55267e79e95671a1bb40,features/PP001-candidate_FE001/reference/REF_120.npy,b77d8cafcfdc6668ca8f63c886e5274058a8226f4a2c8360bf411a56aa26c2b6,16000,17090,1.068125,105,13,float32,true,0.1.0,ok,
FF00121,REF_121,PF00121,processed/PP001-candidate/reference/REF_121.wav,8beec478360d99511f5e8a80c871c9287dd1205a5ec7805cfcb47b0db8970f5e,PP001,10033fde7a59ccaa91b140337df9e04315de6e077f2bef6bcd38d9d2c5dfc3d8,FE001,e823247b4daed07e916accf444921e093b1550ee5c4a55267e79e95671a1bb40,features/PP001-candidate_FE001/reference/REF_121.npy,6af9968e7d9484de1089041f09bfefee84401b19ec277a8e8ed684d3651c89d0,16000,16347,1.021688,100,13,float32,true,0.1.0,ok,
FF00122,REF_122,PF00122,processed/PP001-candidate/reference/REF_122.wav,b8b57e8417a840f94e1f6fe5100a0fd8fc10bee01d55904b07c400612bbd1676,PP001,10033fde7a59ccaa91b140337df9e04315de6e077f2bef6bcd38d9d2c5dfc3d8,FE001,e823247b4daed07e916accf444921e093b1550ee5c4a55267e79e95671a1bb40,features/PP001-candidate_FE001/reference/REF_122.npy,9df148843af7487ea00dbeb2405cef8a62e161ae1d18b6f0b9514f825c2dcbf5,16000,14118,0.882375,86,13,float32,true,0.1.0,ok,
FF00123,REF_123,PF00123,processed/PP001-candidate/reference/REF_123.wav,893ad020c5177bd3a2e65b59cadabbbe18dbfd2fbcc3843510a777fc3fae2b8e,PP001,10033fde7a59ccaa91b140337df9e04315de6e077f2bef6bcd38d9d2c5dfc3d8,FE001,e823247b4daed07e916accf444921e093b1550ee5c4a55267e79e95671a1bb40,features/PP001-candidate_FE001/reference/REF_123.npy,8f0fa7376917343b59f3543dd9858bcb7657668e79f2dc5b116d90621ea8bdd6,16000,18204,1.13775,112,13,float32,true,0.1.0,ok,
FF00124,REF_124,PF00124,processed/PP001-candidate/reference/REF_124.wav,44d5e5f3600013c3b68f18052e09adbb79adc5753e2e650e431442d6730235f3,PP001,10033fde7a59ccaa91b140337df9e04315de6e077f2bef6bcd38d9d2c5dfc3d8,FE001,e823247b4daed07e916accf444921e093b1550ee5c4a55267e79e95671a1bb40,features/PP001-candidate_FE001/reference/REF_124.npy,7de812d09cb3f1d5eaf618a7c4650d88b8271b51e2b9f393fc544370982eb26f,16000,10774,0.673375,65,13,float32,true,0.1.0,ok,
FF00125,REF_125,PF00125,processed/PP001-candidate/reference/REF_125.wav,f1c7871e702eb8d7067ca1b3e039b3df1ff72f89408ce2c7376b8cf8a46243bd,PP001,10033fde7a59ccaa91b140337df9e04315de6e077f2bef6bcd38d9d2c5dfc3d8,FE001,e823247b4daed07e916accf444921e093b1550ee5c4a55267e79e95671a1bb40,features/PP001-candidate_FE001/reference/REF_125.npy,93962ec2d548b7d336b561e2f26774d99bf3bb6f8550669c7513e49dd6c440a6,16000,20640,1.29,127,13,float32,true,0.1.0,ok,
FF00126,REF_126,PF00126,processed/PP001-candidate/reference/REF_126.wav,981a91996d339e155e2c0d0dc87d007959e676f158dce9c3b6203dc6a2d7fe58,PP001,10033fde7a59ccaa91b140337df9e04315de6e077f2bef6bcd38d9d2c5dfc3d8,FE001,e823247b4daed07e916accf444921e093b1550ee5c4a55267e79e95671a1bb40,features/PP001-candidate_FE001/reference/REF_126.npy,1e33a97e55579601fa753fe4dc19554dff60327c16655c304f30cc37315e7e96,16000,15520,0.97,95,13,float32,true,0.1.0,ok,
FF00127,REF_127,PF00127,processed/PP001-candidate/reference/REF_127.wav,0caf847506c7c384b14ef8c610168ecc10542f5a7d9e5fce1faa8d01b9af4297,PP001,10033fde7a59ccaa91b140337df9e04315de6e077f2bef6bcd38d9d2c5dfc3d8,FE001,e823247b4daed07e916accf444921e093b1550ee5c4a55267e79e95671a1bb40,features/PP001-candidate_FE001/reference/REF_127.npy,cb687ab07601f06970255d18a18796ff11508ffca30129d6c7e0aeb12a3112e7,16000,14112,0.882,86,13,float32,true,0.1.0,ok,
FF00128,REF_128,PF00128,processed/PP001-candidate/reference/REF_128.wav,2e33e60b0c82a36c130bdea8c644a0d4848e9cc29cb057a1e9cc2c5a9947c3f1,PP001,10033fde7a59ccaa91b140337df9e04315de6e077f2bef6bcd38d9d2c5dfc3d8,FE001,e823247b4daed07e916accf444921e093b1550ee5c4a55267e79e95671a1bb40,features/PP001-candidate_FE001/reference/REF_128.npy,c3c75cb5677856f4b9dd7e8ff3f5bc8ddda77c3e9d5ec421b0edae926d0f66e6,16000,12000,0.75,73,13,float32,true,0.1.0,ok,
