review_case_id,recording_ids,original_filenames,n_recordings,filename_group,display_text_from_filename,evidence_category,candidate_word_id,candidate_item_key,candidate_mansaka_text,candidate_translation_en,candidate_phonetic,candidate_pos,candidate_source,partial_token_matches,related_case_ids,reason_for_review,suggested_actions,decision,decision_target,authoritative_mansaka_text,authoritative_translation_en,takes_same_item,confirmed_by,confirmation_date,notes
RC013,REF_006,Dagom.WAV,1,VG013,Dagom,NO_PROJECT_MATCH,,,,,,,,,,no project record contains this text,CONFIRM_TEXT_NEW_ITEM (correct the spelling in authoritative_mansaka_text if the filename is wrong),,,,,,,,
RC016,REF_007,Diin kaw padlog.WAV,1,VG016,Diin kaw padlog,PARTIAL_TOKEN_CANDIDATE,,,,,,,,kaw:kaw,,no record for the whole text; some tokens are dictionary terms,CONFIRM_TEXT_NEW_ITEM,,,,,,,,
RC024,REF_009,Ingkod.WAV,1,VG024,Ingkod,NO_PROJECT_MATCH,,,,,,,,,,no project record contains this text,CONFIRM_TEXT_NEW_ITEM (correct the spelling in authoritative_mansaka_text if the filename is wrong),,,,,,,,
RC035,REF_012,Larad.WAV,1,VG035,Larad,NO_PROJECT_MATCH,,,,,,,,,,no project record contains this text,CONFIRM_TEXT_NEW_ITEM (correct the spelling in authoritative_mansaka_text if the filename is wrong),,,,,,,,
RC042,REF_013,Madaig.WAV,1,VG042,Madaig,NO_PROJECT_MATCH,,,,,,,,,,no project record contains this text,CONFIRM_TEXT_NEW_ITEM (correct the spelling in authoritative_mansaka_text if the filename is wrong),,,,,,,,
RC045,REF_015,Madyaw.WAV,1,VG045,Madyaw,SPELLING_VARIANT_CANDIDATE,,,,,,,,,RC044,similar filename text exists in another group; linguistic identity unknown,"CONFIRM_TEXT_NEW_ITEM, or SAME_AS <related case> if it is the same item",,,,,,,,
RC051,REF_016,Magasogbo.WAV,1,VG051,Magasogbo,NO_PROJECT_MATCH,,,,,,,,,,no project record contains this text,CONFIRM_TEXT_NEW_ITEM (correct the spelling in authoritative_mansaka_text if the filename is wrong),,,,,,,,
RC053,REF_017,Makaan Da kita.WAV,1,VG053,Makaan Da kita,PARTIAL_TOKEN_CANDIDATE,,,,,,,,kita:Kita/kita,,no record for the whole text; some tokens are dictionary terms,CONFIRM_TEXT_NEW_ITEM,,,,,,,,
RC061,REF_018,Nana yang kammo tuod.WAV,1,VG061,Nana yang kammo tuod,NO_PROJECT_MATCH,,,,,,,,,,no project record contains this text,CONFIRM_TEXT_NEW_ITEM (correct the spelling in authoritative_mansaka_text if the filename is wrong),,,,,,,,
RC063,REF_019,Nanang iyambong mo.WAV,1,VG063,Nanang iyambong mo,NO_PROJECT_MATCH,,,,,,,,,,no project record contains this text,CONFIRM_TEXT_NEW_ITEM (correct the spelling in authoritative_mansaka_text if the filename is wrong),,,,,,,,
RC069,REF_020;REF_089,Pagarungan.WAV | pagarungan(1).WAV,2,VG069,Pagarungan,MULTIPLE_TAKE_CANDIDATE,,,,,,,,,,2 recordings share the filename text (explicit '(n)' suffixes); confirm they are all takes of one item,takes_same_item=Y + CONFIRM_CANDIDATE (if candidate) or CONFIRM_TEXT_NEW_ITEM; takes_same_item=N + SPLIT,,,,,,,,
RC072,REF_021,Pangiyakan Ta.WAV,1,VG072,Pangiyakan Ta,NO_PROJECT_MATCH,,,,,,,,,,no project record contains this text,CONFIRM_TEXT_NEW_ITEM (correct the spelling in authoritative_mansaka_text if the filename is wrong),,,,,,,,
RC073,REF_022;REF_092,Paroda.WAV | paroda(1).WAV,2,VG073,Paroda,MULTIPLE_TAKE_CANDIDATE,,,,,,,,,,2 recordings share the filename text (explicit '(n)' suffixes); confirm they are all takes of one item,takes_same_item=Y + CONFIRM_CANDIDATE (if candidate) or CONFIRM_TEXT_NEW_ITEM; takes_same_item=N + SPLIT,,,,,,,,
RC080,REF_023,Sapi.WAV,1,VG080,Sapi,NO_PROJECT_MATCH,,,,,,,,,,no project record contains this text,CONFIRM_TEXT_NEW_ITEM (correct the spelling in authoritative_mansaka_text if the filename is wrong),,,,,,,,
RC094,REF_024,Usug.WAV,1,VG094,Usug,NO_PROJECT_MATCH,,,,,,,,,,no project record contains this text,CONFIRM_TEXT_NEW_ITEM (correct the spelling in authoritative_mansaka_text if the filename is wrong),,,,,,,,
RC095,REF_025,Wara ako akurutuy.WAV,1,VG095,Wara ako akurutuy,PARTIAL_TOKEN_CANDIDATE,,,,,,,,ako:ako,,no record for the whole text; some tokens are dictionary terms,CONFIRM_TEXT_NEW_ITEM,,,,,,,,
RC096,REF_026,Wara ko akaani yang pinggan.WAV,1,VG096,Wara ko akaani yang pinggan,PARTIAL_TOKEN_CANDIDATE,,,,,,,,ko:ko,,no record for the whole text; some tokens are dictionary terms,CONFIRM_TEXT_NEW_ITEM,,,,,,,,
RC098,REF_027;REF_028,Yaabay ko kamangun(1).WAV | Yaabay ko kamangun.WAV,2,VG098,Yaabay ko kamangun,MULTIPLE_TAKE_CANDIDATE,,,,,,,,ko:ko,,2 recordings share the filename text (explicit '(n)' suffixes); confirm they are all takes of one item,takes_same_item=Y + CONFIRM_CANDIDATE (if candidate) or CONFIRM_TEXT_NEW_ITEM; takes_same_item=N + SPLIT,,,,,,,,
RC100,REF_029,Yaga-agung ako na yaturog.WAV,1,VG100,Yaga-agung ako na yaturog,PARTIAL_TOKEN_CANDIDATE,,,,,,,,agung:agung; ako:ako,,no record for the whole text; some tokens are dictionary terms,CONFIRM_TEXT_NEW_ITEM,,,,,,,,
RC107,REF_030,Yaginurom Da kaw.WAV,1,VG107,Yaginurom Da kaw,PARTIAL_TOKEN_CANDIDATE,,,,,,,,kaw:kaw,,no record for the whole text; some tokens are dictionary terms,CONFIRM_TEXT_NEW_ITEM,,,,,,,,
RC110,REF_031;REF_032,Yanag-aruk yang mangaysu(1).WAV | Yanag-aruk yang mangaysu.WAV,2,VG110,Yanag-aruk yang mangaysu,MULTIPLE_TAKE_CANDIDATE,,,,,,,,aruk:aruk,,2 recordings share the filename text (explicit '(n)' suffixes); confirm they are all takes of one item,takes_same_item=Y + CONFIRM_CANDIDATE (if candidate) or CONFIRM_TEXT_NEW_ITEM; takes_same_item=N + SPLIT,,,,,,,,
RC001,REF_033,agtura tura ng ugbos .WAV,1,VG001,agtura tura ng ugbos,NO_PROJECT_MATCH,,,,,,,,,,no project record contains this text,CONFIRM_TEXT_NEW_ITEM (correct the spelling in authoritative_mansaka_text if the filename is wrong),,,,,,,,
RC002,REF_034,ama.WAV,1,VG002,ama,NORMALIZED_TEXT_CANDIDATE,,,ama-,,,prefix,words:2B46tmjBQQkTaoGtsuFL [term (differs only by punctuation)],,,dictionary term differs only by punctuation; identity not explicit,CONFIRM_CANDIDATE (decision_target=<doc id>) or CONFIRM_TEXT_NEW_ITEM,,,,,,,,
RC003,REF_035,amanting.WAV,1,VG003,amanting,NO_PROJECT_MATCH,,,,,,,,,,no project record contains this text,CONFIRM_TEXT_NEW_ITEM (correct the spelling in authoritative_mansaka_text if the filename is wrong),,,,,,,,
RC007,REF_037,baboo.WAV,1,VG007,baboo,NO_PROJECT_MATCH,,,,,,,,,,no project record contains this text,CONFIRM_TEXT_NEW_ITEM (correct the spelling in authoritative_mansaka_text if the filename is wrong),,,,,,,,
RC014,REF_040,dako ra yang bilas mo .WAV,1,VG014,dako ra yang bilas mo,PARTIAL_TOKEN_CANDIDATE,,,,,,,,bilas:bilas/bilas,,no record for the whole text; some tokens are dictionary terms,CONFIRM_TEXT_NEW_ITEM,,,,,,,,
RC015,REF_041,dakurat.WAV,1,VG015,dakurat,NO_PROJECT_MATCH,,,,,,,,,,no project record contains this text,CONFIRM_TEXT_NEW_ITEM (correct the spelling in authoritative_mansaka_text if the filename is wrong),,,,,,,,
RC017,REF_042,duor.WAV,1,VG017,duor,NO_PROJECT_MATCH,,,,,,,,,,no project record contains this text,CONFIRM_TEXT_NEW_ITEM (correct the spelling in authoritative_mansaka_text if the filename is wrong),,,,,,,,
RC018,REF_043;REF_044,duwambuok(1).WAV | duwambuok.WAV,2,VG018,duwambuok,MULTIPLE_TAKE_CANDIDATE,,,,,,,,,,2 recordings share the filename text (explicit '(n)' suffixes); confirm they are all takes of one item,takes_same_item=Y + CONFIRM_CANDIDATE (if candidate) or CONFIRM_TEXT_NEW_ITEM; takes_same_item=N + SPLIT,,,,,,,,
RC020,REF_045,gaakbu ako disang bintana.WAV,1,VG020,gaakbu ako disang bintana,PARTIAL_TOKEN_CANDIDATE,,,,,,,,ako:ako,,no record for the whole text; some tokens are dictionary terms,CONFIRM_TEXT_NEW_ITEM,,,,,,,,
RC021,REF_046,gauma.WAV,1,VG021,gauma,NO_PROJECT_MATCH,,,,,,,,,,no project record contains this text,CONFIRM_TEXT_NEW_ITEM (correct the spelling in authoritative_mansaka_text if the filename is wrong),,,,,,,,
RC022,REF_047,gyaring.WAV,1,VG022,gyaring,NO_PROJECT_MATCH,,,,,,,,,,no project record contains this text,CONFIRM_TEXT_NEW_ITEM (correct the spelling in authoritative_mansaka_text if the filename is wrong),,,,,,,,
RC023,REF_048,ina.WAV,1,VG023,ina,NO_PROJECT_MATCH,,,,,,,,,,no project record contains this text,CONFIRM_TEXT_NEW_ITEM (correct the spelling in authoritative_mansaka_text if the filename is wrong),,,,,,,,
RC025,REF_049,isa.WAV,1,VG025,isa,NO_PROJECT_MATCH,,,,,,,,,,no project record contains this text,CONFIRM_TEXT_NEW_ITEM (correct the spelling in authoritative_mansaka_text if the filename is wrong),,,,,,,,
RC026,REF_050,isu.WAV,1,VG026,isu,NO_PROJECT_MATCH,,,,,,,,,,no project record contains this text,CONFIRM_TEXT_NEW_ITEM (correct the spelling in authoritative_mansaka_text if the filename is wrong),,,,,,,,
RC029,REF_051,kamanggud.WAV,1,VG029,kamanggud,NO_PROJECT_MATCH,,,,,,,,,,no project record contains this text,CONFIRM_TEXT_NEW_ITEM (correct the spelling in authoritative_mansaka_text if the filename is wrong),,,,,,,,
RC031,REF_053,katumbar.WAV,1,VG031,katumbar,NO_PROJECT_MATCH,,,,,,,,,,no project record contains this text,CONFIRM_TEXT_NEW_ITEM (correct the spelling in authoritative_mansaka_text if the filename is wrong),,,,,,,,
RC033,REF_055,kinuraw muuri.WAV,1,VG033,kinuraw muuri,NO_PROJECT_MATCH,,,,,,,,,,no project record contains this text,CONFIRM_TEXT_NEW_ITEM (correct the spelling in authoritative_mansaka_text if the filename is wrong),,,,,,,,
RC034,REF_056,kyumaan da kamo.WAV,1,VG034,kyumaan da kamo,NO_PROJECT_MATCH,,,,,,,,,,no project record contains this text,CONFIRM_TEXT_NEW_ITEM (correct the spelling in authoritative_mansaka_text if the filename is wrong),,,,,,,,
RC036,REF_057,lima.WAV,1,VG036,lima,NO_PROJECT_MATCH,,,,,,,,,,no project record contains this text,CONFIRM_TEXT_NEW_ITEM (correct the spelling in authoritative_mansaka_text if the filename is wrong),,,,,,,,
RC037,REF_058,lumon na bobay.WAV,1,VG037,lumon na bobay,SPELLING_VARIANT_CANDIDATE,,,,,,,,bobay:bobay,RC090,similar filename text exists in another group; linguistic identity unknown,"CONFIRM_TEXT_NEW_ITEM, or SAME_AS <related case> if it is the same item",,,,,,,,
RC038,REF_059,lumon na usug.WAV,1,VG038,lumon na usug,NO_PROJECT_MATCH,,,,,,,,,,no project record contains this text,CONFIRM_TEXT_NEW_ITEM (correct the spelling in authoritative_mansaka_text if the filename is wrong),,,,,,,,
RC039,REF_060,lutya.WAV,1,VG039,lutya,NO_PROJECT_MATCH,,,,,,,,,,no project record contains this text,CONFIRM_TEXT_NEW_ITEM (correct the spelling in authoritative_mansaka_text if the filename is wrong),,,,,,,,
RC040,REF_061,lyurot.WAV,1,VG040,lyurot,NO_PROJECT_MATCH,,,,,,,,,,no project record contains this text,CONFIRM_TEXT_NEW_ITEM (correct the spelling in authoritative_mansaka_text if the filename is wrong),,,,,,,,
RC041,REF_062,maanog.WAV,1,VG041,maanog,NO_PROJECT_MATCH,,,,,,,,,,no project record contains this text,CONFIRM_TEXT_NEW_ITEM (correct the spelling in authoritative_mansaka_text if the filename is wrong),,,,,,,,
RC044,REF_063,madayaw.WAV,1,VG044,madayaw,SPELLING_VARIANT_CANDIDATE,,,,,,,,,RC045,similar filename text exists in another group; linguistic identity unknown,"CONFIRM_TEXT_NEW_ITEM, or SAME_AS <related case> if it is the same item",,,,,,,,
RC046,REF_064,madyaw na allaw.WAV,1,VG046,madyaw na allaw,VOICE_SUBMISSION_TRANSCRIPT_CANDIDATE,,,Madyaw na Allaw!,Good Day!,,,voice_submissions:aNukTRAj9bhGmkCzlELK [transcript/title (status approved)],allaw:allaw,,only a community voice-submission transcript matches (not curated vocabulary),CONFIRM_TEXT_NEW_ITEM (fix spelling/translation if needed),,,,,,,,
RC048,REF_066;REF_067,madyaw na gabila(1).WAV | madyaw na gabila.WAV,2,VG048,madyaw na gabila,MULTIPLE_TAKE_CANDIDATE,,lesson_item:madyaw na gabila,Madyaw na gabila,Good afternoon,,,"lessons:6pXuOdANtl5dST82kBLe;HbXBeytkOIijuP0L81VC [tasks (matching, multipleChoice, sentenceReordering, vocabulary; lessons: Greetings 1, Greetings 2)]",,VG047,2 recordings share the filename text (explicit '(n)' suffixes); confirm they are all takes of one item; base text has EXACT_LESSON_ITEM_UNIQUE evidence,takes_same_item=Y + CONFIRM_CANDIDATE (if candidate) or CONFIRM_TEXT_NEW_ITEM; takes_same_item=N + SPLIT,,,,,,,,
RC049,REF_069;REF_070;REF_071;REF_072,madyaw na masurom(1).WAV | madyaw na masurom(2).WAV | madyaw na masurom(3).WAV | madyaw na masurom.WAV,4,VG049,madyaw na masurom,MULTIPLE_TAKE_CANDIDATE,,lesson_item:madyaw na masurom,Madyaw na masurom,Good morning,,,"lessons:6pXuOdANtl5dST82kBLe;HbXBeytkOIijuP0L81VC [tasks (matching, multipleChoice, sentenceReordering, vocabulary; lessons: Greetings 1, Greetings 2)]",,,4 recordings share the filename text (explicit '(n)' suffixes); confirm they are all takes of one item; base text has EXACT_LESSON_ITEM_UNIQUE evidence,takes_same_item=Y + CONFIRM_CANDIDATE (if candidate) or CONFIRM_TEXT_NEW_ITEM; takes_same_item=N + SPLIT,,,,,,,,
RC050,REF_068,madyaw na masurom kariko.WAV,1,VG050,madyaw na masurom kariko,NO_PROJECT_MATCH,,,,,,,,,,no project record contains this text,CONFIRM_TEXT_NEW_ITEM (correct the spelling in authoritative_mansaka_text if the filename is wrong),,,,,,,,
RC052,REF_073,magsandayong pa ko atong tubod.WAV,1,VG052,magsandayong pa ko atong tubod,PARTIAL_TOKEN_CANDIDATE,,,,,,,,ko:ko,,no record for the whole text; some tokens are dictionary terms,CONFIRM_TEXT_NEW_ITEM,,,,,,,,
RC054,REF_074,makagwas.WAV,1,VG054,makagwas,NO_PROJECT_MATCH,,,,,,,,,,no project record contains this text,CONFIRM_TEXT_NEW_ITEM (correct the spelling in authoritative_mansaka_text if the filename is wrong),,,,,,,,
RC055,REF_075,makator yang ulo ko.WAV,1,VG055,makator yang ulo ko,PARTIAL_TOKEN_CANDIDATE,,,,,,,,ko:ko,,no record for the whole text; some tokens are dictionary terms,CONFIRM_TEXT_NEW_ITEM,,,,,,,,
RC056,REF_076;REF_077,mangud(1).WAV | mangud.WAV,2,VG056,mangud,MULTIPLE_TAKE_CANDIDATE,,,,,,,,,,2 recordings share the filename text (explicit '(n)' suffixes); confirm they are all takes of one item,takes_same_item=Y + CONFIRM_CANDIDATE (if candidate) or CONFIRM_TEXT_NEW_ITEM; takes_same_item=N + SPLIT,,,,,,,,
RC057,REF_078,maparaat.WAV,1,VG057,maparaat,NO_PROJECT_MATCH,,,,,,,,,,no project record contains this text,CONFIRM_TEXT_NEW_ITEM (correct the spelling in authoritative_mansaka_text if the filename is wrong),,,,,,,,
RC058,REF_079,marutuy.WAV,1,VG058,marutuy,NO_PROJECT_MATCH,,,,,,,,,,no project record contains this text,CONFIRM_TEXT_NEW_ITEM (correct the spelling in authoritative_mansaka_text if the filename is wrong),,,,,,,,
RC059,REF_080,mataba.WAV,1,VG059,mataba,NO_PROJECT_MATCH,,,,,,,,,,no project record contains this text,CONFIRM_TEXT_NEW_ITEM (correct the spelling in authoritative_mansaka_text if the filename is wrong),,,,,,,,
RC060,REF_081,na naan.WAV,1,VG060,na naan,NO_PROJECT_MATCH,,,,,,,,,,no project record contains this text,CONFIRM_TEXT_NEW_ITEM (correct the spelling in authoritative_mansaka_text if the filename is wrong),,,,,,,,
RC062,REF_082,nanang gawbok.WAV,1,VG062,nanang gawbok,NO_PROJECT_MATCH,,,,,,,,,,no project record contains this text,CONFIRM_TEXT_NEW_ITEM (correct the spelling in authoritative_mansaka_text if the filename is wrong),,,,,,,,
RC064,REF_083,nanang tuod parandong.WAV,1,VG064,nanang tuod parandong,NO_PROJECT_MATCH,,,,,,,,,,no project record contains this text,CONFIRM_TEXT_NEW_ITEM (correct the spelling in authoritative_mansaka_text if the filename is wrong),,,,,,,,
RC065,REF_084;REF_085,nanang uram mayo(1).WAV | nanang uram mayo.WAV,2,VG065,nanang uram mayo,MULTIPLE_TAKE_CANDIDATE,,,,,,,,,,2 recordings share the filename text (explicit '(n)' suffixes); confirm they are all takes of one item,takes_same_item=Y + CONFIRM_CANDIDATE (if candidate) or CONFIRM_TEXT_NEW_ITEM; takes_same_item=N + SPLIT,,,,,,,,
RC066,REF_086,nangakaw.WAV,1,VG066,nangakaw,NO_PROJECT_MATCH,,,,,,,,,,no project record contains this text,CONFIRM_TEXT_NEW_ITEM (correct the spelling in authoritative_mansaka_text if the filename is wrong),,,,,,,,
RC067,REF_087,nangamang pak ng kayamas.WAV,1,VG067,nangamang pak ng kayamas,NO_PROJECT_MATCH,,,,,,,,,,no project record contains this text,CONFIRM_TEXT_NEW_ITEM (correct the spelling in authoritative_mansaka_text if the filename is wrong),,,,,,,,
RC068,REF_088,niyanluluto ng ina mo .WAV,1,VG068,niyanluluto ng ina mo,NO_PROJECT_MATCH,,,,,,,,,,no project record contains this text,CONFIRM_TEXT_NEW_ITEM (correct the spelling in authoritative_mansaka_text if the filename is wrong),,,,,,,,
RC070,REF_090,pagsugbo.WAV,1,VG070,pagsugbo,NO_PROJECT_MATCH,,,,,,,,,,no project record contains this text,CONFIRM_TEXT_NEW_ITEM (correct the spelling in authoritative_mansaka_text if the filename is wrong),,,,,,,,
RC071,REF_091,pakal.WAV,1,VG071,pakal,NO_PROJECT_MATCH,,,,,,,,,,no project record contains this text,CONFIRM_TEXT_NEW_ITEM (correct the spelling in authoritative_mansaka_text if the filename is wrong),,,,,,,,
RC074,REF_093,pasaylowak doon.WAV,1,VG074,pasaylowak doon,SPELLING_VARIANT_CANDIDATE,,,,,,,,,RC075,similar filename text exists in another group; linguistic identity unknown,"CONFIRM_TEXT_NEW_ITEM, or SAME_AS <related case> if it is the same item",,,,,,,,
RC075,REF_094,pasayluwak doon.WAV,1,VG075,pasayluwak doon,SPELLING_VARIANT_CANDIDATE,,,,,,,,,RC074,similar filename text exists in another group; linguistic identity unknown,"CONFIRM_TEXT_NEW_ITEM, or SAME_AS <related case> if it is the same item",,,,,,,,
RC076,REF_095,pito.WAV,1,VG076,pito,NO_PROJECT_MATCH,,,,,,,,,,no project record contains this text,CONFIRM_TEXT_NEW_ITEM (correct the spelling in authoritative_mansaka_text if the filename is wrong),,,,,,,,
RC077,REF_096,sampuro.WAV,1,VG077,sampuro,NO_PROJECT_MATCH,,,,,,,,,,no project record contains this text,CONFIRM_TEXT_NEW_ITEM (correct the spelling in authoritative_mansaka_text if the filename is wrong),,,,,,,,
RC078,REF_097,sandok.WAV,1,VG078,sandok,NO_PROJECT_MATCH,,,,,,,,,,no project record contains this text,CONFIRM_TEXT_NEW_ITEM (correct the spelling in authoritative_mansaka_text if the filename is wrong),,,,,,,,
RC079,REF_098,sang kanlaw.WAV,1,VG079,sang kanlaw,NO_PROJECT_MATCH,,,,,,,,,,no project record contains this text,CONFIRM_TEXT_NEW_ITEM (correct the spelling in authoritative_mansaka_text if the filename is wrong),,,,,,,,
RC082,REF_100;REF_101,sining bapa mo(1).WAV | sining bapa mo.WAV,2,VG082,sining bapa mo,MULTIPLE_TAKE_CANDIDATE,,,,,,,,bapa:bapa,,2 recordings share the filename text (explicit '(n)' suffixes); confirm they are all takes of one item,takes_same_item=Y + CONFIRM_CANDIDATE (if candidate) or CONFIRM_TEXT_NEW_ITEM; takes_same_item=N + SPLIT,,,,,,,,
RC083,REF_102,sining gadiyaga kanmo.WAV,1,VG083,sining gadiyaga kanmo,PARTIAL_TOKEN_CANDIDATE,,,,,,,,kanmo:kanmo,,no record for the whole text; some tokens are dictionary terms,CONFIRM_TEXT_NEW_ITEM,,,,,,,,
RC084,REF_103,siyam.WAV,1,VG084,siyam,NO_PROJECT_MATCH,,,,,,,,,,no project record contains this text,CONFIRM_TEXT_NEW_ITEM (correct the spelling in authoritative_mansaka_text if the filename is wrong),,,,,,,,
RC085,REF_104,tabi di saan.WAV,1,VG085,tabi di saan,NO_PROJECT_MATCH,,,,,,,,,,no project record contains this text,CONFIRM_TEXT_NEW_ITEM (correct the spelling in authoritative_mansaka_text if the filename is wrong),,,,,,,,
RC086,REF_105,tabi kanmo.WAV,1,VG086,tabi kanmo,PARTIAL_TOKEN_CANDIDATE,,,,,,,,kanmo:kanmo,,no record for the whole text; some tokens are dictionary terms,CONFIRM_TEXT_NEW_ITEM,,,,,,,,
RC087,REF_106,tabidak.WAV,1,VG087,tabidak,NO_PROJECT_MATCH,,,,,,,,,,no project record contains this text,CONFIRM_TEXT_NEW_ITEM (correct the spelling in authoritative_mansaka_text if the filename is wrong),,,,,,,,
RC088,REF_107;REF_108,turo(1).WAV | turo.WAV,2,VG088,turo,MULTIPLE_TAKE_CANDIDATE,,,,,,,,,,2 recordings share the filename text (explicit '(n)' suffixes); confirm they are all takes of one item,takes_same_item=Y + CONFIRM_CANDIDATE (if candidate) or CONFIRM_TEXT_NEW_ITEM; takes_same_item=N + SPLIT,,,,,,,,
RC089,REF_109,ulloy.WAV,1,VG089,ulloy,NO_PROJECT_MATCH,,,,,,,,,,no project record contains this text,CONFIRM_TEXT_NEW_ITEM (correct the spelling in authoritative_mansaka_text if the filename is wrong),,,,,,,,
RC090,REF_110,umpo na bobay.WAV,1,VG090,umpo na bobay,SPELLING_VARIANT_CANDIDATE,,,,,,,,bobay:bobay,RC037,similar filename text exists in another group; linguistic identity unknown,"CONFIRM_TEXT_NEW_ITEM, or SAME_AS <related case> if it is the same item",,,,,,,,
RC091,REF_111,umpu na usug.WAV,1,VG091,umpu na usug,NO_PROJECT_MATCH,,,,,,,,,,no project record contains this text,CONFIRM_TEXT_NEW_ITEM (correct the spelling in authoritative_mansaka_text if the filename is wrong),,,,,,,,
RC092,REF_112,unom.WAV,1,VG092,unom,NO_PROJECT_MATCH,,,,,,,,,,no project record contains this text,CONFIRM_TEXT_NEW_ITEM (correct the spelling in authoritative_mansaka_text if the filename is wrong),,,,,,,,
RC093,REF_113;REF_114;REF_115,upat(1).WAV | upat(2).WAV | upat.WAV,3,VG093,upat,MULTIPLE_TAKE_CANDIDATE,,,,,,,,,,3 recordings share the filename text (explicit '(n)' suffixes); confirm they are all takes of one item,takes_same_item=Y + CONFIRM_CANDIDATE (if candidate) or CONFIRM_TEXT_NEW_ITEM; takes_same_item=N + SPLIT,,,,,,,,
RC097,REF_116,waro.WAV,1,VG097,waro,NO_PROJECT_MATCH,,,,,,,,,,no project record contains this text,CONFIRM_TEXT_NEW_ITEM (correct the spelling in authoritative_mansaka_text if the filename is wrong),,,,,,,,
RC099,REF_117,yadaragan.WAV,1,VG099,yadaragan,NO_PROJECT_MATCH,,,,,,,,,,no project record contains this text,CONFIRM_TEXT_NEW_ITEM (correct the spelling in authoritative_mansaka_text if the filename is wrong),,,,,,,,
RC101,REF_118,yagabasa.WAV,1,VG101,yagabasa,NO_PROJECT_MATCH,,,,,,,,,,no project record contains this text,CONFIRM_TEXT_NEW_ITEM (correct the spelling in authoritative_mansaka_text if the filename is wrong),,,,,,,,
RC102,REF_119,yagakanta.WAV,1,VG102,yagakanta,NO_PROJECT_MATCH,,,,,,,,,,no project record contains this text,CONFIRM_TEXT_NEW_ITEM (correct the spelling in authoritative_mansaka_text if the filename is wrong),,,,,,,,
RC103,REF_120,yagasagda.WAV,1,VG103,yagasagda,NO_PROJECT_MATCH,,,,,,,,,,no project record contains this text,CONFIRM_TEXT_NEW_ITEM (correct the spelling in authoritative_mansaka_text if the filename is wrong),,,,,,,,
RC104,REF_121,yagasayaw.WAV,1,VG104,yagasayaw,NO_PROJECT_MATCH,,,,,,,,,,no project record contains this text,CONFIRM_TEXT_NEW_ITEM (correct the spelling in authoritative_mansaka_text if the filename is wrong),,,,,,,,
RC105,REF_122,yagasurat.WAV,1,VG105,yagasurat,NO_PROJECT_MATCH,,,,,,,,,,no project record contains this text,CONFIRM_TEXT_NEW_ITEM (correct the spelling in authoritative_mansaka_text if the filename is wrong),,,,,,,,
RC106,REF_123,yagaugas.WAV,1,VG106,yagaugas,NO_PROJECT_MATCH,,,,,,,,,,no project record contains this text,CONFIRM_TEXT_NEW_ITEM (correct the spelling in authoritative_mansaka_text if the filename is wrong),,,,,,,,
RC108,REF_124,yakaan.WAV,1,VG108,yakaan,NO_PROJECT_MATCH,,,,,,,,,,no project record contains this text,CONFIRM_TEXT_NEW_ITEM (correct the spelling in authoritative_mansaka_text if the filename is wrong),,,,,,,,
RC109,REF_125,yamadaman kaw kanak.WAV,1,VG109,yamadaman kaw kanak,PARTIAL_TOKEN_CANDIDATE,,,,,,,,kaw:kaw,,no record for the whole text; some tokens are dictionary terms,CONFIRM_TEXT_NEW_ITEM,,,,,,,,
RC111,REF_126,yasagob kaw.WAV,1,VG111,yasagob kaw,PARTIAL_TOKEN_CANDIDATE,,,,,,,,kaw:kaw,,no record for the whole text; some tokens are dictionary terms,CONFIRM_TEXT_NEW_ITEM,,,,,,,,
RC112,REF_127,yasagub.WAV,1,VG112,yasagub,NO_PROJECT_MATCH,,,,,,,,,,no project record contains this text,CONFIRM_TEXT_NEW_ITEM (correct the spelling in authoritative_mansaka_text if the filename is wrong),,,,,,,,
RC113,REF_128,yulugpat.WAV,1,VG113,yulugpat,NO_PROJECT_MATCH,,,,,,,,,,no project record contains this text,CONFIRM_TEXT_NEW_ITEM (correct the spelling in authoritative_mansaka_text if the filename is wrong),,,,,,,,
