candidate_id,object_name,base_name,variant_group_id,variant_group_size,duration_sec,sample_rate_hz,channels,readable,firestore_exact_term_match_ids,is_validated_reference,assigned_word_id,confirmed_by,confirmation_date,notes
C001,Antik.WAV,antik,VG004,1,0.789,44100,2,true,9wYfRCZDf3elrtSWzbe4,,,,,
C002,Arabat.WAV,arabat,VG005,1,0.673,44100,2,true,YPqMHKvZT0jQTX8jNr1S,,,,,
C003,Barangaw.WAV,barangaw,VG009,1,0.836,44100,2,true,c6CO9DECOzrPNuyLgKO2,,,,,
C004,Bobay.WAV,bobay,VG011,1,0.789,44100,2,true,fry54dN7LhkUoDCBVnEh,,,,,
C005,Bugsak.WAV,bugsak,VG012,1,0.604,44100,2,true,0KEq4c3IEDne7WUkiADa,,,,,
C006,Dagom.WAV,dagom,VG013,1,0.65,44100,2,true,,,,,,
C007,Diin kaw padlog.WAV,diin kaw padlog,VG016,1,1.649,44100,2,true,,,,,,
C008,Gaagod yang baboy .WAV,gaagod yang baboy,VG019,1,1.3,44100,2,true,,,,,,
C009,Ingkod.WAV,ingkod,VG024,1,0.604,44100,2,true,,,,,,
C010,Kaana yang manok.WAV,kaana yang manok,VG027,1,1.254,44100,2,true,,,,,,
C011,Kadyawan.WAV,kadyawan,VG028,1,0.604,44100,2,true,tPSO95ipLwxJQ4KhVJtj,,,,,
C012,Larad.WAV,larad,VG035,1,0.604,44100,2,true,,,,,,
C013,Madaig.WAV,madaig,VG042,1,0.789,44100,2,true,,,,,,
C014,Madakmul yang abol.WAV,madakmul yang abol,VG043,1,1.207,44100,2,true,,,,,,
C015,Madyaw.WAV,madyaw,VG045,1,0.836,44100,2,true,,,,,,
C016,Magasogbo.WAV,magasogbo,VG051,1,0.836,44100,2,true,,,,,,
C017,Makaan Da kita.WAV,makaan da kita,VG053,1,1.138,44100,2,true,,,,,,
C018,Nana yang kammo tuod.WAV,nana yang kammo tuod,VG061,1,1.788,44100,2,true,,,,,,
C019,Nanang iyambong mo.WAV,nanang iyambong mo,VG063,1,1.277,44100,2,true,,,,,,
C020,Pagarungan.WAV,pagarungan,VG069,2,0.882,44100,2,true,,,,,,
C021,Pangiyakan Ta.WAV,pangiyakan ta,VG072,1,1.138,44100,2,true,,,,,,
C022,Paroda.WAV,paroda,VG073,2,0.673,44100,2,true,,,,,,
C023,Sapi.WAV,sapi,VG080,1,0.72,44100,2,true,,,,,,
C024,Usug.WAV,usug,VG094,1,0.673,44100,2,true,,,,,,
C025,Wara ako akurutuy.WAV,wara ako akurutuy,VG095,1,1.556,44100,2,true,,,,,,
C026,Wara ko akaani yang pinggan.WAV,wara ko akaani yang pinggan,VG096,1,1.904,44100,2,true,,,,,,
C027,Yaabay ko kamangun(1).WAV,yaabay ko kamangun,VG098,2,1.416,44100,2,true,,,,,,
C028,Yaabay ko kamangun.WAV,yaabay ko kamangun,VG098,2,1.277,44100,2,true,,,,,,
C029,Yaga-agung ako na yaturog.WAV,yaga-agung ako na yaturog,VG100,1,2.02,44100,2,true,,,,,,
C030,Yaginurom Da kaw.WAV,yaginurom da kaw,VG107,1,1.184,44100,2,true,,,,,,
C031,Yanag-aruk yang mangaysu(1).WAV,yanag-aruk yang mangaysu,VG110,2,1.416,44100,2,true,,,,,,
C032,Yanag-aruk yang mangaysu.WAV,yanag-aruk yang mangaysu,VG110,2,1.556,44100,2,true,,,,,,
C033,agtura tura ng ugbos .WAV,agtura tura ng ugbos,VG001,1,1.881,44100,2,true,,,,,,
C034,ama.WAV,ama,VG002,1,0.673,44100,2,true,,,,,,
C035,amanting.WAV,amanting,VG003,1,0.975,44100,2,true,,,,,,
C036,arayon.WAV,arayon,VG006,1,0.952,44100,2,true,A1wLuJfWky5Crrg9cBBi,,,,,
C037,baboo.WAV,baboo,VG007,1,0.604,44100,2,true,,,,,,
C038,bapa.WAV,bapa,VG008,1,1.022,44100,2,true,ior1V7Dho3n5PPv7hJux,,,,,
C039,batad.WAV,batad,VG010,1,0.673,44100,2,true,w7amVxl3HlYNLFXLBx6W,,,,,
C040,dako ra yang bilas mo .WAV,dako ra yang bilas mo,VG014,1,1.579,44100,2,true,,,,,,
C041,dakurat.WAV,dakurat,VG015,1,0.813,44100,2,true,,,,,,
C042,duor.WAV,duor,VG017,1,0.975,44100,2,true,,,,,,
C043,duwambuok(1).WAV,duwambuok,VG018,2,1.44,44100,2,true,,,,,,
C044,duwambuok.WAV,duwambuok,VG018,2,0.813,44100,2,true,,,,,,
C045,gaakbu ako disang bintana.WAV,gaakbu ako disang bintana,VG020,1,2.786,44100,2,true,,,,,,
C046,gauma.WAV,gauma,VG021,1,0.743,44100,2,true,,,,,,
C047,gyaring.WAV,gyaring,VG022,1,1.022,44100,2,true,,,,,,
C048,ina.WAV,ina,VG023,1,0.72,44100,2,true,,,,,,
C049,isa.WAV,isa,VG025,1,0.673,44100,2,true,,,,,,
C050,isu.WAV,isu,VG026,1,0.65,44100,2,true,,,,,,
C051,kamanggud.WAV,kamanggud,VG029,1,0.952,44100,2,true,,,,,,
C052,karapi.WAV,karapi,VG030,1,0.906,44100,2,true,dwRUTVf9nAaw2fRpLtpr,,,,,
C053,katumbar.WAV,katumbar,VG031,1,0.72,44100,2,true,,,,,,
C054,kimod.WAV,kimod,VG032,1,0.882,44100,2,true,WvotzMcPJqYRVSZOz68O,,,,,
C055,kinuraw muuri.WAV,kinuraw muuri,VG033,1,1.115,44100,2,true,,,,,,
C056,kyumaan da kamo.WAV,kyumaan da kamo,VG034,1,1.184,44100,2,true,,,,,,
C057,lima.WAV,lima,VG036,1,0.673,44100,2,true,,,,,,
C058,lumon na bobay.WAV,lumon na bobay,VG037,1,1.207,44100,2,true,,,,,,
C059,lumon na usug.WAV,lumon na usug,VG038,1,1.138,44100,2,true,,,,,,
C060,lutya.WAV,lutya,VG039,1,0.789,44100,2,true,,,,,,
C061,lyurot.WAV,lyurot,VG040,1,0.743,44100,2,true,,,,,,
C062,maanog.WAV,maanog,VG041,1,0.789,44100,2,true,,,,,,
C063,madayaw.WAV,madayaw,VG044,1,0.836,44100,2,true,,,,,,
C064,madyaw na allaw.WAV,madyaw na allaw,VG046,1,1.416,44100,2,true,,,,,,
C065,madyaw na gabi.WAV,madyaw na gabi,VG047,1,1.254,44100,2,true,,,,,,
C066,madyaw na gabila(1).WAV,madyaw na gabila,VG048,2,1.277,44100,2,true,,,,,,
C067,madyaw na gabila.WAV,madyaw na gabila,VG048,2,1.3,44100,2,true,,,,,,
C068,madyaw na masurom kariko.WAV,madyaw na masurom kariko,VG050,1,2.09,44100,2,true,,,,,,
C069,madyaw na masurom(1).WAV,madyaw na masurom,VG049,4,1.254,44100,2,true,,,,,,
C070,madyaw na masurom(2).WAV,madyaw na masurom,VG049,4,1.254,44100,2,true,,,,,,
C071,madyaw na masurom(3).WAV,madyaw na masurom,VG049,4,1.37,44100,2,true,,,,,,
C072,madyaw na masurom.WAV,madyaw na masurom,VG049,4,1.416,44100,2,true,,,,,,
C073,magsandayong pa ko atong tubod.WAV,magsandayong pa ko atong tubod,VG052,1,1.95,44100,2,true,,,,,,
C074,makagwas.WAV,makagwas,VG054,1,1.045,44100,2,true,,,,,,
C075,makator yang ulo ko.WAV,makator yang ulo ko,VG055,1,1.347,44100,2,true,,,,,,
C076,mangud(1).WAV,mangud,VG056,2,0.789,44100,2,true,,,,,,
C077,mangud.WAV,mangud,VG056,2,0.975,44100,2,true,,,,,,
C078,maparaat.WAV,maparaat,VG057,1,0.836,44100,2,true,,,,,,
C079,marutuy.WAV,marutuy,VG058,1,1.022,44100,2,true,,,,,,
C080,mataba.WAV,mataba,VG059,1,0.65,44100,2,true,,,,,,
C081,na naan.WAV,na naan,VG060,1,0.975,44100,2,true,,,,,,
C082,nanang gawbok.WAV,nanang gawbok,VG062,1,1.068,44100,2,true,,,,,,
C083,nanang tuod parandong.WAV,nanang tuod parandong,VG064,1,2.252,44100,2,true,,,,,,
C084,nanang uram mayo(1).WAV,nanang uram mayo,VG065,2,1.068,44100,2,true,,,,,,
C085,nanang uram mayo.WAV,nanang uram mayo,VG065,2,1.138,44100,2,true,,,,,,
C086,nangakaw.WAV,nangakaw,VG066,1,1.022,44100,2,true,,,,,,
C087,nangamang pak ng kayamas.WAV,nangamang pak ng kayamas,VG067,1,2.322,44100,2,true,,,,,,
C088,niyanluluto ng ina mo .WAV,niyanluluto ng ina mo,VG068,1,1.881,44100,2,true,,,,,,
C089,pagarungan(1).WAV,pagarungan,VG069,2,1.207,44100,2,true,,,,,,
C090,pagsugbo.WAV,pagsugbo,VG070,1,0.975,44100,2,true,,,,,,
C091,pakal.WAV,pakal,VG071,1,0.906,44100,2,true,,,,,,
C092,paroda(1).WAV,paroda,VG073,2,0.58,44100,2,true,,,,,,
C093,pasaylowak doon.WAV,pasaylowak doon,VG074,1,1.254,44100,2,true,,,,,,
C094,pasayluwak doon.WAV,pasayluwak doon,VG075,1,1.254,44100,2,true,,,,,,
C095,pito.WAV,pito,VG076,1,0.534,44100,2,true,,,,,,
C096,sampuro.WAV,sampuro,VG077,1,0.952,44100,2,true,,,,,,
C097,sandok.WAV,sandok,VG078,1,0.836,44100,2,true,,,,,,
C098,sang kanlaw.WAV,sang kanlaw,VG079,1,1.254,44100,2,true,,,,,,
C099,saramat.WAV,saramat,VG081,1,0.906,44100,2,true,,,,,,
C100,sining bapa mo(1).WAV,sining bapa mo,VG082,2,1.3,44100,2,true,,,,,,
C101,sining bapa mo.WAV,sining bapa mo,VG082,2,1.3,44100,2,true,,,,,,
C102,sining gadiyaga kanmo.WAV,sining gadiyaga kanmo,VG083,1,1.741,44100,2,true,,,,,,
C103,siyam.WAV,siyam,VG084,1,0.836,44100,2,true,,,,,,
C104,tabi di saan.WAV,tabi di saan,VG085,1,1.254,44100,2,true,,,,,,
C105,tabi kanmo.WAV,tabi kanmo,VG086,1,1.068,44100,2,true,,,,,,
C106,tabidak.WAV,tabidak,VG087,1,0.813,44100,2,true,,,,,,
C107,turo(1).WAV,turo,VG088,2,1.045,44100,2,true,,,,,,
C108,turo.WAV,turo,VG088,2,0.72,44100,2,true,,,,,,
C109,ulloy.WAV,ulloy,VG089,1,0.743,44100,2,true,,,,,,
C110,umpo na bobay.WAV,umpo na bobay,VG090,1,0.906,44100,2,true,,,,,,
C111,umpu na usug.WAV,umpu na usug,VG091,1,1.045,44100,2,true,,,,,,
C112,unom.WAV,unom,VG092,1,0.534,44100,2,true,,,,,,
C113,upat(1).WAV,upat,VG093,3,0.534,44100,2,true,,,,,,
C114,upat(2).WAV,upat,VG093,3,0.906,44100,2,true,,,,,,
C115,upat.WAV,upat,VG093,3,0.72,44100,2,true,,,,,,
C116,waro.WAV,waro,VG097,1,0.813,44100,2,true,,,,,,
C117,yadaragan.WAV,yadaragan,VG099,1,0.906,44100,2,true,,,,,,
C118,yagabasa.WAV,yagabasa,VG101,1,0.975,44100,2,true,,,,,,
C119,yagakanta.WAV,yagakanta,VG102,1,0.975,44100,2,true,,,,,,
C120,yagasagda.WAV,yagasagda,VG103,1,1.068,44100,2,true,,,,,,
C121,yagasayaw.WAV,yagasayaw,VG104,1,1.022,44100,2,true,,,,,,
C122,yagasurat.WAV,yagasurat,VG105,1,0.882,44100,2,true,,,,,,
C123,yagaugas.WAV,yagaugas,VG106,1,1.138,44100,2,true,,,,,,
C124,yakaan.WAV,yakaan,VG108,1,0.673,44100,2,true,,,,,,
C125,yamadaman kaw kanak.WAV,yamadaman kaw kanak,VG109,1,1.416,44100,2,true,,,,,,
C126,yasagob kaw.WAV,yasagob kaw,VG111,1,1.045,44100,2,true,,,,,,
C127,yasagub.WAV,yasagub,VG112,1,0.952,44100,2,true,,,,,,
C128,yulugpat.WAV,yulugpat,VG113,1,1.022,44100,2,true,,,,,,
