word_id,item_type,mansaka_text,translation_en,translation_fil,phonetic,part_of_speech,firestore_word_doc_id,source_collection,source_doc_id,source_audio_url,source_storage_bucket,source_storage_path,reference_recording_id,reference_audio_path,reference_validation_status,validator_code,validation_date,notes
W001,,,,,,,,,,,audio,,REF_W001,,pending_source_mapping,,,"UNRESOLVED v0.1: 128 candidate WAVs inventoried from the uploaded archive (113 items, 12 variant groups). Which 48 items/takes are the validated references must be confirmed by V01 in reports/reference_selection_v0.1.csv before this row is filled."
W002,,,,,,,,,,,audio,,REF_W002,,pending_source_mapping,,,"UNRESOLVED v0.1: 128 candidate WAVs inventoried from the uploaded archive (113 items, 12 variant groups). Which 48 items/takes are the validated references must be confirmed by V01 in reports/reference_selection_v0.1.csv before this row is filled."
W003,,,,,,,,,,,audio,,REF_W003,,pending_source_mapping,,,"UNRESOLVED v0.1: 128 candidate WAVs inventoried from the uploaded archive (113 items, 12 variant groups). Which 48 items/takes are the validated references must be confirmed by V01 in reports/reference_selection_v0.1.csv before this row is filled."
W004,,,,,,,,,,,audio,,REF_W004,,pending_source_mapping,,,"UNRESOLVED v0.1: 128 candidate WAVs inventoried from the uploaded archive (113 items, 12 variant groups). Which 48 items/takes are the validated references must be confirmed by V01 in reports/reference_selection_v0.1.csv before this row is filled."
W005,,,,,,,,,,,audio,,REF_W005,,pending_source_mapping,,,"UNRESOLVED v0.1: 128 candidate WAVs inventoried from the uploaded archive (113 items, 12 variant groups). Which 48 items/takes are the validated references must be confirmed by V01 in reports/reference_selection_v0.1.csv before this row is filled."
W006,,,,,,,,,,,audio,,REF_W006,,pending_source_mapping,,,"UNRESOLVED v0.1: 128 candidate WAVs inventoried from the uploaded archive (113 items, 12 variant groups). Which 48 items/takes are the validated references must be confirmed by V01 in reports/reference_selection_v0.1.csv before this row is filled."
W007,,,,,,,,,,,audio,,REF_W007,,pending_source_mapping,,,"UNRESOLVED v0.1: 128 candidate WAVs inventoried from the uploaded archive (113 items, 12 variant groups). Which 48 items/takes are the validated references must be confirmed by V01 in reports/reference_selection_v0.1.csv before this row is filled."
W008,,,,,,,,,,,audio,,REF_W008,,pending_source_mapping,,,"UNRESOLVED v0.1: 128 candidate WAVs inventoried from the uploaded archive (113 items, 12 variant groups). Which 48 items/takes are the validated references must be confirmed by V01 in reports/reference_selection_v0.1.csv before this row is filled."
W009,,,,,,,,,,,audio,,REF_W009,,pending_source_mapping,,,"UNRESOLVED v0.1: 128 candidate WAVs inventoried from the uploaded archive (113 items, 12 variant groups). Which 48 items/takes are the validated references must be confirmed by V01 in reports/reference_selection_v0.1.csv before this row is filled."
W010,,,,,,,,,,,audio,,REF_W010,,pending_source_mapping,,,"UNRESOLVED v0.1: 128 candidate WAVs inventoried from the uploaded archive (113 items, 12 variant groups). Which 48 items/takes are the validated references must be confirmed by V01 in reports/reference_selection_v0.1.csv before this row is filled."
W011,,,,,,,,,,,audio,,REF_W011,,pending_source_mapping,,,"UNRESOLVED v0.1: 128 candidate WAVs inventoried from the uploaded archive (113 items, 12 variant groups). Which 48 items/takes are the validated references must be confirmed by V01 in reports/reference_selection_v0.1.csv before this row is filled."
W012,,,,,,,,,,,audio,,REF_W012,,pending_source_mapping,,,"UNRESOLVED v0.1: 128 candidate WAVs inventoried from the uploaded archive (113 items, 12 variant groups). Which 48 items/takes are the validated references must be confirmed by V01 in reports/reference_selection_v0.1.csv before this row is filled."
W013,,,,,,,,,,,audio,,REF_W013,,pending_source_mapping,,,"UNRESOLVED v0.1: 128 candidate WAVs inventoried from the uploaded archive (113 items, 12 variant groups). Which 48 items/takes are the validated references must be confirmed by V01 in reports/reference_selection_v0.1.csv before this row is filled."
W014,,,,,,,,,,,audio,,REF_W014,,pending_source_mapping,,,"UNRESOLVED v0.1: 128 candidate WAVs inventoried from the uploaded archive (113 items, 12 variant groups). Which 48 items/takes are the validated references must be confirmed by V01 in reports/reference_selection_v0.1.csv before this row is filled."
W015,,,,,,,,,,,audio,,REF_W015,,pending_source_mapping,,,"UNRESOLVED v0.1: 128 candidate WAVs inventoried from the uploaded archive (113 items, 12 variant groups). Which 48 items/takes are the validated references must be confirmed by V01 in reports/reference_selection_v0.1.csv before this row is filled."
W016,,,,,,,,,,,audio,,REF_W016,,pending_source_mapping,,,"UNRESOLVED v0.1: 128 candidate WAVs inventoried from the uploaded archive (113 items, 12 variant groups). Which 48 items/takes are the validated references must be confirmed by V01 in reports/reference_selection_v0.1.csv before this row is filled."
W017,,,,,,,,,,,audio,,REF_W017,,pending_source_mapping,,,"UNRESOLVED v0.1: 128 candidate WAVs inventoried from the uploaded archive (113 items, 12 variant groups). Which 48 items/takes are the validated references must be confirmed by V01 in reports/reference_selection_v0.1.csv before this row is filled."
W018,,,,,,,,,,,audio,,REF_W018,,pending_source_mapping,,,"UNRESOLVED v0.1: 128 candidate WAVs inventoried from the uploaded archive (113 items, 12 variant groups). Which 48 items/takes are the validated references must be confirmed by V01 in reports/reference_selection_v0.1.csv before this row is filled."
W019,,,,,,,,,,,audio,,REF_W019,,pending_source_mapping,,,"UNRESOLVED v0.1: 128 candidate WAVs inventoried from the uploaded archive (113 items, 12 variant groups). Which 48 items/takes are the validated references must be confirmed by V01 in reports/reference_selection_v0.1.csv before this row is filled."
W020,,,,,,,,,,,audio,,REF_W020,,pending_source_mapping,,,"UNRESOLVED v0.1: 128 candidate WAVs inventoried from the uploaded archive (113 items, 12 variant groups). Which 48 items/takes are the validated references must be confirmed by V01 in reports/reference_selection_v0.1.csv before this row is filled."
W021,,,,,,,,,,,audio,,REF_W021,,pending_source_mapping,,,"UNRESOLVED v0.1: 128 candidate WAVs inventoried from the uploaded archive (113 items, 12 variant groups). Which 48 items/takes are the validated references must be confirmed by V01 in reports/reference_selection_v0.1.csv before this row is filled."
W022,,,,,,,,,,,audio,,REF_W022,,pending_source_mapping,,,"UNRESOLVED v0.1: 128 candidate WAVs inventoried from the uploaded archive (113 items, 12 variant groups). Which 48 items/takes are the validated references must be confirmed by V01 in reports/reference_selection_v0.1.csv before this row is filled."
W023,,,,,,,,,,,audio,,REF_W023,,pending_source_mapping,,,"UNRESOLVED v0.1: 128 candidate WAVs inventoried from the uploaded archive (113 items, 12 variant groups). Which 48 items/takes are the validated references must be confirmed by V01 in reports/reference_selection_v0.1.csv before this row is filled."
W024,,,,,,,,,,,audio,,REF_W024,,pending_source_mapping,,,"UNRESOLVED v0.1: 128 candidate WAVs inventoried from the uploaded archive (113 items, 12 variant groups). Which 48 items/takes are the validated references must be confirmed by V01 in reports/reference_selection_v0.1.csv before this row is filled."
W025,,,,,,,,,,,audio,,REF_W025,,pending_source_mapping,,,"UNRESOLVED v0.1: 128 candidate WAVs inventoried from the uploaded archive (113 items, 12 variant groups). Which 48 items/takes are the validated references must be confirmed by V01 in reports/reference_selection_v0.1.csv before this row is filled."
W026,,,,,,,,,,,audio,,REF_W026,,pending_source_mapping,,,"UNRESOLVED v0.1: 128 candidate WAVs inventoried from the uploaded archive (113 items, 12 variant groups). Which 48 items/takes are the validated references must be confirmed by V01 in reports/reference_selection_v0.1.csv before this row is filled."
W027,,,,,,,,,,,audio,,REF_W027,,pending_source_mapping,,,"UNRESOLVED v0.1: 128 candidate WAVs inventoried from the uploaded archive (113 items, 12 variant groups). Which 48 items/takes are the validated references must be confirmed by V01 in reports/reference_selection_v0.1.csv before this row is filled."
W028,,,,,,,,,,,audio,,REF_W028,,pending_source_mapping,,,"UNRESOLVED v0.1: 128 candidate WAVs inventoried from the uploaded archive (113 items, 12 variant groups). Which 48 items/takes are the validated references must be confirmed by V01 in reports/reference_selection_v0.1.csv before this row is filled."
W029,,,,,,,,,,,audio,,REF_W029,,pending_source_mapping,,,"UNRESOLVED v0.1: 128 candidate WAVs inventoried from the uploaded archive (113 items, 12 variant groups). Which 48 items/takes are the validated references must be confirmed by V01 in reports/reference_selection_v0.1.csv before this row is filled."
W030,,,,,,,,,,,audio,,REF_W030,,pending_source_mapping,,,"UNRESOLVED v0.1: 128 candidate WAVs inventoried from the uploaded archive (113 items, 12 variant groups). Which 48 items/takes are the validated references must be confirmed by V01 in reports/reference_selection_v0.1.csv before this row is filled."
W031,,,,,,,,,,,audio,,REF_W031,,pending_source_mapping,,,"UNRESOLVED v0.1: 128 candidate WAVs inventoried from the uploaded archive (113 items, 12 variant groups). Which 48 items/takes are the validated references must be confirmed by V01 in reports/reference_selection_v0.1.csv before this row is filled."
W032,,,,,,,,,,,audio,,REF_W032,,pending_source_mapping,,,"UNRESOLVED v0.1: 128 candidate WAVs inventoried from the uploaded archive (113 items, 12 variant groups). Which 48 items/takes are the validated references must be confirmed by V01 in reports/reference_selection_v0.1.csv before this row is filled."
W033,,,,,,,,,,,audio,,REF_W033,,pending_source_mapping,,,"UNRESOLVED v0.1: 128 candidate WAVs inventoried from the uploaded archive (113 items, 12 variant groups). Which 48 items/takes are the validated references must be confirmed by V01 in reports/reference_selection_v0.1.csv before this row is filled."
W034,,,,,,,,,,,audio,,REF_W034,,pending_source_mapping,,,"UNRESOLVED v0.1: 128 candidate WAVs inventoried from the uploaded archive (113 items, 12 variant groups). Which 48 items/takes are the validated references must be confirmed by V01 in reports/reference_selection_v0.1.csv before this row is filled."
W035,,,,,,,,,,,audio,,REF_W035,,pending_source_mapping,,,"UNRESOLVED v0.1: 128 candidate WAVs inventoried from the uploaded archive (113 items, 12 variant groups). Which 48 items/takes are the validated references must be confirmed by V01 in reports/reference_selection_v0.1.csv before this row is filled."
W036,,,,,,,,,,,audio,,REF_W036,,pending_source_mapping,,,"UNRESOLVED v0.1: 128 candidate WAVs inventoried from the uploaded archive (113 items, 12 variant groups). Which 48 items/takes are the validated references must be confirmed by V01 in reports/reference_selection_v0.1.csv before this row is filled."
W037,,,,,,,,,,,audio,,REF_W037,,pending_source_mapping,,,"UNRESOLVED v0.1: 128 candidate WAVs inventoried from the uploaded archive (113 items, 12 variant groups). Which 48 items/takes are the validated references must be confirmed by V01 in reports/reference_selection_v0.1.csv before this row is filled."
W038,,,,,,,,,,,audio,,REF_W038,,pending_source_mapping,,,"UNRESOLVED v0.1: 128 candidate WAVs inventoried from the uploaded archive (113 items, 12 variant groups). Which 48 items/takes are the validated references must be confirmed by V01 in reports/reference_selection_v0.1.csv before this row is filled."
W039,,,,,,,,,,,audio,,REF_W039,,pending_source_mapping,,,"UNRESOLVED v0.1: 128 candidate WAVs inventoried from the uploaded archive (113 items, 12 variant groups). Which 48 items/takes are the validated references must be confirmed by V01 in reports/reference_selection_v0.1.csv before this row is filled."
W040,,,,,,,,,,,audio,,REF_W040,,pending_source_mapping,,,"UNRESOLVED v0.1: 128 candidate WAVs inventoried from the uploaded archive (113 items, 12 variant groups). Which 48 items/takes are the validated references must be confirmed by V01 in reports/reference_selection_v0.1.csv before this row is filled."
W041,,,,,,,,,,,audio,,REF_W041,,pending_source_mapping,,,"UNRESOLVED v0.1: 128 candidate WAVs inventoried from the uploaded archive (113 items, 12 variant groups). Which 48 items/takes are the validated references must be confirmed by V01 in reports/reference_selection_v0.1.csv before this row is filled."
W042,,,,,,,,,,,audio,,REF_W042,,pending_source_mapping,,,"UNRESOLVED v0.1: 128 candidate WAVs inventoried from the uploaded archive (113 items, 12 variant groups). Which 48 items/takes are the validated references must be confirmed by V01 in reports/reference_selection_v0.1.csv before this row is filled."
W043,,,,,,,,,,,audio,,REF_W043,,pending_source_mapping,,,"UNRESOLVED v0.1: 128 candidate WAVs inventoried from the uploaded archive (113 items, 12 variant groups). Which 48 items/takes are the validated references must be confirmed by V01 in reports/reference_selection_v0.1.csv before this row is filled."
W044,,,,,,,,,,,audio,,REF_W044,,pending_source_mapping,,,"UNRESOLVED v0.1: 128 candidate WAVs inventoried from the uploaded archive (113 items, 12 variant groups). Which 48 items/takes are the validated references must be confirmed by V01 in reports/reference_selection_v0.1.csv before this row is filled."
W045,,,,,,,,,,,audio,,REF_W045,,pending_source_mapping,,,"UNRESOLVED v0.1: 128 candidate WAVs inventoried from the uploaded archive (113 items, 12 variant groups). Which 48 items/takes are the validated references must be confirmed by V01 in reports/reference_selection_v0.1.csv before this row is filled."
W046,,,,,,,,,,,audio,,REF_W046,,pending_source_mapping,,,"UNRESOLVED v0.1: 128 candidate WAVs inventoried from the uploaded archive (113 items, 12 variant groups). Which 48 items/takes are the validated references must be confirmed by V01 in reports/reference_selection_v0.1.csv before this row is filled."
W047,,,,,,,,,,,audio,,REF_W047,,pending_source_mapping,,,"UNRESOLVED v0.1: 128 candidate WAVs inventoried from the uploaded archive (113 items, 12 variant groups). Which 48 items/takes are the validated references must be confirmed by V01 in reports/reference_selection_v0.1.csv before this row is filled."
W048,,,,,,,,,,,audio,,REF_W048,,pending_source_mapping,,,"UNRESOLVED v0.1: 128 candidate WAVs inventoried from the uploaded archive (113 items, 12 variant groups). Which 48 items/takes are the validated references must be confirmed by V01 in reports/reference_selection_v0.1.csv before this row is filled."
