processed_file_id,source_recording_id,source_path,source_sha256,preproc_id,preproc_config_hash,output_path,output_sha256,sample_rate_hz,channels,n_samples,duration_sec,peak_dbfs,rms_dbfs,normalization_gain_db,trim_removed_lead_ms,trim_removed_trail_ms,clipped_samples,pipeline_version,soxr_version,status,error
PF00001,REF_001,raw/reference/REF_001.WAV,1b219700b02dea627d47485fb80b5c50eb82562fafae695cd7eb29dd976dfaa8,PP001,10033fde7a59ccaa91b140337df9e04315de6e077f2bef6bcd38d9d2c5dfc3d8,processed/PP001-candidate/reference/REF_001.wav,39cf5cb590ca12ebf1f3499e292911aa64b1704db563656b6bd6f3ca1682bdca,16000,1,12632,0.7895,-1.0,-13.085,-1.07,0.0,0.0,0,0.1.0,1.1.0/0.1.3-14-ga66f3ee,ok,
PF00002,REF_002,raw/reference/REF_002.WAV,e6d00af79a0d1745e1d13a5e623c42614b6ab2b8c26e3aaa7ae5d6341952e6bd,PP001,10033fde7a59ccaa91b140337df9e04315de6e077f2bef6bcd38d9d2c5dfc3d8,processed/PP001-candidate/reference/REF_002.wav,ea806512e0d35ae5ef975a1412c5beabaf5fc20380a2d8dde78990159457e5ce,16000,1,10774,0.673375,-1.0,-11.971,-1.133,0.0,0.0,0,0.1.0,1.1.0/0.1.3-14-ga66f3ee,ok,
PF00003,REF_003,raw/reference/REF_003.WAV,cdde9df7907e0bc555bb87b86156449aadb2b55e92e66c13d394c81f71b90e8a,PP001,10033fde7a59ccaa91b140337df9e04315de6e077f2bef6bcd38d9d2c5dfc3d8,processed/PP001-candidate/reference/REF_003.wav,ddb70f16baaae1d1d3e8a3c8fa17abfcdd6e58541014a90acec8af4238aa6ce7,16000,1,13375,0.835938,-1.0,-11.487,-1.044,0.0,0.0,0,0.1.0,1.1.0/0.1.3-14-ga66f3ee,ok,
PF00004,REF_004,raw/reference/REF_004.WAV,fac9ed91bedbe1bc6320bab7a868141239953c707242ea0bb38f0030a6c3c69c,PP001,10033fde7a59ccaa91b140337df9e04315de6e077f2bef6bcd38d9d2c5dfc3d8,processed/PP001-candidate/reference/REF_004.wav,c611721251c5bb6db30827ac4fbdd311a063a5e108691aefa9306bdc6005d074,16000,1,12632,0.7895,-1.0,-13.541,-1.011,0.0,0.0,0,0.1.0,1.1.0/0.1.3-14-ga66f3ee,ok,
PF00005,REF_005,raw/reference/REF_005.WAV,d7947be7ae6c3a1b50ec14a0a2b1eea861add28e94fc853853314e6b92551f4f,PP001,10033fde7a59ccaa91b140337df9e04315de6e077f2bef6bcd38d9d2c5dfc3d8,processed/PP001-candidate/reference/REF_005.wav,71e02cf8298ef443a8c574be42eea7217a725d67bb1bfa210c32417ffbbe009c,16000,1,9660,0.60375,-1.0,-14.683,-1.026,0.0,0.0,0,0.1.0,1.1.0/0.1.3-14-ga66f3ee,ok,
PF00006,REF_006,raw/reference/REF_006.WAV,547833a488ce84dfd5f78f43b9304466256bef781491ed95da019b522ed23ae8,PP001,10033fde7a59ccaa91b140337df9e04315de6e077f2bef6bcd38d9d2c5dfc3d8,processed/PP001-candidate/reference/REF_006.wav,b3ee47b88ab64b6505dfd0a47cba5cdeb337c578e4a22fd1b2a513186ce9af1c,16000,1,10403,0.650188,-1.0,-13.53,-1.084,0.0,0.0,0,0.1.0,1.1.0/0.1.3-14-ga66f3ee,ok,
PF00007,REF_007,raw/reference/REF_007.WAV,277ee45e4948eb75279f52ca8f2bd70a5a3e036cfd65bf55e19039eab03b6aaa,PP001,10033fde7a59ccaa91b140337df9e04315de6e077f2bef6bcd38d9d2c5dfc3d8,processed/PP001-candidate/reference/REF_007.wav,6dfae082013e75dc562b657d70523fc8b14fa7cc508be3a358d7e389c4ad3f3a,16000,1,26378,1.648625,-1.0,-15.141,-0.263,0.0,0.0,0,0.1.0,1.1.0/0.1.3-14-ga66f3ee,ok,
PF00008,REF_008,raw/reference/REF_008.WAV,b09e85da665e252bf0999b95f9e822f4a2ac6ee4a431d6bd1c72d46b1664aa55,PP001,10033fde7a59ccaa91b140337df9e04315de6e077f2bef6bcd38d9d2c5dfc3d8,processed/PP001-candidate/reference/REF_008.wav,9db2ca8146e99f3bceb4fc1056683cb1d1c445dfcbd5858f3b0bf4c323fd11ad,16000,1,20805,1.300312,-1.0,-13.613,-1.04,0.0,0.0,0,0.1.0,1.1.0/0.1.3-14-ga66f3ee,ok,
PF00009,REF_009,raw/reference/REF_009.WAV,7d52cafa4116c4e77f621d131a0f44873025785af7cf6ac0f99b8e41f7360efb,PP001,10033fde7a59ccaa91b140337df9e04315de6e077f2bef6bcd38d9d2c5dfc3d8,processed/PP001-candidate/reference/REF_009.wav,a4e7861fe59850c2ccdd34c368337fa9bde62599fa5c62600b91847a055a5e12,16000,1,9660,0.60375,-1.0,-12.093,-1.019,0.0,0.0,0,0.1.0,1.1.0/0.1.3-14-ga66f3ee,ok,
PF00010,REF_010,raw/reference/REF_010.WAV,1fadf367a160faa54ad503afede1ed7b830c3e0732743c9b8df83da46b237ea5,PP001,10033fde7a59ccaa91b140337df9e04315de6e077f2bef6bcd38d9d2c5dfc3d8,processed/PP001-candidate/reference/REF_010.wav,080073841ef4e89afd5f2a5555df0e6cec79d16232e035cc6f0c33fb33d604e8,16000,1,18782,1.173875,-1.0,-11.938,-0.614,80.0,0.0,0,0.1.0,1.1.0/0.1.3-14-ga66f3ee,ok,
PF00011,REF_011,raw/reference/REF_011.WAV,37b64eb6d9c56ebe1f086d4650376ff90e906dbd711a8b693d6f2e2de38f6ac8,PP001,10033fde7a59ccaa91b140337df9e04315de6e077f2bef6bcd38d9d2c5dfc3d8,processed/PP001-candidate/reference/REF_011.wav,62b7847d570a2907d7784672d76e50d636cd3c79f250feadb574e4a2dcf30cd6,16000,1,9660,0.60375,-1.0,-14.389,-1.034,0.0,0.0,0,0.1.0,1.1.0/0.1.3-14-ga66f3ee,ok,
PF00012,REF_012,raw/reference/REF_012.WAV,4e69413ea5db00c2f115149a9e42c31920b64230e0b6d9ff10cb846c22f7ea15,PP001,10033fde7a59ccaa91b140337df9e04315de6e077f2bef6bcd38d9d2c5dfc3d8,processed/PP001-candidate/reference/REF_012.wav,53c5656789b8ce40e183329352fbde418f4c9e7aebe1bb5bbec337aba9e8ba71,16000,1,9660,0.60375,-1.0,-14.293,-0.989,0.0,0.0,0,0.1.0,1.1.0/0.1.3-14-ga66f3ee,ok,
PF00013,REF_013,raw/reference/REF_013.WAV,bc8314eea0e3d27b5d20fe12285bd6f9cf280bd87f1925d4efa7de8d38b4d16f,PP001,10033fde7a59ccaa91b140337df9e04315de6e077f2bef6bcd38d9d2c5dfc3d8,processed/PP001-candidate/reference/REF_013.wav,7d842b206b8b18cb2bd02d994b38ea5b7df22f215f2e538217b51ea8b067021c,16000,1,11512,0.7195,-1.0,-15.604,1.374,70.0,0.0,0,0.1.0,1.1.0/0.1.3-14-ga66f3ee,ok,
PF00014,REF_014,raw/reference/REF_014.WAV,2c46da1e02502614f910b574d69b34b1d54d1f318cd751bed525cf6f1ce764b2,PP001,10033fde7a59ccaa91b140337df9e04315de6e077f2bef6bcd38d9d2c5dfc3d8,processed/PP001-candidate/reference/REF_014.wav,3ed25bbd6e006abe3d12194e829721d6fd6a14a0679d649a72b0d146c6a758a2,16000,1,19319,1.207437,-1.0,-13.864,-0.191,0.0,0.0,0,0.1.0,1.1.0/0.1.3-14-ga66f3ee,ok,
PF00015,REF_015,raw/reference/REF_015.WAV,5aced0554ca584b38d6eeaff8277bf9b306e246bd7a86edb37d637f5982d064c,PP001,10033fde7a59ccaa91b140337df9e04315de6e077f2bef6bcd38d9d2c5dfc3d8,processed/PP001-candidate/reference/REF_015.wav,a2f00fbee8162ba1328f3283980295b16f6f62104dbff6ab8edc8d4bf8cac012,16000,1,12480,0.78,-1.0,-13.57,-1.057,0.0,55.938,0,0.1.0,1.1.0/0.1.3-14-ga66f3ee,ok,
PF00016,REF_016,raw/reference/REF_016.WAV,bc1bc357c88bf1c3bbffd8fc9245f07f86e237a659c3bbe76415ac8bf647ce6e,PP001,10033fde7a59ccaa91b140337df9e04315de6e077f2bef6bcd38d9d2c5dfc3d8,processed/PP001-candidate/reference/REF_016.wav,81cb1783402a934a609da7bec90248466e81684f5ae2e1c8b281a077314c83c8,16000,1,13375,0.835938,-1.0,-12.295,-1.098,0.0,0.0,0,0.1.0,1.1.0/0.1.3-14-ga66f3ee,ok,
PF00017,REF_017,raw/reference/REF_017.WAV,27a096a8fe027eaaa46e037355382aca17f75b0ea9196e59c95ead0821bf7bec,PP001,10033fde7a59ccaa91b140337df9e04315de6e077f2bef6bcd38d9d2c5dfc3d8,processed/PP001-candidate/reference/REF_017.wav,0a279304b9db53b4804356d42e2944dbfff54b5e680a33ce777e979fdda79b20,16000,1,16160,1.01,-1.0,-14.288,-0.356,0.0,127.75,0,0.1.0,1.1.0/0.1.3-14-ga66f3ee,ok,
PF00018,REF_018,raw/reference/REF_018.WAV,07181c16e104de6dfc369d414bf9212a43950b5d86e757c15e30de6d837df6be,PP001,10033fde7a59ccaa91b140337df9e04315de6e077f2bef6bcd38d9d2c5dfc3d8,processed/PP001-candidate/reference/REF_018.wav,bd0dfb57187399f61e2e2f12e0ea96e8501eb9b9b580f6dbd107867d4da7d97e,16000,1,25600,1.6,-1.0,-14.426,0.14,80.0,107.938,0,0.1.0,1.1.0/0.1.3-14-ga66f3ee,ok,
PF00019,REF_019,raw/reference/REF_019.WAV,bdf3cd668e030b4ac3458710df93d575a55e8692be981c86c1faf3a2e582d8c4,PP001,10033fde7a59ccaa91b140337df9e04315de6e077f2bef6bcd38d9d2c5dfc3d8,processed/PP001-candidate/reference/REF_019.wav,677dc2d4feac3f6a16870754e5afb8e8b58aeb8006a30a0592bfda794ee34f4f,16000,1,20434,1.277125,-1.0,-13.617,-1.024,0.0,0.0,0,0.1.0,1.1.0/0.1.3-14-ga66f3ee,ok,
PF00020,REF_020,raw/reference/REF_020.WAV,5c420b7b79c26a15af85d65cd3d4f40fd02e0208ffd6109383b88eb320afb119,PP001,10033fde7a59ccaa91b140337df9e04315de6e077f2bef6bcd38d9d2c5dfc3d8,processed/PP001-candidate/reference/REF_020.wav,ed88b95de7feba9730999a3a2c24a5a55eec808ae4d261ab2aaaf4f8294c1a69,16000,1,13318,0.832375,-1.0,-13.474,-1.032,50.0,0.0,0,0.1.0,1.1.0/0.1.3-14-ga66f3ee,ok,
PF00021,REF_021,raw/reference/REF_021.WAV,6d2008b2a88c5df194916b7bc3718bd2b0784a32128074696601b3b46a5a257e,PP001,10033fde7a59ccaa91b140337df9e04315de6e077f2bef6bcd38d9d2c5dfc3d8,processed/PP001-candidate/reference/REF_021.wav,d064b0bcf95b0ff548036d3f0a4f68d94873807558a544e84f793dbcff6247dc,16000,1,18204,1.13775,-1.0,-12.557,-1.11,0.0,0.0,0,0.1.0,1.1.0/0.1.3-14-ga66f3ee,ok,
PF00022,REF_022,raw/reference/REF_022.WAV,64cc499b8b9db0c5f48f4235c472bdcdc3db99ebc3fcdc51d4ab0dc7f9f383f5,PP001,10033fde7a59ccaa91b140337df9e04315de6e077f2bef6bcd38d9d2c5dfc3d8,processed/PP001-candidate/reference/REF_022.wav,3e89346f0a02c51a100a35dd010b774374f5ce5094590f1c34bba8f989f64867,16000,1,10774,0.673375,-1.0,-12.624,-1.016,0.0,0.0,0,0.1.0,1.1.0/0.1.3-14-ga66f3ee,ok,
PF00023,REF_023,raw/reference/REF_023.WAV,56284cda216d983abce98fc916a3afd4dc8f5fa2f812da7a01cc94ead4572841,PP001,10033fde7a59ccaa91b140337df9e04315de6e077f2bef6bcd38d9d2c5dfc3d8,processed/PP001-candidate/reference/REF_023.wav,c73e3ba80ff7c5650f03e0e29ca8ddc2ad71865e6944bef40507f3dc528216cc,16000,1,11517,0.719812,-1.0,-15.058,-1.006,0.0,0.0,0,0.1.0,1.1.0/0.1.3-14-ga66f3ee,ok,
PF00024,REF_024,raw/reference/REF_024.WAV,5a252b8e5d83e350271d421a505216eb10518ab50820500b8a04f6615531ed02,PP001,10033fde7a59ccaa91b140337df9e04315de6e077f2bef6bcd38d9d2c5dfc3d8,processed/PP001-candidate/reference/REF_024.wav,23ddc899ec24db285bc65db71995c5f9ca97f3a3663384f99389309ea089f679,16000,1,10774,0.673375,-1.0,-15.799,-1.041,0.0,0.0,0,0.1.0,1.1.0/0.1.3-14-ga66f3ee,ok,
PF00025,REF_025,raw/reference/REF_025.WAV,ce18861b9ce64ed8bcd993f42c7ebdb0fd4742e59d7c64a9fe3961227690f07f,PP001,10033fde7a59ccaa91b140337df9e04315de6e077f2bef6bcd38d9d2c5dfc3d8,processed/PP001-candidate/reference/REF_025.wav,231b0baae7c885b157e587744f4ae7a144785d13e37247e7ad47a2a0c60dfd19,16000,1,24000,1.5,-1.0,-13.394,-1.045,0.0,55.75,0,0.1.0,1.1.0/0.1.3-14-ga66f3ee,ok,
PF00026,REF_026,raw/reference/REF_026.WAV,1a5b26d0c57001b0718f640b8014f85a4c0931afc303a3e9141c4beb1c076f82,PP001,10033fde7a59ccaa91b140337df9e04315de6e077f2bef6bcd38d9d2c5dfc3d8,processed/PP001-candidate/reference/REF_026.wav,c0cbe18bc38ef9a8db96f49b50ada3390f864e31be56949111e03edfd1429531,16000,1,29440,1.84,-1.0,-16.303,-1.056,0.0,64.062,0,0.1.0,1.1.0/0.1.3-14-ga66f3ee,ok,
PF00027,REF_027,raw/reference/REF_027.WAV,747e8dbce93913b283364f64ca7b82776448f2cf84ba1c99439a4944e6e13954,PP001,10033fde7a59ccaa91b140337df9e04315de6e077f2bef6bcd38d9d2c5dfc3d8,processed/PP001-candidate/reference/REF_027.wav,315d6af0bcf95fc3ac48d5690db375a4cad02f4dae9536d78ff2fd413e77a423,16000,1,20160,1.26,-1.0,-13.697,-0.558,70.0,86.438,0,0.1.0,1.1.0/0.1.3-14-ga66f3ee,ok,
PF00028,REF_028,raw/reference/REF_028.WAV,72bdb75db31bb0bdf72935ed7b07d58c82fe43b59946dd71c1c3a3445764c1f8,PP001,10033fde7a59ccaa91b140337df9e04315de6e077f2bef6bcd38d9d2c5dfc3d8,processed/PP001-candidate/reference/REF_028.wav,c4f52d41973bf6c9a50443b7f9e57c1b94a4119588629f35a77af2a81fc483fc,16000,1,20434,1.277125,-1.0,-14.117,-0.497,0.0,0.0,0,0.1.0,1.1.0/0.1.3-14-ga66f3ee,ok,
PF00029,REF_029,raw/reference/REF_029.WAV,63b02864b8f6491c50bf321581a9701fdd16b1cadb71238768afbdf7e782dabc,PP001,10033fde7a59ccaa91b140337df9e04315de6e077f2bef6bcd38d9d2c5dfc3d8,processed/PP001-candidate/reference/REF_029.wav,4a0ce04609fd3e50896f53ee4572c072b03985ca7bb0007730cffb47ca43e2bd,16000,1,28960,1.81,-1.0,-14.822,-1.006,50.0,160.125,0,0.1.0,1.1.0/0.1.3-14-ga66f3ee,ok,
PF00030,REF_030,raw/reference/REF_030.WAV,aa1f5d53de0c9f45533102ad738096ed95def2c9f3bcba1360219418435ec3b9,PP001,10033fde7a59ccaa91b140337df9e04315de6e077f2bef6bcd38d9d2c5dfc3d8,processed/PP001-candidate/reference/REF_030.wav,93189c5ea0d9710628f912f3b4f21e44a25110bf48064ca1ddd0c8d85995d8ad,16000,1,16960,1.06,-1.0,-14.728,-0.776,50.0,74.188,0,0.1.0,1.1.0/0.1.3-14-ga66f3ee,ok,
PF00031,REF_031,raw/reference/REF_031.WAV,1c32f539103a0fbe64940012d6add3c23230dcc4866d4587037d31f9d7e9852f,PP001,10033fde7a59ccaa91b140337df9e04315de6e077f2bef6bcd38d9d2c5dfc3d8,processed/PP001-candidate/reference/REF_031.wav,dad12e2b75783387494ac54ec73a406cc1fe3c685daf5d1e9c30211380975aa4,16000,1,22663,1.416438,-1.0,-13.589,4.973,0.0,0.0,0,0.1.0,1.1.0/0.1.3-14-ga66f3ee,ok,
PF00032,REF_032,raw/reference/REF_032.WAV,3cbeb9291e2240720042d2ee5f54b4cd97fcef23b4d4e2bc6187679735a469d6,PP001,10033fde7a59ccaa91b140337df9e04315de6e077f2bef6bcd38d9d2c5dfc3d8,processed/PP001-candidate/reference/REF_032.wav,5c48f50b08bf1b1e3f136da0dc4b63f2f7898abacb1da81867cdbc3f515c7678,16000,1,23932,1.49575,-1.0,-14.486,1.544,60.0,0.0,0,0.1.0,1.1.0/0.1.3-14-ga66f3ee,ok,
PF00033,REF_033,raw/reference/REF_033.WAV,90c59afc79552574f6e2d2bb88e939d3bb957e2913e919b2894dc2bc8e29e354,PP001,10033fde7a59ccaa91b140337df9e04315de6e077f2bef6bcd38d9d2c5dfc3d8,processed/PP001-candidate/reference/REF_033.wav,af60d4ed80a002a088eaec1c4e87fd99dc90cd35beca3aa347898a4b69581c06,16000,1,28640,1.79,-1.0,-13.127,-1.086,0.0,90.812,0,0.1.0,1.1.0/0.1.3-14-ga66f3ee,ok,
PF00034,REF_034,raw/reference/REF_034.WAV,ac93510872965a1cf4bcd20a71078d0e6be59e124f59c1beb3fb53ac6140b659,PP001,10033fde7a59ccaa91b140337df9e04315de6e077f2bef6bcd38d9d2c5dfc3d8,processed/PP001-candidate/reference/REF_034.wav,a6dbac872a175051b878aa2dab9cba0699c8ec8076d13ac308fd767a7883ba5c,16000,1,6400,0.4,-1.0,-14.269,1.074,50.0,223.375,0,0.1.0,1.1.0/0.1.3-14-ga66f3ee,ok,
PF00035,REF_035,raw/reference/REF_035.WAV,40cbf81f0e61255ea8b74d1d1d7af793f6827b9adde9814dfb40216885aca8d4,PP001,10033fde7a59ccaa91b140337df9e04315de6e077f2bef6bcd38d9d2c5dfc3d8,processed/PP001-candidate/reference/REF_035.wav,3275555114a844523ceea8f19c2f70d0f2b97cfa50427500f28fb7c13bbb0c38,16000,1,14080,0.88,-1.0,-11.811,-1.057,0.0,95.25,0,0.1.0,1.1.0/0.1.3-14-ga66f3ee,ok,
PF00036,REF_036,raw/reference/REF_036.WAV,68fa0eeeebef396ee7a4bf19d8e6731428453fed52172b45b3da8b081953cab3,PP001,10033fde7a59ccaa91b140337df9e04315de6e077f2bef6bcd38d9d2c5dfc3d8,processed/PP001-candidate/reference/REF_036.wav,76c0f8391ad79238783882d0bfd040f85526590e6d5e2e50147268c331d9b5b8,16000,1,8800,0.55,-1.0,-13.645,0.11,170.0,232.0,0,0.1.0,1.1.0/0.1.3-14-ga66f3ee,ok,
PF00037,REF_037,raw/reference/REF_037.WAV,a9312190c0400d91c27b0cb267a65dd7ed38186aad9afa612ccebc8ba1b95e45,PP001,10033fde7a59ccaa91b140337df9e04315de6e077f2bef6bcd38d9d2c5dfc3d8,processed/PP001-candidate/reference/REF_037.wav,24e788fe3c587bd1c54ef3da0b06b0f88c3cc7074dcaf82d43b12b8d65868311,16000,1,9660,0.60375,-1.0,-12.73,-1.086,0.0,0.0,0,0.1.0,1.1.0/0.1.3-14-ga66f3ee,ok,
PF00038,REF_038,raw/reference/REF_038.WAV,d22adf1d796f90b31f81fc32161c41fa98cced337aaa22a978d1122e280e09f5,PP001,10033fde7a59ccaa91b140337df9e04315de6e077f2bef6bcd38d9d2c5dfc3d8,processed/PP001-candidate/reference/REF_038.wav,01e13708b0ef6567b9bcc0e981c3b4ae067d94c1599cda1b84c24d86f9f566c4,16000,1,14240,0.89,-1.0,-17.392,4.676,0.0,131.688,0,0.1.0,1.1.0/0.1.3-14-ga66f3ee,ok,
PF00039,REF_039,raw/reference/REF_039.WAV,cb1e97e1101daf589809efd3565a4107adb501fa7b1932883d51583e3954df05,PP001,10033fde7a59ccaa91b140337df9e04315de6e077f2bef6bcd38d9d2c5dfc3d8,processed/PP001-candidate/reference/REF_039.wav,952e3e39ab4076a8c04775e257422a95b4551d61d5f3f2d598c41bf15524215a,16000,1,10774,0.673375,-1.0,-14.723,-1.082,0.0,0.0,0,0.1.0,1.1.0/0.1.3-14-ga66f3ee,ok,
PF00040,REF_040,raw/reference/REF_040.WAV,92611a8757c5925d61c22c3351264091b8185ad5c59b97205c0948b8535311b5,PP001,10033fde7a59ccaa91b140337df9e04315de6e077f2bef6bcd38d9d2c5dfc3d8,processed/PP001-candidate/reference/REF_040.wav,8542adab83b3986cb843af00ccb574473350b4bae611d6b80885aab07302b27c,16000,1,20960,1.31,-1.0,-12.819,-1.017,110.0,158.938,0,0.1.0,1.1.0/0.1.3-14-ga66f3ee,ok,
PF00041,REF_041,raw/reference/REF_041.WAV,6a0633f139c1e88a3ab3274a4e5de66699d7c5153ef503877c807ece6f05e063,PP001,10033fde7a59ccaa91b140337df9e04315de6e077f2bef6bcd38d9d2c5dfc3d8,processed/PP001-candidate/reference/REF_041.wav,522798d45b08789680fe9cdb9e12bb224a78fb3d54d0c36376af8c166237c64b,16000,1,9440,0.59,-1.0,-16.143,1.684,90.0,132.688,0,0.1.0,1.1.0/0.1.3-14-ga66f3ee,ok,
PF00042,REF_042,raw/reference/REF_042.WAV,78c4c423f88e7a1d60a1d19a954bee6f3aaedeed21097d88854afba11ea001dc,PP001,10033fde7a59ccaa91b140337df9e04315de6e077f2bef6bcd38d9d2c5dfc3d8,processed/PP001-candidate/reference/REF_042.wav,a1e62a88a1ab8b67079fceba8c1071879658f5e1617296b0a7e42340410e131f,16000,1,11680,0.73,-1.0,-13.163,-1.023,100.0,145.25,0,0.1.0,1.1.0/0.1.3-14-ga66f3ee,ok,
PF00043,REF_043,raw/reference/REF_043.WAV,509747c4c42424ef41591fa5620793bb5e3f49f63c0e378d8113aa09276f1348,PP001,10033fde7a59ccaa91b140337df9e04315de6e077f2bef6bcd38d9d2c5dfc3d8,processed/PP001-candidate/reference/REF_043.wav,3f5eb470516c7779a58719caba1a5099fa779145aa8340c5f3dd4ce4c5d18537,16000,1,16640,1.04,-1.0,-13.797,-0.946,160.0,239.625,0,0.1.0,1.1.0/0.1.3-14-ga66f3ee,ok,
PF00044,REF_044,raw/reference/REF_044.WAV,3d5b7afea1c04ba02a2ee398982e1be694eb18f3fbab798e1d910181baf121b0,PP001,10033fde7a59ccaa91b140337df9e04315de6e077f2bef6bcd38d9d2c5dfc3d8,processed/PP001-candidate/reference/REF_044.wav,75bed84e3d2daa51dd6e3c580b7d1b1fe054464142c4c93082dbe06271825ac6,16000,1,13003,0.812688,-1.0,-12.704,-0.919,0.0,0.0,0,0.1.0,1.1.0/0.1.3-14-ga66f3ee,ok,
PF00045,REF_045,raw/reference/REF_045.WAV,7a98fc076ccdd1c05779b364fbfdc8233dd770023889e8589ee2383e71fd4ed7,PP001,10033fde7a59ccaa91b140337df9e04315de6e077f2bef6bcd38d9d2c5dfc3d8,processed/PP001-candidate/reference/REF_045.wav,1022b4f98eb7ee7d6419d4156a8cd49cb9397bc9a86fb0ad37171dbf342b2b50,16000,1,39360,2.46,-1.0,-15.41,0.269,130.0,196.375,0,0.1.0,1.1.0/0.1.3-14-ga66f3ee,ok,
PF00046,REF_046,raw/reference/REF_046.WAV,57b7346dbd9e2cefa0bffd4fcb3c098ad2f4b3df8cb0d42126cc98a234df9067,PP001,10033fde7a59ccaa91b140337df9e04315de6e077f2bef6bcd38d9d2c5dfc3d8,processed/PP001-candidate/reference/REF_046.wav,2e6330a208fc887f9395abdf4718d8c916fb9434f8a30e07e4d0c57c9fa1dce1,16000,1,11889,0.743062,-1.0,-14.119,1.212,0.0,0.0,0,0.1.0,1.1.0/0.1.3-14-ga66f3ee,ok,
PF00047,REF_047,raw/reference/REF_047.WAV,403ed73f04eb35d021d46448b1972dba8f693ad1838a2590ac86b0d927ce6326,PP001,10033fde7a59ccaa91b140337df9e04315de6e077f2bef6bcd38d9d2c5dfc3d8,processed/PP001-candidate/reference/REF_047.wav,e1a7d7734a99afd11fa740823b13eb329c6f692fc090757e29a5ef5baf294979,16000,1,13120,0.82,-1.0,-13.401,-0.745,60.0,141.688,0,0.1.0,1.1.0/0.1.3-14-ga66f3ee,ok,
PF00048,REF_048,raw/reference/REF_048.WAV,ab5e3d95c2e06dc3929960f4be5f0ae986858e14b0da173be802cbfe144c1a59,PP001,10033fde7a59ccaa91b140337df9e04315de6e077f2bef6bcd38d9d2c5dfc3d8,processed/PP001-candidate/reference/REF_048.wav,4f4529cdd5f8b0c596b93835a74796a0a0375a20110c2652cfd7e3b8d6b7ebff,16000,1,7520,0.47,-1.0,-14.139,2.502,0.0,249.812,0,0.1.0,1.1.0/0.1.3-14-ga66f3ee,ok,
PF00049,REF_049,raw/reference/REF_049.WAV,91a91294fa9af64280963582f0b2c045a0bcc18076b8ec25d51bb44ff3941f22,PP001,10033fde7a59ccaa91b140337df9e04315de6e077f2bef6bcd38d9d2c5dfc3d8,processed/PP001-candidate/reference/REF_049.wav,0947ad1f0b4362aadf29f00071ae940f8ff48b5eca15ca69054869110ddedb32,16000,1,10774,0.673375,-1.0,-15.521,8.887,0.0,0.0,0,0.1.0,1.1.0/0.1.3-14-ga66f3ee,ok,
PF00050,REF_050,raw/reference/REF_050.WAV,f84ed655a8d1a2ff7205a0e6e7c79af1e52d22b6a7d4277bbc4d2055fbd7374d,PP001,10033fde7a59ccaa91b140337df9e04315de6e077f2bef6bcd38d9d2c5dfc3d8,processed/PP001-candidate/reference/REF_050.wav,819efbde60601040c145e59edd88b42f88589de79d8ed3c9815c4f94237c2aee,16000,1,7840,0.49,-1.0,-13.38,1.734,0.0,160.188,0,0.1.0,1.1.0/0.1.3-14-ga66f3ee,ok,
PF00051,REF_051,raw/reference/REF_051.WAV,7994ab1898e5fafd7c384adbf3be5074fd765210bed79ec04f019192822b3a60,PP001,10033fde7a59ccaa91b140337df9e04315de6e077f2bef6bcd38d9d2c5dfc3d8,processed/PP001-candidate/reference/REF_051.wav,75962ea646acc07d3f7fd35fc6c116cbf4bf3900ab4789c4eee01001134e142e,16000,1,13920,0.87,-1.0,-11.817,-0.512,0.0,82.0,0,0.1.0,1.1.0/0.1.3-14-ga66f3ee,ok,
PF00052,REF_052,raw/reference/REF_052.WAV,84282bc978210e18bb17ea9e77d3f1d8d9085d3fc31432e9471a23e7b4269a7f,PP001,10033fde7a59ccaa91b140337df9e04315de6e077f2bef6bcd38d9d2c5dfc3d8,processed/PP001-candidate/reference/REF_052.wav,a007b8d7c3abc0e316f096814c0deaf8d4322d76339e10eb8a01bdcdb6b4a384,16000,1,10240,0.64,-1.0,-13.92,-1.051,120.0,145.562,0,0.1.0,1.1.0/0.1.3-14-ga66f3ee,ok,
PF00053,REF_053,raw/reference/REF_053.WAV,99f53a21e064598ab9d21d80005ec1efaa6c40b75e260ea0bf3b884ce4cdedd8,PP001,10033fde7a59ccaa91b140337df9e04315de6e077f2bef6bcd38d9d2c5dfc3d8,processed/PP001-candidate/reference/REF_053.wav,8f6e0ed7c8e1e997f217d401db81a6029c822c9433b638c97d9582c3dd2d32b1,16000,1,10557,0.659813,-1.0,-11.497,-1.079,60.0,0.0,0,0.1.0,1.1.0/0.1.3-14-ga66f3ee,ok,
PF00054,REF_054,raw/reference/REF_054.WAV,dd1c49ee32e5db3155ca6de574c9eb49a1621c9a7231adda7ee6c787bbf97f9e,PP001,10033fde7a59ccaa91b140337df9e04315de6e077f2bef6bcd38d9d2c5dfc3d8,processed/PP001-candidate/reference/REF_054.wav,963657d948ab899d16f5ad887272a8d789042065897c57ad1744668b2e0d377e,16000,1,9440,0.59,-1.0,-14.504,0.277,50.0,242.375,0,0.1.0,1.1.0/0.1.3-14-ga66f3ee,ok,
PF00055,REF_055,raw/reference/REF_055.WAV,772f94209fa7501c1a399b0c357744cc6c8337835e156acd96f691fc1a8b40fd,PP001,10033fde7a59ccaa91b140337df9e04315de6e077f2bef6bcd38d9d2c5dfc3d8,processed/PP001-candidate/reference/REF_055.wav,1155274c5d4ed4661044ab1913d65894f7ad25e0ebc9631b64cd2ddfd7a6ea2c,16000,1,17833,1.114562,-1.0,-12.088,-0.883,0.0,0.0,0,0.1.0,1.1.0/0.1.3-14-ga66f3ee,ok,
PF00056,REF_056,raw/reference/REF_056.WAV,64c24139c91e820a84fa6a09b13338f90e739ec35fb5e6cfed08e62e418076ab,PP001,10033fde7a59ccaa91b140337df9e04315de6e077f2bef6bcd38d9d2c5dfc3d8,processed/PP001-candidate/reference/REF_056.wav,b7b3afc86caa1eb78b2afc1d17c92f36c063c62a34e92feaaa91dc9a00204e2b,16000,1,16320,1.02,-1.0,-13.528,0.044,100.0,64.188,0,0.1.0,1.1.0/0.1.3-14-ga66f3ee,ok,
PF00057,REF_057,raw/reference/REF_057.WAV,34c5f01852560186d69bc4ebaaf6ef4ba905327574521b8eed381fa4c45f3c74,PP001,10033fde7a59ccaa91b140337df9e04315de6e077f2bef6bcd38d9d2c5dfc3d8,processed/PP001-candidate/reference/REF_057.wav,8e55ab6021264bf3c68ab069e49a773f3ef3ae043c8514721cea5434388677f7,16000,1,8640,0.54,-1.0,-13.77,0.192,80.0,53.375,0,0.1.0,1.1.0/0.1.3-14-ga66f3ee,ok,
PF00058,REF_058,raw/reference/REF_058.WAV,689168bce8220c835eee046f27e31c5eb09b5b93c6cadb32672574563fdbca45,PP001,10033fde7a59ccaa91b140337df9e04315de6e077f2bef6bcd38d9d2c5dfc3d8,processed/PP001-candidate/reference/REF_058.wav,8e15fb2b8c7ae7f8e4bc53352fb47652dc079cb36408b9a13d87e339a26bdc11,16000,1,16800,1.05,-1.0,-15.298,-0.024,0.0,157.438,0,0.1.0,1.1.0/0.1.3-14-ga66f3ee,ok,
PF00059,REF_059,raw/reference/REF_059.WAV,bdb6890af9b3b31116e62adfe7cb69f0d75699af3f6a31cce8f62ad64a3fe162,PP001,10033fde7a59ccaa91b140337df9e04315de6e077f2bef6bcd38d9d2c5dfc3d8,processed/PP001-candidate/reference/REF_059.wav,affbe00e67ddab5a1947d6c7fb6cc0bcc8b5a26fd4f9a87d514013713182db33,16000,1,17280,1.08,-1.0,-13.725,3.243,0.0,57.75,0,0.1.0,1.1.0/0.1.3-14-ga66f3ee,ok,
PF00060,REF_060,raw/reference/REF_060.WAV,c2d8c1d32dc1c0791308741c7f2a393ae1539bb698019be8982a40a1d7842a51,PP001,10033fde7a59ccaa91b140337df9e04315de6e077f2bef6bcd38d9d2c5dfc3d8,processed/PP001-candidate/reference/REF_060.wav,28f50c82b262f4eabfff0472dc4bebc11f8a23782ac9ede2643d8bfdd41be329,16000,1,11512,0.7195,-1.0,-13.391,-1.101,70.0,0.0,0,0.1.0,1.1.0/0.1.3-14-ga66f3ee,ok,
PF00061,REF_061,raw/reference/REF_061.WAV,f9d25af6551714844f5d5a04d6e1933f4e78a689e6f04b23f6f47fad86f69d0f,PP001,10033fde7a59ccaa91b140337df9e04315de6e077f2bef6bcd38d9d2c5dfc3d8,processed/PP001-candidate/reference/REF_061.wav,518a337e9f69273b4a3e5f6784e9a84b49a738df2436db3bbe078b2772169936,16000,1,10880,0.68,-1.0,-11.183,-1.036,0.0,63.062,0,0.1.0,1.1.0/0.1.3-14-ga66f3ee,ok,
PF00062,REF_062,raw/reference/REF_062.WAV,7c199c61fb2c88c1c7e20539fa3d1b3d951871016f9c8bcc47ab213739c7b910,PP001,10033fde7a59ccaa91b140337df9e04315de6e077f2bef6bcd38d9d2c5dfc3d8,processed/PP001-candidate/reference/REF_062.wav,7f6abba19158aa1b46eeb439fbcfe9f2c95a4e63b0b77d1ab1271fc568b17dc6,16000,1,10392,0.6495,-1.0,-13.637,-0.333,140.0,0.0,0,0.1.0,1.1.0/0.1.3-14-ga66f3ee,ok,
PF00063,REF_063,raw/reference/REF_063.WAV,024aa2820649479dff3c80ef6b03ff33abd204e3e258dbd76969194a5ae864f6,PP001,10033fde7a59ccaa91b140337df9e04315de6e077f2bef6bcd38d9d2c5dfc3d8,processed/PP001-candidate/reference/REF_063.wav,eafe38cba176fcad799f64b5dfb4c3580f618b4583c44eff6904a96251ecc309,16000,1,9280,0.58,-1.0,-13.707,0.733,150.0,105.938,0,0.1.0,1.1.0/0.1.3-14-ga66f3ee,ok,
PF00064,REF_064,raw/reference/REF_064.WAV,423c43279fb22d5c6a345e87a43f40fee275401274e06ce5077610925699cfed,PP001,10033fde7a59ccaa91b140337df9e04315de6e077f2bef6bcd38d9d2c5dfc3d8,processed/PP001-candidate/reference/REF_064.wav,81cf695a263b19c8860e90ccf8006beef80f6d983d7c9143a256926181e59352,16000,1,22663,1.416438,-1.0,-15.473,0.54,0.0,0.0,0,0.1.0,1.1.0/0.1.3-14-ga66f3ee,ok,
PF00065,REF_065,raw/reference/REF_065.WAV,2c8a5efac231e45d85b4c47c37a87107c5a8b4df2ea078dbb51bcdb97ab42145,PP001,10033fde7a59ccaa91b140337df9e04315de6e077f2bef6bcd38d9d2c5dfc3d8,processed/PP001-candidate/reference/REF_065.wav,d2c5f1bc2b3980ce69bce0dec731333e24dd4ba4a6e7875c0029adc291da47b8,16000,1,20062,1.253875,-1.0,-14.78,1.325,0.0,0.0,0,0.1.0,1.1.0/0.1.3-14-ga66f3ee,ok,
PF00066,REF_066,raw/reference/REF_066.WAV,dfe66507e7f7e6fd992377e36311818328ca747257abb4efaf1f99b11c8757cb,PP001,10033fde7a59ccaa91b140337df9e04315de6e077f2bef6bcd38d9d2c5dfc3d8,processed/PP001-candidate/reference/REF_066.wav,dea4a9b92289d6314ae592f7562457cf8d361eb28a25a93ab7be34f87f99c37f,16000,1,18240,1.14,-1.0,-14.575,1.333,0.0,137.125,0,0.1.0,1.1.0/0.1.3-14-ga66f3ee,ok,
PF00067,REF_067,raw/reference/REF_067.WAV,9c44d0978bb0183c655a7675bec1a6af91c62f76e9bde0089e33130bd64cc833,PP001,10033fde7a59ccaa91b140337df9e04315de6e077f2bef6bcd38d9d2c5dfc3d8,processed/PP001-candidate/reference/REF_067.wav,144d5646956dd1c23eb53bf35d619e9e9ed38e7b8184f4bfe732d1b3e7ed9e9c,16000,1,20805,1.300312,-1.0,-11.64,-1.052,0.0,0.0,0,0.1.0,1.1.0/0.1.3-14-ga66f3ee,ok,
PF00068,REF_068,raw/reference/REF_068.WAV,330f91275e4bcf9d6875708910a4f924b24bd7ee34ee9fd3fab51db08c216c4d,PP001,10033fde7a59ccaa91b140337df9e04315de6e077f2bef6bcd38d9d2c5dfc3d8,processed/PP001-candidate/reference/REF_068.wav,50e0fda9560e8c6843835c6eefb41b2d775e11e66db513cca3a1dca9d02430f6,16000,1,31200,1.95,-1.0,-15.376,0.302,50.0,89.812,0,0.1.0,1.1.0/0.1.3-14-ga66f3ee,ok,
PF00069,REF_069,raw/reference/REF_069.WAV,b4a56dd4cd2d1894e13300fd109d5110d63416890bcb342676f5fffbdd318aa9,PP001,10033fde7a59ccaa91b140337df9e04315de6e077f2bef6bcd38d9d2c5dfc3d8,processed/PP001-candidate/reference/REF_069.wav,615355ccdb4c14aba7451e67f6877dbf92d9aad61ab520ceb504542fa8a69c7b,16000,1,19040,1.19,-1.0,-13.55,4.292,0.0,63.875,0,0.1.0,1.1.0/0.1.3-14-ga66f3ee,ok,
PF00070,REF_070,raw/reference/REF_070.WAV,c591c4456e3fdaa137723cda3782a01ba432ba8a78b0b3c333f6fc9265312f4e,PP001,10033fde7a59ccaa91b140337df9e04315de6e077f2bef6bcd38d9d2c5dfc3d8,processed/PP001-candidate/reference/REF_070.wav,1b58a84af61d44979dd2714930ed4687c560da7f59b4f3fdfb5f32c7531c4f3a,16000,1,18942,1.183875,-1.0,-12.311,-1.061,70.0,0.0,0,0.1.0,1.1.0/0.1.3-14-ga66f3ee,ok,
PF00071,REF_071,raw/reference/REF_071.WAV,ed7af6fb3b0cb2a080c0c8649e76f46156a8c1edb5de746118dd177b957a71d3,PP001,10033fde7a59ccaa91b140337df9e04315de6e077f2bef6bcd38d9d2c5dfc3d8,processed/PP001-candidate/reference/REF_071.wav,2be74ca5bed4d3b8d3b5ceb60512c80d31d5885f08a09ad5c6f435ff12606da7,16000,1,21920,1.37,-1.0,-14.012,-0.685,0.0,0.0,0,0.1.0,1.1.0/0.1.3-14-ga66f3ee,ok,
PF00072,REF_072,raw/reference/REF_072.WAV,07cade712969ee589e22c837ee06776ede95621c39194d30772965ec177b2938,PP001,10033fde7a59ccaa91b140337df9e04315de6e077f2bef6bcd38d9d2c5dfc3d8,processed/PP001-candidate/reference/REF_072.wav,642cf523041c7fb463e86734cd3459c0f328e67c2d76cdcf97733a29437c9712,16000,1,21703,1.356437,-1.0,-15.297,0.692,60.0,0.0,0,0.1.0,1.1.0/0.1.3-14-ga66f3ee,ok,
PF00073,REF_073,raw/reference/REF_073.WAV,1d7c8d4fff802bf798314cd8ad9d77a99f106b5d088111ef256fd1c96acb3dac,PP001,10033fde7a59ccaa91b140337df9e04315de6e077f2bef6bcd38d9d2c5dfc3d8,processed/PP001-candidate/reference/REF_073.wav,febfe9df182f961c51a499e364caff2fbfb30ef7f50e425d9f573ec7d1000220,16000,1,29448,1.8405,-1.0,-13.256,-1.117,110.0,0.0,0,0.1.0,1.1.0/0.1.3-14-ga66f3ee,ok,
PF00074,REF_074,raw/reference/REF_074.WAV,c5224c6065714ba2850c9eee6d129089e72158e892ace452e7b1cee8c7b83436,PP001,10033fde7a59ccaa91b140337df9e04315de6e077f2bef6bcd38d9d2c5dfc3d8,processed/PP001-candidate/reference/REF_074.wav,bc8ad078bb742c77def142e5f291e93b14f4eb2599e5bd55f4dbc951084cb149,16000,1,14478,0.904875,-1.0,-18.901,-0.076,140.0,0.0,0,0.1.0,1.1.0/0.1.3-14-ga66f3ee,ok,
PF00075,REF_075,raw/reference/REF_075.WAV,0ed0839184414195afc01e76fe426bc2126012b72ff6e7dbc8a5805e68e28a5a,PP001,10033fde7a59ccaa91b140337df9e04315de6e077f2bef6bcd38d9d2c5dfc3d8,processed/PP001-candidate/reference/REF_075.wav,4557a0a5c07cd492dad98b2871e26a9fc60f205fbd75552eb4f91f42afc6aef5,16000,1,21548,1.34675,-1.0,-11.708,-1.105,0.0,0.0,0,0.1.0,1.1.0/0.1.3-14-ga66f3ee,ok,
PF00076,REF_076,raw/reference/REF_076.WAV,2f43d4d01678db3b507015bc9ca9880a8fba140af5bb774b038765e0e615dd0f,PP001,10033fde7a59ccaa91b140337df9e04315de6e077f2bef6bcd38d9d2c5dfc3d8,processed/PP001-candidate/reference/REF_076.wav,c6c64504781dd0ed7c9897703474a1920ae5b48aa0f9ac405bf52848ac75e861,16000,1,10560,0.66,-1.0,-14.314,2.001,60.0,69.5,0,0.1.0,1.1.0/0.1.3-14-ga66f3ee,ok,
PF00077,REF_077,raw/reference/REF_077.WAV,e24eac8fa70ecbcd2bc856ca6dcc8f2121ee68c76b455e4c66f5559865fb03c0,PP001,10033fde7a59ccaa91b140337df9e04315de6e077f2bef6bcd38d9d2c5dfc3d8,processed/PP001-candidate/reference/REF_077.wav,f4186746a7653425f6a11e31a3e264d8f4e9339f7b7e8277daf9dfb7f85b2ec4,16000,1,9920,0.62,-1.0,-12.519,-0.575,100.0,255.25,0,0.1.0,1.1.0/0.1.3-14-ga66f3ee,ok,
PF00078,REF_078,raw/reference/REF_078.WAV,031df9353e89f6b5fe9f9ff793c6664e8f874d974457765588592573b9a266fa,PP001,10033fde7a59ccaa91b140337df9e04315de6e077f2bef6bcd38d9d2c5dfc3d8,processed/PP001-candidate/reference/REF_078.wav,5c7a2cc3ad6bb3a197c0f0dbc90bad40a5d9ae080ed4325deacb7d2eac8f8322,16000,1,12415,0.775937,-1.0,-15.014,6.409,60.0,0.0,0,0.1.0,1.1.0/0.1.3-14-ga66f3ee,ok,
PF00079,REF_079,raw/reference/REF_079.WAV,60cbcc90115483bbbf9f8783caa3fcc544d42f77475aaf0f823d2422a2e20f54,PP001,10033fde7a59ccaa91b140337df9e04315de6e077f2bef6bcd38d9d2c5dfc3d8,processed/PP001-candidate/reference/REF_079.wav,2586119cce9b58d526e04063749aec477529aaede019b435f38278342467e476,16000,1,12320,0.77,-1.0,-15.329,0.677,120.0,131.688,0,0.1.0,1.1.0/0.1.3-14-ga66f3ee,ok,
PF00080,REF_080,raw/reference/REF_080.WAV,afd08071d96c837c9a301566b68eb7a8a0eca90c92ac5922ef9de46d4ed500c7,PP001,10033fde7a59ccaa91b140337df9e04315de6e077f2bef6bcd38d9d2c5dfc3d8,processed/PP001-candidate/reference/REF_080.wav,393893f4eb2882df62caeaecce7b9b80f8a34e74bd6d4b94d04085eeee5706d1,16000,1,8640,0.54,-1.0,-18.445,3.458,0.0,110.188,0,0.1.0,1.1.0/0.1.3-14-ga66f3ee,ok,
PF00081,REF_081,raw/reference/REF_081.WAV,3527d0a4bce97b050a74023a27ee39df68b8266d74093378f212cda5c0bd75c4,PP001,10033fde7a59ccaa91b140337df9e04315de6e077f2bef6bcd38d9d2c5dfc3d8,processed/PP001-candidate/reference/REF_081.wav,da004b560ea958aee9646f2ccf81808fd1336b6016b89ffe32b2e8af6051a541,16000,1,12480,0.78,-1.0,-13.774,5.336,60.0,135.25,0,0.1.0,1.1.0/0.1.3-14-ga66f3ee,ok,
PF00082,REF_082,raw/reference/REF_082.WAV,b852e6ecf25c0c48c0d1ddb29a90c3737b022391f1a39d460399c9dd630bcc7f,PP001,10033fde7a59ccaa91b140337df9e04315de6e077f2bef6bcd38d9d2c5dfc3d8,processed/PP001-candidate/reference/REF_082.wav,8caea887c714eb3540d02afd417f98d17edbc34f080a86a78bb68597cd1aad24,16000,1,16290,1.018125,-1.0,-13.464,-0.492,50.0,0.0,0,0.1.0,1.1.0/0.1.3-14-ga66f3ee,ok,
PF00083,REF_083,raw/reference/REF_083.WAV,d62441a9e77ec0fd81b81160fe847572442af01e15d5c4f852b59d1f40271965,PP001,10033fde7a59ccaa91b140337df9e04315de6e077f2bef6bcd38d9d2c5dfc3d8,processed/PP001-candidate/reference/REF_083.wav,4d911f4d9a42488fd15c32d919ef4ee463f66ec28ff5cf0f46ac23816246dfac,16000,1,31840,1.99,-1.0,-13.46,-0.242,200.0,62.312,0,0.1.0,1.1.0/0.1.3-14-ga66f3ee,ok,
PF00084,REF_084,raw/reference/REF_084.WAV,9738eaf020a876363b07c747c5b71c5b0d8ae035931f1683b82599be9e9ce8c1,PP001,10033fde7a59ccaa91b140337df9e04315de6e077f2bef6bcd38d9d2c5dfc3d8,processed/PP001-candidate/reference/REF_084.wav,b2cfc6e259ba08a063c88f89079a1c11bcb75e976bd977eb5995bbd437439a3e,16000,1,17090,1.068125,-1.0,-12.443,-1.025,0.0,0.0,0,0.1.0,1.1.0/0.1.3-14-ga66f3ee,ok,
PF00085,REF_085,raw/reference/REF_085.WAV,1165f0c327f0832c394da0ce3675357b513dafb0b651b241127c0618114ac5b0,PP001,10033fde7a59ccaa91b140337df9e04315de6e077f2bef6bcd38d9d2c5dfc3d8,processed/PP001-candidate/reference/REF_085.wav,b5592ccceaec660b9bc09885c70ca3a3db92bd19b5bdbec0ff121399c9646188,16000,1,17404,1.08775,-1.0,-12.932,1.636,50.0,0.0,0,0.1.0,1.1.0/0.1.3-14-ga66f3ee,ok,
PF00086,REF_086,raw/reference/REF_086.WAV,644bceaaf8a3553dc29981c35f13cb81f70cbd630a0a6be40efe4129f39f1590,PP001,10033fde7a59ccaa91b140337df9e04315de6e077f2bef6bcd38d9d2c5dfc3d8,processed/PP001-candidate/reference/REF_086.wav,af401bf6e0d2ce95ca45572e1c071f5775ff36f5981f700afdc9283117adad12,16000,1,14400,0.9,-1.0,-13.417,-1.092,70.0,51.688,0,0.1.0,1.1.0/0.1.3-14-ga66f3ee,ok,
PF00087,REF_087,raw/reference/REF_087.WAV,2e2145c24917fd3cfdfc72b0fc6e5cd7fc91381ba2c69c4f8ab3816b049f1d0c,PP001,10033fde7a59ccaa91b140337df9e04315de6e077f2bef6bcd38d9d2c5dfc3d8,processed/PP001-candidate/reference/REF_087.wav,a504bbb32e2c3714d874daac3cb90d5f14249eb5db282049fe6d3941b8897f4b,16000,1,32160,2.01,-1.0,-13.24,-1.146,120.0,192.0,0,0.1.0,1.1.0/0.1.3-14-ga66f3ee,ok,
PF00088,REF_088,raw/reference/REF_088.WAV,d0be003563e396de8e281ebc140e2209e7209e66cea99f5d76872b660afe0dee,PP001,10033fde7a59ccaa91b140337df9e04315de6e077f2bef6bcd38d9d2c5dfc3d8,processed/PP001-candidate/reference/REF_088.wav,d12aa7814912de328ebad1815ed6f45271c0ff1f5aab3e7ce214238b3ca48a94,16000,1,24160,1.51,-1.0,-11.516,-0.177,130.0,240.812,0,0.1.0,1.1.0/0.1.3-14-ga66f3ee,ok,
PF00089,REF_089,raw/reference/REF_089.WAV,3223233f487c60c144f1349b8829864088fb10e912b13b7b872ce67fb742c8f5,PP001,10033fde7a59ccaa91b140337df9e04315de6e077f2bef6bcd38d9d2c5dfc3d8,processed/PP001-candidate/reference/REF_089.wav,e061c19adb34ffac8c7a3f3ab348e1b540f82f65b4984a415e2605b4a6c546c1,16000,1,18359,1.147438,-1.0,-12.214,-1.046,60.0,0.0,0,0.1.0,1.1.0/0.1.3-14-ga66f3ee,ok,
PF00090,REF_090,raw/reference/REF_090.WAV,148f00eddf038ea8043fd1c4d87fbef03f7070a70ca8748d9bb4cc3543abcf67,PP001,10033fde7a59ccaa91b140337df9e04315de6e077f2bef6bcd38d9d2c5dfc3d8,processed/PP001-candidate/reference/REF_090.wav,dbe4514b371e6548fdea034f266a3ae743d1ec3ac0f38384280f8e3072526697,16000,1,12640,0.79,-1.0,-13.038,-0.412,70.0,115.25,0,0.1.0,1.1.0/0.1.3-14-ga66f3ee,ok,
PF00091,REF_091,raw/reference/REF_091.WAV,64d822b6a2708050bd3c96c1e2cfd3fd91e5b437497df0e31067744780c6df5f,PP001,10033fde7a59ccaa91b140337df9e04315de6e077f2bef6bcd38d9d2c5dfc3d8,processed/PP001-candidate/reference/REF_091.wav,349a3a94eae00b48645e913377eb1f1c9116b62e87bcca4026f670c308f0ee83,16000,1,11040,0.69,-1.0,-16.515,-1.02,110.0,105.562,0,0.1.0,1.1.0/0.1.3-14-ga66f3ee,ok,
PF00092,REF_092,raw/reference/REF_092.WAV,497d6a37cd3d24664ae871402706e85966e8bc20ac5dc4f8c0c8d1d68b469a84,PP001,10033fde7a59ccaa91b140337df9e04315de6e077f2bef6bcd38d9d2c5dfc3d8,processed/PP001-candidate/reference/REF_092.wav,b13aad4b285afdc1e185ff91b7ef2cd6bb6d6367b3cac5f351e7ea9591bddc44,16000,1,9288,0.5805,-1.0,-12.707,-1.056,0.0,0.0,0,0.1.0,1.1.0/0.1.3-14-ga66f3ee,ok,
PF00093,REF_093,raw/reference/REF_093.WAV,0b02522cbc68ae45aa2d893f7d53058a3710adfcf088e252a73c9dbbb4769762,PP001,10033fde7a59ccaa91b140337df9e04315de6e077f2bef6bcd38d9d2c5dfc3d8,processed/PP001-candidate/reference/REF_093.wav,e1da0e8170292cda15d494923349303530a9b1b88fab92b37687a5088e36b0bd,16000,1,20062,1.253875,-1.0,-14.677,-0.148,0.0,0.0,0,0.1.0,1.1.0/0.1.3-14-ga66f3ee,ok,
PF00094,REF_094,raw/reference/REF_094.WAV,a025e9880750e97d2b4fc7827bb010c7ef3eef495b0a5be4126b1b53562083b6,PP001,10033fde7a59ccaa91b140337df9e04315de6e077f2bef6bcd38d9d2c5dfc3d8,processed/PP001-candidate/reference/REF_094.wav,3ddf9fb94eddc6cb8e4f8d3cc0671b882885515f0b307ba37abe94e39179ca1a,16000,1,20062,1.253875,-1.0,-16.298,3.552,0.0,0.0,0,0.1.0,1.1.0/0.1.3-14-ga66f3ee,ok,
PF00095,REF_095,raw/reference/REF_095.WAV,16288432a5d23873b83eeb277ff02656d7d279a86a188bed258bf5824b277226,PP001,10033fde7a59ccaa91b140337df9e04315de6e077f2bef6bcd38d9d2c5dfc3d8,processed/PP001-candidate/reference/REF_095.wav,954576835996af342a6f0ddecb210a82cd09c8afa490d4da76652f11e01a2ac7,16000,1,6400,0.4,-1.0,-14.902,0.2,60.0,74.062,0,0.1.0,1.1.0/0.1.3-14-ga66f3ee,ok,
PF00096,REF_096,raw/reference/REF_096.WAV,e02ddefc0dcddf8c70ad28a197207d19f6c35e1bd7812433c6dab10a365de156,PP001,10033fde7a59ccaa91b140337df9e04315de6e077f2bef6bcd38d9d2c5dfc3d8,processed/PP001-candidate/reference/REF_096.wav,256beb17c2773afc75fade1569fe18a912b5105b22dd99f5048f5a1692622a05,16000,1,12320,0.77,-1.0,-14.081,0.075,60.0,122.0,0,0.1.0,1.1.0/0.1.3-14-ga66f3ee,ok,
PF00097,REF_097,raw/reference/REF_097.WAV,fb264ceea813d340dde6910623d1454cbd03f63e440c7437aa155c96d9b57b9a,PP001,10033fde7a59ccaa91b140337df9e04315de6e077f2bef6bcd38d9d2c5dfc3d8,processed/PP001-candidate/reference/REF_097.wav,db21eeafecf35c0a835e8d97658d54976d08ff7c669ca43e8f769d7a96ec9cdb,16000,1,11615,0.725938,-1.0,-11.875,-1.067,110.0,0.0,0,0.1.0,1.1.0/0.1.3-14-ga66f3ee,ok,
PF00098,REF_098,raw/reference/REF_098.WAV,74f972c25093bb75a52874b959ccd19b2c3daddbfef2cbd04ea2187b86d376f2,PP001,10033fde7a59ccaa91b140337df9e04315de6e077f2bef6bcd38d9d2c5dfc3d8,processed/PP001-candidate/reference/REF_098.wav,44fef314872c596646ce63a79b8bfdb0adec6614b41f21b8809488a994f95ec9,16000,1,17120,1.07,-1.0,-14.496,-0.343,60.0,123.875,0,0.1.0,1.1.0/0.1.3-14-ga66f3ee,ok,
PF00099,REF_099,raw/reference/REF_099.WAV,ee8d9e0e4ce3da053c303147a756696bac69c84d0fc9e2725998cabe15fe062d,PP001,10033fde7a59ccaa91b140337df9e04315de6e077f2bef6bcd38d9d2c5dfc3d8,processed/PP001-candidate/reference/REF_099.wav,f1ed84fa00b2c738cda217fb39dadee14c59c2d5c36d6c45d69135066f90ce6d,16000,1,13209,0.825562,-1.0,-14.25,5.602,80.0,0.0,0,0.1.0,1.1.0/0.1.3-14-ga66f3ee,ok,
PF00100,REF_100,raw/reference/REF_100.WAV,e74a42aedf466afb1016522d88807850b3fe27b67ff21f9f219506c9eadd4ea9,PP001,10033fde7a59ccaa91b140337df9e04315de6e077f2bef6bcd38d9d2c5dfc3d8,processed/PP001-candidate/reference/REF_100.wav,ea5c41f6f2b2557035f43a3db45ba9fd29667720037ed6a4d60972c1d03764ef,16000,1,19680,1.23,-1.0,-14.474,0.046,0.0,70.312,0,0.1.0,1.1.0/0.1.3-14-ga66f3ee,ok,
PF00101,REF_101,raw/reference/REF_101.WAV,34865a2c1e9a84b667d9abb3d25617dd3868e1a3095461945cea0e4e5c161755,PP001,10033fde7a59ccaa91b140337df9e04315de6e077f2bef6bcd38d9d2c5dfc3d8,processed/PP001-candidate/reference/REF_101.wav,98cec257a9b52151bc3f07bb90231986ffa2cbbed3d3373c648de23ed5efc158,16000,1,20805,1.300312,-1.0,-14.365,-0.01,0.0,0.0,0,0.1.0,1.1.0/0.1.3-14-ga66f3ee,ok,
PF00102,REF_102,raw/reference/REF_102.WAV,2fc7e8a5d2c4b9e3131d2dd861262ce961d7cb6d71ceaf608a6bf1227b4c97a6,PP001,10033fde7a59ccaa91b140337df9e04315de6e077f2bef6bcd38d9d2c5dfc3d8,processed/PP001-candidate/reference/REF_102.wav,9ab2f321f646420363f16b8d0ed55d34ebf3c4470c7ec19ada2970efe958ccf1,16000,1,24960,1.56,-1.0,-13.858,-0.465,70.0,111.5,0,0.1.0,1.1.0/0.1.3-14-ga66f3ee,ok,
PF00103,REF_103,raw/reference/REF_103.WAV,6e484c885ae2fefe2a1380aa558f2477bb68b9ed74485d9ffb3514d8367cbbec,PP001,10033fde7a59ccaa91b140337df9e04315de6e077f2bef6bcd38d9d2c5dfc3d8,processed/PP001-candidate/reference/REF_103.wav,4174f7b0c48be042cb2cbf52cdffcd81692d1fce5c37d4489ee9ebd553e73f5e,16000,1,9920,0.62,-1.0,-13.215,0.275,0.0,215.938,0,0.1.0,1.1.0/0.1.3-14-ga66f3ee,ok,
PF00104,REF_104,raw/reference/REF_104.WAV,e19719cfccf139755d788b27722b8fbc4fb4bcb6f8988543c84e1d1249dc1e22,PP001,10033fde7a59ccaa91b140337df9e04315de6e077f2bef6bcd38d9d2c5dfc3d8,processed/PP001-candidate/reference/REF_104.wav,781372204969dfb98195789700329df4f8e270786bce5452d2b49b0193e2d109,16000,1,18462,1.153875,-1.0,-16.117,6.313,100.0,0.0,0,0.1.0,1.1.0/0.1.3-14-ga66f3ee,ok,
PF00105,REF_105,raw/reference/REF_105.WAV,aeff91ec07517593ac8486576e32c4759699a30bfbc7381647581552031de051,PP001,10033fde7a59ccaa91b140337df9e04315de6e077f2bef6bcd38d9d2c5dfc3d8,processed/PP001-candidate/reference/REF_105.wav,32851955762d4c6387c3a2103fe92024a5fea1301151c2fb174d32a9a4b3c116,16000,1,15970,0.998125,-1.0,-17.156,2.466,70.0,0.0,0,0.1.0,1.1.0/0.1.3-14-ga66f3ee,ok,
PF00106,REF_106,raw/reference/REF_106.WAV,3c7095f300ad9b85cbdbbc29eb0c6073b0cac7601dd51aea13a5095b028b3eb8,PP001,10033fde7a59ccaa91b140337df9e04315de6e077f2bef6bcd38d9d2c5dfc3d8,processed/PP001-candidate/reference/REF_106.wav,09ca5adf58825b907aba4cf812b146357b22d4da9978905a36be8f7fb9cb1779,16000,1,13003,0.812688,-1.0,-11.89,-1.082,0.0,0.0,0,0.1.0,1.1.0/0.1.3-14-ga66f3ee,ok,
PF00107,REF_107,raw/reference/REF_107.WAV,6f75cc9051a8906681818dd80a299792487352dcc0f5df09df054a575a61a834,PP001,10033fde7a59ccaa91b140337df9e04315de6e077f2bef6bcd38d9d2c5dfc3d8,processed/PP001-candidate/reference/REF_107.wav,d85cf0fe0f196a307262eeca1292f0122a2ab6a430cf59e3f434646b20005435,16000,1,11520,0.72,-1.0,-16.954,-0.58,0.0,324.875,0,0.1.0,1.1.0/0.1.3-14-ga66f3ee,ok,
PF00108,REF_108,raw/reference/REF_108.WAV,98fdec3c025c59bf3c1033aea01f96d5a1f24a7cbe361a01012fa59f9ff03cbb,PP001,10033fde7a59ccaa91b140337df9e04315de6e077f2bef6bcd38d9d2c5dfc3d8,processed/PP001-candidate/reference/REF_108.wav,3d7afff77b77a1a65a06d6710b227e211c142505ac582847743b64e79a1b4579,16000,1,6240,0.39,-1.0,-14.114,0.374,50.0,279.812,0,0.1.0,1.1.0/0.1.3-14-ga66f3ee,ok,
PF00109,REF_109,raw/reference/REF_109.WAV,e9f7b5065b42d8870e044d1f434bbe238930153a489688214363215e34bc77fa,PP001,10033fde7a59ccaa91b140337df9e04315de6e077f2bef6bcd38d9d2c5dfc3d8,processed/PP001-candidate/reference/REF_109.wav,d6dbb4f0e0699dd435b0598cdd0e8da2480846730603231a09dfaf5897dc487f,16000,1,10929,0.683063,-1.0,-10.657,-1.05,60.0,0.0,0,0.1.0,1.1.0/0.1.3-14-ga66f3ee,ok,
PF00110,REF_110,raw/reference/REF_110.WAV,ec33ade42510a502d07ef70545b0a92bce07ea9c5efb0fd39cb79f640d682d3a,PP001,10033fde7a59ccaa91b140337df9e04315de6e077f2bef6bcd38d9d2c5dfc3d8,processed/PP001-candidate/reference/REF_110.wav,392a68df1b3c84e606de92832eab573f0ddf09dcac37abe663dfb7b5e3bfb140,16000,1,14489,0.905563,-1.0,-14.223,4.423,0.0,0.0,0,0.1.0,1.1.0/0.1.3-14-ga66f3ee,ok,
PF00111,REF_111,raw/reference/REF_111.WAV,ae263039b4fd2945163d4400b7eaa73246f1ab4694ea63e76edf0e2bd4d3b25a,PP001,10033fde7a59ccaa91b140337df9e04315de6e077f2bef6bcd38d9d2c5dfc3d8,processed/PP001-candidate/reference/REF_111.wav,1099c97768aeaf839e07196812d30c277b91c059e712eb92261348c14636de57,16000,1,16718,1.044875,-1.0,-13.95,3.61,0.0,0.0,0,0.1.0,1.1.0/0.1.3-14-ga66f3ee,ok,
PF00112,REF_112,raw/reference/REF_112.WAV,6961a10f7cca9870c6ad80604cf81240044e0bbcc58f60c6651ab1217a83da77,PP001,10033fde7a59ccaa91b140337df9e04315de6e077f2bef6bcd38d9d2c5dfc3d8,processed/PP001-candidate/reference/REF_112.wav,5be8670d416bc92f76a7d5e1a6189580b0a871f1044252be52e0a176b6ad2c35,16000,1,8545,0.534062,-1.0,-13.601,-0.065,0.0,0.0,0,0.1.0,1.1.0/0.1.3-14-ga66f3ee,ok,
PF00113,REF_113,raw/reference/REF_113.WAV,7248133322f1e0e75dfc373f581f63403d28d0b5caec8fd75bc1d83fed49f61c,PP001,10033fde7a59ccaa91b140337df9e04315de6e077f2bef6bcd38d9d2c5dfc3d8,processed/PP001-candidate/reference/REF_113.wav,4aa22e05aa53e28706a361969af83ae48aab148a21383712dd3d67a59b7ed407,16000,1,8545,0.534062,-1.0,-16.411,2.019,0.0,0.0,0,0.1.0,1.1.0/0.1.3-14-ga66f3ee,ok,
PF00114,REF_114,raw/reference/REF_114.WAV,a5e950826e7310d96f0abf24daebed36f5fba32bd9f0ffcb1a4f183b8680ce57,PP001,10033fde7a59ccaa91b140337df9e04315de6e077f2bef6bcd38d9d2c5dfc3d8,processed/PP001-candidate/reference/REF_114.wav,bad1e3bb6aedd8714cd7cc87c9fd738fcad1cee27ec3364c822ccb830695be3a,16000,1,7680,0.48,-1.0,-14.714,3.787,270.0,155.562,0,0.1.0,1.1.0/0.1.3-14-ga66f3ee,ok,
PF00115,REF_115,raw/reference/REF_115.WAV,72ec9246663d3801c82005878db1ffd50c37b50bc51f9e6fb62f32a5c1c04b4f,PP001,10033fde7a59ccaa91b140337df9e04315de6e077f2bef6bcd38d9d2c5dfc3d8,processed/PP001-candidate/reference/REF_115.wav,913084135d57c253ad2f1bc4207aa45c11b8b13917769fcde46703256e49c2a0,16000,1,8160,0.51,-1.0,-16.843,0.752,0.0,209.812,0,0.1.0,1.1.0/0.1.3-14-ga66f3ee,ok,
PF00116,REF_116,raw/reference/REF_116.WAV,b31ae0b9c969b13f9a67084899851188a466f435211f180dc1652e3cd6cd17ab,PP001,10033fde7a59ccaa91b140337df9e04315de6e077f2bef6bcd38d9d2c5dfc3d8,processed/PP001-candidate/reference/REF_116.wav,5c73cb1aa6aab1028fbfdeb1a9f5faf8f319c77204f44fdfd25c44bd3bfc6c18,16000,1,6720,0.42,-1.0,-13.847,-0.372,60.0,332.688,0,0.1.0,1.1.0/0.1.3-14-ga66f3ee,ok,
PF00117,REF_117,raw/reference/REF_117.WAV,c12da1b134517370224be7cae090168ca0c433358b6b3bed5c3c355160c1b3e1,PP001,10033fde7a59ccaa91b140337df9e04315de6e077f2bef6bcd38d9d2c5dfc3d8,processed/PP001-candidate/reference/REF_117.wav,94d24870275ff21663409a3489d8ad93cff9bab0299e0b1c482072cae5b51490,16000,1,13689,0.855563,-1.0,-15.479,-0.489,50.0,0.0,0,0.1.0,1.1.0/0.1.3-14-ga66f3ee,ok,
PF00118,REF_118,raw/reference/REF_118.WAV,7a6b505d8659eb5e66bff90143dcc8bfbeb41774a2d1fc652993d4708b35597c,PP001,10033fde7a59ccaa91b140337df9e04315de6e077f2bef6bcd38d9d2c5dfc3d8,processed/PP001-candidate/reference/REF_118.wav,7b5e97ac76ad18b9731ae76896a2a9db75a949a2799b774d1b8080506e8ebaa6,16000,1,15604,0.97525,-1.0,-15.039,1.747,0.0,0.0,0,0.1.0,1.1.0/0.1.3-14-ga66f3ee,ok,
PF00119,REF_119,raw/reference/REF_119.WAV,0ec0d3f3c478e5ed8095facc2478dd7ed867c6b42910361593d6c4732962d8a8,PP001,10033fde7a59ccaa91b140337df9e04315de6e077f2bef6bcd38d9d2c5dfc3d8,processed/PP001-candidate/reference/REF_119.wav,7a0c79b0d048d7db3b7aa8140d4d9ddb573afaadbeee7b955afb733d50e652b3,16000,1,15604,0.97525,-1.0,-16.498,-0.457,0.0,0.0,0,0.1.0,1.1.0/0.1.3-14-ga66f3ee,ok,
PF00120,REF_120,raw/reference/REF_120.WAV,ec3ed72a6661747c5f944afcb6c263eb0da5e2e6020cc803b41cd36ce6fca6cf,PP001,10033fde7a59ccaa91b140337df9e04315de6e077f2bef6bcd38d9d2c5dfc3d8,processed/PP001-candidate/reference/REF_120.wav,4a8abe789c3cb41048ede08b2ff8f760b92b5627c4eff094d7be90f2a12ee26f,16000,1,17090,1.068125,-1.0,-16.794,-0.86,0.0,0.0,0,0.1.0,1.1.0/0.1.3-14-ga66f3ee,ok,
PF00121,REF_121,raw/reference/REF_121.WAV,f215d2709befa4b9bf8fa2769553c61c94546cd2497c07a981792cf78f442525,PP001,10033fde7a59ccaa91b140337df9e04315de6e077f2bef6bcd38d9d2c5dfc3d8,processed/PP001-candidate/reference/REF_121.wav,8beec478360d99511f5e8a80c871c9287dd1205a5ec7805cfcb47b0db8970f5e,16000,1,16347,1.021688,-1.0,-14.795,1.041,0.0,0.0,0,0.1.0,1.1.0/0.1.3-14-ga66f3ee,ok,
PF00122,REF_122,raw/reference/REF_122.WAV,526b2c125fd611b43079261037f6a476fce4de72d77afe73427120a98de0b4e5,PP001,10033fde7a59ccaa91b140337df9e04315de6e077f2bef6bcd38d9d2c5dfc3d8,processed/PP001-candidate/reference/REF_122.wav,b8b57e8417a840f94e1f6fe5100a0fd8fc10bee01d55904b07c400612bbd1676,16000,1,14118,0.882375,-1.0,-16.515,-1.046,0.0,0.0,0,0.1.0,1.1.0/0.1.3-14-ga66f3ee,ok,
PF00123,REF_123,raw/reference/REF_123.WAV,f667b8bb938ac68473c7897b53309b27f967b5258b207d8787bd2eb35b982f4e,PP001,10033fde7a59ccaa91b140337df9e04315de6e077f2bef6bcd38d9d2c5dfc3d8,processed/PP001-candidate/reference/REF_123.wav,893ad020c5177bd3a2e65b59cadabbbe18dbfd2fbcc3843510a777fc3fae2b8e,16000,1,18204,1.13775,-1.0,-15.062,-0.262,0.0,0.0,0,0.1.0,1.1.0/0.1.3-14-ga66f3ee,ok,
PF00124,REF_124,raw/reference/REF_124.WAV,43f067cea1aa5612455d85fa38f3cd34f39c941613517f71c116832cc27d7388,PP001,10033fde7a59ccaa91b140337df9e04315de6e077f2bef6bcd38d9d2c5dfc3d8,processed/PP001-candidate/reference/REF_124.wav,44d5e5f3600013c3b68f18052e09adbb79adc5753e2e650e431442d6730235f3,16000,1,10774,0.673375,-1.0,-20.021,-0.227,0.0,0.0,0,0.1.0,1.1.0/0.1.3-14-ga66f3ee,ok,
PF00125,REF_125,raw/reference/REF_125.WAV,5208419ee0f9c12429f088f8b12ece5f4fd9aef8a536ff24a6549d6f5287699f,PP001,10033fde7a59ccaa91b140337df9e04315de6e077f2bef6bcd38d9d2c5dfc3d8,processed/PP001-candidate/reference/REF_125.wav,f1c7871e702eb8d7067ca1b3e039b3df1ff72f89408ce2c7376b8cf8a46243bd,16000,1,20640,1.29,-1.0,-11.844,-1.103,70.0,56.438,0,0.1.0,1.1.0/0.1.3-14-ga66f3ee,ok,
PF00126,REF_126,raw/reference/REF_126.WAV,d11d5dee3a68788b395e6fe6068c7e283e8ac8982b699f805ea6d2f0883df93d,PP001,10033fde7a59ccaa91b140337df9e04315de6e077f2bef6bcd38d9d2c5dfc3d8,processed/PP001-candidate/reference/REF_126.wav,981a91996d339e155e2c0d0dc87d007959e676f158dce9c3b6203dc6a2d7fe58,16000,1,15520,0.97,-1.0,-15.105,-0.116,0.0,74.875,0,0.1.0,1.1.0/0.1.3-14-ga66f3ee,ok,
PF00127,REF_127,raw/reference/REF_127.WAV,7589ab882f38785dc583a92b6f941ac17c15640112519d9cb369155f75d16958,PP001,10033fde7a59ccaa91b140337df9e04315de6e077f2bef6bcd38d9d2c5dfc3d8,processed/PP001-candidate/reference/REF_127.wav,0caf847506c7c384b14ef8c610168ecc10542f5a7d9e5fce1faa8d01b9af4297,16000,1,14112,0.882,-1.0,-15.393,2.453,70.0,0.0,0,0.1.0,1.1.0/0.1.3-14-ga66f3ee,ok,
PF00128,REF_128,raw/reference/REF_128.WAV,cd8ce9b786e57cfd65e6eedf213ddfcc350145387fef169174cf5a787460d753,PP001,10033fde7a59ccaa91b140337df9e04315de6e077f2bef6bcd38d9d2c5dfc3d8,processed/PP001-candidate/reference/REF_128.wav,2e33e60b0c82a36c130bdea8c644a0d4848e9cc29cb057a1e9cc2c5a9947c3f1,16000,1,12000,0.75,-1.0,-13.182,-0.368,140.0,131.688,0,0.1.0,1.1.0/0.1.3-14-ga66f3ee,ok,
