recording_id,file_path,container,codec,sample_rate_hz,channels,bit_depth,duration_sec,bitrate_kbps,file_size_bytes,readable,probe_tool,probe_tool_version,probe_date,sha256,probe_notes
REF_001,raw/reference/REF_001.WAV,wave,pcm,44100,2,16,0.789,1411.2,139342,true,mutagen,1.48.1,2026-09-30,1b219700b02dea627d47485fb80b5c50eb82562fafae695cd7eb29dd976dfaa8,
REF_002,raw/reference/REF_002.WAV,wave,pcm,44100,2,16,0.673,1411.2,118862,true,mutagen,1.48.1,2026-09-30,e6d00af79a0d1745e1d13a5e623c42614b6ab2b8c26e3aaa7ae5d6341952e6bd,
REF_003,raw/reference/REF_003.WAV,wave,pcm,44100,2,16,0.836,1411.2,147534,true,mutagen,1.48.1,2026-09-30,cdde9df7907e0bc555bb87b86156449aadb2b55e92e66c13d394c81f71b90e8a,
REF_004,raw/reference/REF_004.WAV,wave,pcm,44100,2,16,0.789,1411.2,139342,true,mutagen,1.48.1,2026-09-30,fac9ed91bedbe1bc6320bab7a868141239953c707242ea0bb38f0030a6c3c69c,
REF_005,raw/reference/REF_005.WAV,wave,pcm,44100,2,16,0.604,1411.2,106574,true,mutagen,1.48.1,2026-09-30,d7947be7ae6c3a1b50ec14a0a2b1eea861add28e94fc853853314e6b92551f4f,
REF_006,raw/reference/REF_006.WAV,wave,pcm,44100,2,16,0.65,1411.2,114766,true,mutagen,1.48.1,2026-09-30,547833a488ce84dfd5f78f43b9304466256bef781491ed95da019b522ed23ae8,
REF_007,raw/reference/REF_007.WAV,wave,pcm,44100,2,16,1.649,1411.2,290894,true,mutagen,1.48.1,2026-09-30,277ee45e4948eb75279f52ca8f2bd70a5a3e036cfd65bf55e19039eab03b6aaa,
REF_008,raw/reference/REF_008.WAV,wave,pcm,44100,2,16,1.3,1411.2,229454,true,mutagen,1.48.1,2026-09-30,b09e85da665e252bf0999b95f9e822f4a2ac6ee4a431d6bd1c72d46b1664aa55,
REF_009,raw/reference/REF_009.WAV,wave,pcm,44100,2,16,0.604,1411.2,106574,true,mutagen,1.48.1,2026-09-30,7d52cafa4116c4e77f621d131a0f44873025785af7cf6ac0f99b8e41f7360efb,
REF_010,raw/reference/REF_010.WAV,wave,pcm,44100,2,16,1.254,1411.2,221262,true,mutagen,1.48.1,2026-09-30,1fadf367a160faa54ad503afede1ed7b830c3e0732743c9b8df83da46b237ea5,
REF_011,raw/reference/REF_011.WAV,wave,pcm,44100,2,16,0.604,1411.2,106574,true,mutagen,1.48.1,2026-09-30,37b64eb6d9c56ebe1f086d4650376ff90e906dbd711a8b693d6f2e2de38f6ac8,
REF_012,raw/reference/REF_012.WAV,wave,pcm,44100,2,16,0.604,1411.2,106574,true,mutagen,1.48.1,2026-09-30,4e69413ea5db00c2f115149a9e42c31920b64230e0b6d9ff10cb846c22f7ea15,
REF_013,raw/reference/REF_013.WAV,wave,pcm,44100,2,16,0.789,1411.2,139342,true,mutagen,1.48.1,2026-09-30,bc8314eea0e3d27b5d20fe12285bd6f9cf280bd87f1925d4efa7de8d38b4d16f,
REF_014,raw/reference/REF_014.WAV,wave,pcm,44100,2,16,1.207,1411.2,213070,true,mutagen,1.48.1,2026-09-30,2c46da1e02502614f910b574d69b34b1d54d1f318cd751bed525cf6f1ce764b2,
REF_015,raw/reference/REF_015.WAV,wave,pcm,44100,2,16,0.836,1411.2,147534,true,mutagen,1.48.1,2026-09-30,5aced0554ca584b38d6eeaff8277bf9b306e246bd7a86edb37d637f5982d064c,
REF_016,raw/reference/REF_016.WAV,wave,pcm,44100,2,16,0.836,1411.2,147534,true,mutagen,1.48.1,2026-09-30,bc1bc357c88bf1c3bbffd8fc9245f07f86e237a659c3bbe76415ac8bf647ce6e,
REF_017,raw/reference/REF_017.WAV,wave,pcm,44100,2,16,1.138,1411.2,200782,true,mutagen,1.48.1,2026-09-30,27a096a8fe027eaaa46e037355382aca17f75b0ea9196e59c95ead0821bf7bec,
REF_018,raw/reference/REF_018.WAV,wave,pcm,44100,2,16,1.788,1411.2,315470,true,mutagen,1.48.1,2026-09-30,07181c16e104de6dfc369d414bf9212a43950b5d86e757c15e30de6d837df6be,
REF_019,raw/reference/REF_019.WAV,wave,pcm,44100,2,16,1.277,1411.2,225358,true,mutagen,1.48.1,2026-09-30,bdf3cd668e030b4ac3458710df93d575a55e8692be981c86c1faf3a2e582d8c4,
REF_020,raw/reference/REF_020.WAV,wave,pcm,44100,2,16,0.882,1411.2,155726,true,mutagen,1.48.1,2026-09-30,5c420b7b79c26a15af85d65cd3d4f40fd02e0208ffd6109383b88eb320afb119,
REF_021,raw/reference/REF_021.WAV,wave,pcm,44100,2,16,1.138,1411.2,200782,true,mutagen,1.48.1,2026-09-30,6d2008b2a88c5df194916b7bc3718bd2b0784a32128074696601b3b46a5a257e,
REF_022,raw/reference/REF_022.WAV,wave,pcm,44100,2,16,0.673,1411.2,118862,true,mutagen,1.48.1,2026-09-30,64cc499b8b9db0c5f48f4235c472bdcdc3db99ebc3fcdc51d4ab0dc7f9f383f5,
REF_023,raw/reference/REF_023.WAV,wave,pcm,44100,2,16,0.72,1411.2,127054,true,mutagen,1.48.1,2026-09-30,56284cda216d983abce98fc916a3afd4dc8f5fa2f812da7a01cc94ead4572841,
REF_024,raw/reference/REF_024.WAV,wave,pcm,44100,2,16,0.673,1411.2,118862,true,mutagen,1.48.1,2026-09-30,5a252b8e5d83e350271d421a505216eb10518ab50820500b8a04f6615531ed02,
REF_025,raw/reference/REF_025.WAV,wave,pcm,44100,2,16,1.556,1411.2,274510,true,mutagen,1.48.1,2026-09-30,ce18861b9ce64ed8bcd993f42c7ebdb0fd4742e59d7c64a9fe3961227690f07f,
REF_026,raw/reference/REF_026.WAV,wave,pcm,44100,2,16,1.904,1411.2,335950,true,mutagen,1.48.1,2026-09-30,1a5b26d0c57001b0718f640b8014f85a4c0931afc303a3e9141c4beb1c076f82,
REF_027,raw/reference/REF_027.WAV,wave,pcm,44100,2,16,1.416,1411.2,249934,true,mutagen,1.48.1,2026-09-30,747e8dbce93913b283364f64ca7b82776448f2cf84ba1c99439a4944e6e13954,
REF_028,raw/reference/REF_028.WAV,wave,pcm,44100,2,16,1.277,1411.2,225358,true,mutagen,1.48.1,2026-09-30,72bdb75db31bb0bdf72935ed7b07d58c82fe43b59946dd71c1c3a3445764c1f8,
REF_029,raw/reference/REF_029.WAV,wave,pcm,44100,2,16,2.02,1411.2,356430,true,mutagen,1.48.1,2026-09-30,63b02864b8f6491c50bf321581a9701fdd16b1cadb71238768afbdf7e782dabc,
REF_030,raw/reference/REF_030.WAV,wave,pcm,44100,2,16,1.184,1411.2,208974,true,mutagen,1.48.1,2026-09-30,aa1f5d53de0c9f45533102ad738096ed95def2c9f3bcba1360219418435ec3b9,
REF_031,raw/reference/REF_031.WAV,wave,pcm,44100,2,16,1.416,1411.2,249934,true,mutagen,1.48.1,2026-09-30,1c32f539103a0fbe64940012d6add3c23230dcc4866d4587037d31f9d7e9852f,
REF_032,raw/reference/REF_032.WAV,wave,pcm,44100,2,16,1.556,1411.2,274510,true,mutagen,1.48.1,2026-09-30,3cbeb9291e2240720042d2ee5f54b4cd97fcef23b4d4e2bc6187679735a469d6,
REF_033,raw/reference/REF_033.WAV,wave,pcm,44100,2,16,1.881,1411.2,331854,true,mutagen,1.48.1,2026-09-30,90c59afc79552574f6e2d2bb88e939d3bb957e2913e919b2894dc2bc8e29e354,
REF_034,raw/reference/REF_034.WAV,wave,pcm,44100,2,16,0.673,1411.2,118862,true,mutagen,1.48.1,2026-09-30,ac93510872965a1cf4bcd20a71078d0e6be59e124f59c1beb3fb53ac6140b659,
REF_035,raw/reference/REF_035.WAV,wave,pcm,44100,2,16,0.975,1411.2,172110,true,mutagen,1.48.1,2026-09-30,40cbf81f0e61255ea8b74d1d1d7af793f6827b9adde9814dfb40216885aca8d4,
REF_036,raw/reference/REF_036.WAV,wave,pcm,44100,2,16,0.952,1411.2,168014,true,mutagen,1.48.1,2026-09-30,68fa0eeeebef396ee7a4bf19d8e6731428453fed52172b45b3da8b081953cab3,
REF_037,raw/reference/REF_037.WAV,wave,pcm,44100,2,16,0.604,1411.2,106574,true,mutagen,1.48.1,2026-09-30,a9312190c0400d91c27b0cb267a65dd7ed38186aad9afa612ccebc8ba1b95e45,
REF_038,raw/reference/REF_038.WAV,wave,pcm,44100,2,16,1.022,1411.2,180302,true,mutagen,1.48.1,2026-09-30,d22adf1d796f90b31f81fc32161c41fa98cced337aaa22a978d1122e280e09f5,
REF_039,raw/reference/REF_039.WAV,wave,pcm,44100,2,16,0.673,1411.2,118862,true,mutagen,1.48.1,2026-09-30,cb1e97e1101daf589809efd3565a4107adb501fa7b1932883d51583e3954df05,
REF_040,raw/reference/REF_040.WAV,wave,pcm,44100,2,16,1.579,1411.2,278606,true,mutagen,1.48.1,2026-09-30,92611a8757c5925d61c22c3351264091b8185ad5c59b97205c0948b8535311b5,
REF_041,raw/reference/REF_041.WAV,wave,pcm,44100,2,16,0.813,1411.2,143438,true,mutagen,1.48.1,2026-09-30,6a0633f139c1e88a3ab3274a4e5de66699d7c5153ef503877c807ece6f05e063,
REF_042,raw/reference/REF_042.WAV,wave,pcm,44100,2,16,0.975,1411.2,172110,true,mutagen,1.48.1,2026-09-30,78c4c423f88e7a1d60a1d19a954bee6f3aaedeed21097d88854afba11ea001dc,
REF_043,raw/reference/REF_043.WAV,wave,pcm,44100,2,16,1.44,1411.2,254030,true,mutagen,1.48.1,2026-09-30,509747c4c42424ef41591fa5620793bb5e3f49f63c0e378d8113aa09276f1348,
REF_044,raw/reference/REF_044.WAV,wave,pcm,44100,2,16,0.813,1411.2,143438,true,mutagen,1.48.1,2026-09-30,3d5b7afea1c04ba02a2ee398982e1be694eb18f3fbab798e1d910181baf121b0,
REF_045,raw/reference/REF_045.WAV,wave,pcm,44100,2,16,2.786,1411.2,491598,true,mutagen,1.48.1,2026-09-30,7a98fc076ccdd1c05779b364fbfdc8233dd770023889e8589ee2383e71fd4ed7,
REF_046,raw/reference/REF_046.WAV,wave,pcm,44100,2,16,0.743,1411.2,131150,true,mutagen,1.48.1,2026-09-30,57b7346dbd9e2cefa0bffd4fcb3c098ad2f4b3df8cb0d42126cc98a234df9067,
REF_047,raw/reference/REF_047.WAV,wave,pcm,44100,2,16,1.022,1411.2,180302,true,mutagen,1.48.1,2026-09-30,403ed73f04eb35d021d46448b1972dba8f693ad1838a2590ac86b0d927ce6326,
REF_048,raw/reference/REF_048.WAV,wave,pcm,44100,2,16,0.72,1411.2,127054,true,mutagen,1.48.1,2026-09-30,ab5e3d95c2e06dc3929960f4be5f0ae986858e14b0da173be802cbfe144c1a59,
REF_049,raw/reference/REF_049.WAV,wave,pcm,44100,2,16,0.673,1411.2,118862,true,mutagen,1.48.1,2026-09-30,91a91294fa9af64280963582f0b2c045a0bcc18076b8ec25d51bb44ff3941f22,
REF_050,raw/reference/REF_050.WAV,wave,pcm,44100,2,16,0.65,1411.2,114766,true,mutagen,1.48.1,2026-09-30,f84ed655a8d1a2ff7205a0e6e7c79af1e52d22b6a7d4277bbc4d2055fbd7374d,
REF_051,raw/reference/REF_051.WAV,wave,pcm,44100,2,16,0.952,1411.2,168014,true,mutagen,1.48.1,2026-09-30,7994ab1898e5fafd7c384adbf3be5074fd765210bed79ec04f019192822b3a60,
REF_052,raw/reference/REF_052.WAV,wave,pcm,44100,2,16,0.906,1411.2,159822,true,mutagen,1.48.1,2026-09-30,84282bc978210e18bb17ea9e77d3f1d8d9085d3fc31432e9471a23e7b4269a7f,
REF_053,raw/reference/REF_053.WAV,wave,pcm,44100,2,16,0.72,1411.2,127054,true,mutagen,1.48.1,2026-09-30,99f53a21e064598ab9d21d80005ec1efaa6c40b75e260ea0bf3b884ce4cdedd8,
REF_054,raw/reference/REF_054.WAV,wave,pcm,44100,2,16,0.882,1411.2,155726,true,mutagen,1.48.1,2026-09-30,dd1c49ee32e5db3155ca6de574c9eb49a1621c9a7231adda7ee6c787bbf97f9e,
REF_055,raw/reference/REF_055.WAV,wave,pcm,44100,2,16,1.115,1411.2,196686,true,mutagen,1.48.1,2026-09-30,772f94209fa7501c1a399b0c357744cc6c8337835e156acd96f691fc1a8b40fd,
REF_056,raw/reference/REF_056.WAV,wave,pcm,44100,2,16,1.184,1411.2,208974,true,mutagen,1.48.1,2026-09-30,64c24139c91e820a84fa6a09b13338f90e739ec35fb5e6cfed08e62e418076ab,
REF_057,raw/reference/REF_057.WAV,wave,pcm,44100,2,16,0.673,1411.2,118862,true,mutagen,1.48.1,2026-09-30,34c5f01852560186d69bc4ebaaf6ef4ba905327574521b8eed381fa4c45f3c74,
REF_058,raw/reference/REF_058.WAV,wave,pcm,44100,2,16,1.207,1411.2,213070,true,mutagen,1.48.1,2026-09-30,689168bce8220c835eee046f27e31c5eb09b5b93c6cadb32672574563fdbca45,
REF_059,raw/reference/REF_059.WAV,wave,pcm,44100,2,16,1.138,1411.2,200782,true,mutagen,1.48.1,2026-09-30,bdb6890af9b3b31116e62adfe7cb69f0d75699af3f6a31cce8f62ad64a3fe162,
REF_060,raw/reference/REF_060.WAV,wave,pcm,44100,2,16,0.789,1411.2,139342,true,mutagen,1.48.1,2026-09-30,c2d8c1d32dc1c0791308741c7f2a393ae1539bb698019be8982a40a1d7842a51,
REF_061,raw/reference/REF_061.WAV,wave,pcm,44100,2,16,0.743,1411.2,131150,true,mutagen,1.48.1,2026-09-30,f9d25af6551714844f5d5a04d6e1933f4e78a689e6f04b23f6f47fad86f69d0f,
REF_062,raw/reference/REF_062.WAV,wave,pcm,44100,2,16,0.789,1411.2,139342,true,mutagen,1.48.1,2026-09-30,7c199c61fb2c88c1c7e20539fa3d1b3d951871016f9c8bcc47ab213739c7b910,
REF_063,raw/reference/REF_063.WAV,wave,pcm,44100,2,16,0.836,1411.2,147534,true,mutagen,1.48.1,2026-09-30,024aa2820649479dff3c80ef6b03ff33abd204e3e258dbd76969194a5ae864f6,
REF_064,raw/reference/REF_064.WAV,wave,pcm,44100,2,16,1.416,1411.2,249934,true,mutagen,1.48.1,2026-09-30,423c43279fb22d5c6a345e87a43f40fee275401274e06ce5077610925699cfed,
REF_065,raw/reference/REF_065.WAV,wave,pcm,44100,2,16,1.254,1411.2,221262,true,mutagen,1.48.1,2026-09-30,2c8a5efac231e45d85b4c47c37a87107c5a8b4df2ea078dbb51bcdb97ab42145,
REF_066,raw/reference/REF_066.WAV,wave,pcm,44100,2,16,1.277,1411.2,225358,true,mutagen,1.48.1,2026-09-30,dfe66507e7f7e6fd992377e36311818328ca747257abb4efaf1f99b11c8757cb,
REF_067,raw/reference/REF_067.WAV,wave,pcm,44100,2,16,1.3,1411.2,229454,true,mutagen,1.48.1,2026-09-30,9c44d0978bb0183c655a7675bec1a6af91c62f76e9bde0089e33130bd64cc833,
REF_068,raw/reference/REF_068.WAV,wave,pcm,44100,2,16,2.09,1411.2,368718,true,mutagen,1.48.1,2026-09-30,330f91275e4bcf9d6875708910a4f924b24bd7ee34ee9fd3fab51db08c216c4d,
REF_069,raw/reference/REF_069.WAV,wave,pcm,44100,2,16,1.254,1411.2,221262,true,mutagen,1.48.1,2026-09-30,b4a56dd4cd2d1894e13300fd109d5110d63416890bcb342676f5fffbdd318aa9,
REF_070,raw/reference/REF_070.WAV,wave,pcm,44100,2,16,1.254,1411.2,221262,true,mutagen,1.48.1,2026-09-30,c591c4456e3fdaa137723cda3782a01ba432ba8a78b0b3c333f6fc9265312f4e,
REF_071,raw/reference/REF_071.WAV,wave,pcm,44100,2,16,1.37,1411.2,241742,true,mutagen,1.48.1,2026-09-30,ed7af6fb3b0cb2a080c0c8649e76f46156a8c1edb5de746118dd177b957a71d3,
REF_072,raw/reference/REF_072.WAV,wave,pcm,44100,2,16,1.416,1411.2,249934,true,mutagen,1.48.1,2026-09-30,07cade712969ee589e22c837ee06776ede95621c39194d30772965ec177b2938,
REF_073,raw/reference/REF_073.WAV,wave,pcm,44100,2,16,1.95,1411.2,344142,true,mutagen,1.48.1,2026-09-30,1d7c8d4fff802bf798314cd8ad9d77a99f106b5d088111ef256fd1c96acb3dac,
REF_074,raw/reference/REF_074.WAV,wave,pcm,44100,2,16,1.045,1411.2,184398,true,mutagen,1.48.1,2026-09-30,c5224c6065714ba2850c9eee6d129089e72158e892ace452e7b1cee8c7b83436,
REF_075,raw/reference/REF_075.WAV,wave,pcm,44100,2,16,1.347,1411.2,237646,true,mutagen,1.48.1,2026-09-30,0ed0839184414195afc01e76fe426bc2126012b72ff6e7dbc8a5805e68e28a5a,
REF_076,raw/reference/REF_076.WAV,wave,pcm,44100,2,16,0.789,1411.2,139342,true,mutagen,1.48.1,2026-09-30,2f43d4d01678db3b507015bc9ca9880a8fba140af5bb774b038765e0e615dd0f,
REF_077,raw/reference/REF_077.WAV,wave,pcm,44100,2,16,0.975,1411.2,172110,true,mutagen,1.48.1,2026-09-30,e24eac8fa70ecbcd2bc856ca6dcc8f2121ee68c76b455e4c66f5559865fb03c0,
REF_078,raw/reference/REF_078.WAV,wave,pcm,44100,2,16,0.836,1411.2,147534,true,mutagen,1.48.1,2026-09-30,031df9353e89f6b5fe9f9ff793c6664e8f874d974457765588592573b9a266fa,
REF_079,raw/reference/REF_079.WAV,wave,pcm,44100,2,16,1.022,1411.2,180302,true,mutagen,1.48.1,2026-09-30,60cbcc90115483bbbf9f8783caa3fcc544d42f77475aaf0f823d2422a2e20f54,
REF_080,raw/reference/REF_080.WAV,wave,pcm,44100,2,16,0.65,1411.2,114766,true,mutagen,1.48.1,2026-09-30,afd08071d96c837c9a301566b68eb7a8a0eca90c92ac5922ef9de46d4ed500c7,
REF_081,raw/reference/REF_081.WAV,wave,pcm,44100,2,16,0.975,1411.2,172110,true,mutagen,1.48.1,2026-09-30,3527d0a4bce97b050a74023a27ee39df68b8266d74093378f212cda5c0bd75c4,
REF_082,raw/reference/REF_082.WAV,wave,pcm,44100,2,16,1.068,1411.2,188494,true,mutagen,1.48.1,2026-09-30,b852e6ecf25c0c48c0d1ddb29a90c3737b022391f1a39d460399c9dd630bcc7f,
REF_083,raw/reference/REF_083.WAV,wave,pcm,44100,2,16,2.252,1411.2,397390,true,mutagen,1.48.1,2026-09-30,d62441a9e77ec0fd81b81160fe847572442af01e15d5c4f852b59d1f40271965,
REF_084,raw/reference/REF_084.WAV,wave,pcm,44100,2,16,1.068,1411.2,188494,true,mutagen,1.48.1,2026-09-30,9738eaf020a876363b07c747c5b71c5b0d8ae035931f1683b82599be9e9ce8c1,
REF_085,raw/reference/REF_085.WAV,wave,pcm,44100,2,16,1.138,1411.2,200782,true,mutagen,1.48.1,2026-09-30,1165f0c327f0832c394da0ce3675357b513dafb0b651b241127c0618114ac5b0,
REF_086,raw/reference/REF_086.WAV,wave,pcm,44100,2,16,1.022,1411.2,180302,true,mutagen,1.48.1,2026-09-30,644bceaaf8a3553dc29981c35f13cb81f70cbd630a0a6be40efe4129f39f1590,
REF_087,raw/reference/REF_087.WAV,wave,pcm,44100,2,16,2.322,1411.2,409678,true,mutagen,1.48.1,2026-09-30,2e2145c24917fd3cfdfc72b0fc6e5cd7fc91381ba2c69c4f8ab3816b049f1d0c,
REF_088,raw/reference/REF_088.WAV,wave,pcm,44100,2,16,1.881,1411.2,331854,true,mutagen,1.48.1,2026-09-30,d0be003563e396de8e281ebc140e2209e7209e66cea99f5d76872b660afe0dee,
REF_089,raw/reference/REF_089.WAV,wave,pcm,44100,2,16,1.207,1411.2,213070,true,mutagen,1.48.1,2026-09-30,3223233f487c60c144f1349b8829864088fb10e912b13b7b872ce67fb742c8f5,
REF_090,raw/reference/REF_090.WAV,wave,pcm,44100,2,16,0.975,1411.2,172110,true,mutagen,1.48.1,2026-09-30,148f00eddf038ea8043fd1c4d87fbef03f7070a70ca8748d9bb4cc3543abcf67,
REF_091,raw/reference/REF_091.WAV,wave,pcm,44100,2,16,0.906,1411.2,159822,true,mutagen,1.48.1,2026-09-30,64d822b6a2708050bd3c96c1e2cfd3fd91e5b437497df0e31067744780c6df5f,
REF_092,raw/reference/REF_092.WAV,wave,pcm,44100,2,16,0.58,1411.2,102478,true,mutagen,1.48.1,2026-09-30,497d6a37cd3d24664ae871402706e85966e8bc20ac5dc4f8c0c8d1d68b469a84,
REF_093,raw/reference/REF_093.WAV,wave,pcm,44100,2,16,1.254,1411.2,221262,true,mutagen,1.48.1,2026-09-30,0b02522cbc68ae45aa2d893f7d53058a3710adfcf088e252a73c9dbbb4769762,
REF_094,raw/reference/REF_094.WAV,wave,pcm,44100,2,16,1.254,1411.2,221262,true,mutagen,1.48.1,2026-09-30,a025e9880750e97d2b4fc7827bb010c7ef3eef495b0a5be4126b1b53562083b6,
REF_095,raw/reference/REF_095.WAV,wave,pcm,44100,2,16,0.534,1411.2,94286,true,mutagen,1.48.1,2026-09-30,16288432a5d23873b83eeb277ff02656d7d279a86a188bed258bf5824b277226,
REF_096,raw/reference/REF_096.WAV,wave,pcm,44100,2,16,0.952,1411.2,168014,true,mutagen,1.48.1,2026-09-30,e02ddefc0dcddf8c70ad28a197207d19f6c35e1bd7812433c6dab10a365de156,
REF_097,raw/reference/REF_097.WAV,wave,pcm,44100,2,16,0.836,1411.2,147534,true,mutagen,1.48.1,2026-09-30,fb264ceea813d340dde6910623d1454cbd03f63e440c7437aa155c96d9b57b9a,
REF_098,raw/reference/REF_098.WAV,wave,pcm,44100,2,16,1.254,1411.2,221262,true,mutagen,1.48.1,2026-09-30,74f972c25093bb75a52874b959ccd19b2c3daddbfef2cbd04ea2187b86d376f2,
REF_099,raw/reference/REF_099.WAV,wave,pcm,44100,2,16,0.906,1411.2,159822,true,mutagen,1.48.1,2026-09-30,ee8d9e0e4ce3da053c303147a756696bac69c84d0fc9e2725998cabe15fe062d,
REF_100,raw/reference/REF_100.WAV,wave,pcm,44100,2,16,1.3,1411.2,229454,true,mutagen,1.48.1,2026-09-30,e74a42aedf466afb1016522d88807850b3fe27b67ff21f9f219506c9eadd4ea9,
REF_101,raw/reference/REF_101.WAV,wave,pcm,44100,2,16,1.3,1411.2,229454,true,mutagen,1.48.1,2026-09-30,34865a2c1e9a84b667d9abb3d25617dd3868e1a3095461945cea0e4e5c161755,
REF_102,raw/reference/REF_102.WAV,wave,pcm,44100,2,16,1.741,1411.2,307278,true,mutagen,1.48.1,2026-09-30,2fc7e8a5d2c4b9e3131d2dd861262ce961d7cb6d71ceaf608a6bf1227b4c97a6,
REF_103,raw/reference/REF_103.WAV,wave,pcm,44100,2,16,0.836,1411.2,147534,true,mutagen,1.48.1,2026-09-30,6e484c885ae2fefe2a1380aa558f2477bb68b9ed74485d9ffb3514d8367cbbec,
REF_104,raw/reference/REF_104.WAV,wave,pcm,44100,2,16,1.254,1411.2,221262,true,mutagen,1.48.1,2026-09-30,e19719cfccf139755d788b27722b8fbc4fb4bcb6f8988543c84e1d1249dc1e22,
REF_105,raw/reference/REF_105.WAV,wave,pcm,44100,2,16,1.068,1411.2,188494,true,mutagen,1.48.1,2026-09-30,aeff91ec07517593ac8486576e32c4759699a30bfbc7381647581552031de051,
REF_106,raw/reference/REF_106.WAV,wave,pcm,44100,2,16,0.813,1411.2,143438,true,mutagen,1.48.1,2026-09-30,3c7095f300ad9b85cbdbbc29eb0c6073b0cac7601dd51aea13a5095b028b3eb8,
REF_107,raw/reference/REF_107.WAV,wave,pcm,44100,2,16,1.045,1411.2,184398,true,mutagen,1.48.1,2026-09-30,6f75cc9051a8906681818dd80a299792487352dcc0f5df09df054a575a61a834,
REF_108,raw/reference/REF_108.WAV,wave,pcm,44100,2,16,0.72,1411.2,127054,true,mutagen,1.48.1,2026-09-30,98fdec3c025c59bf3c1033aea01f96d5a1f24a7cbe361a01012fa59f9ff03cbb,
REF_109,raw/reference/REF_109.WAV,wave,pcm,44100,2,16,0.743,1411.2,131150,true,mutagen,1.48.1,2026-09-30,e9f7b5065b42d8870e044d1f434bbe238930153a489688214363215e34bc77fa,
REF_110,raw/reference/REF_110.WAV,wave,pcm,44100,2,16,0.906,1411.2,159822,true,mutagen,1.48.1,2026-09-30,ec33ade42510a502d07ef70545b0a92bce07ea9c5efb0fd39cb79f640d682d3a,
REF_111,raw/reference/REF_111.WAV,wave,pcm,44100,2,16,1.045,1411.2,184398,true,mutagen,1.48.1,2026-09-30,ae263039b4fd2945163d4400b7eaa73246f1ab4694ea63e76edf0e2bd4d3b25a,
REF_112,raw/reference/REF_112.WAV,wave,pcm,44100,2,16,0.534,1411.2,94286,true,mutagen,1.48.1,2026-09-30,6961a10f7cca9870c6ad80604cf81240044e0bbcc58f60c6651ab1217a83da77,
REF_113,raw/reference/REF_113.WAV,wave,pcm,44100,2,16,0.534,1411.2,94286,true,mutagen,1.48.1,2026-09-30,7248133322f1e0e75dfc373f581f63403d28d0b5caec8fd75bc1d83fed49f61c,
REF_114,raw/reference/REF_114.WAV,wave,pcm,44100,2,16,0.906,1411.2,159822,true,mutagen,1.48.1,2026-09-30,a5e950826e7310d96f0abf24daebed36f5fba32bd9f0ffcb1a4f183b8680ce57,
REF_115,raw/reference/REF_115.WAV,wave,pcm,44100,2,16,0.72,1411.2,127054,true,mutagen,1.48.1,2026-09-30,72ec9246663d3801c82005878db1ffd50c37b50bc51f9e6fb62f32a5c1c04b4f,
REF_116,raw/reference/REF_116.WAV,wave,pcm,44100,2,16,0.813,1411.2,143438,true,mutagen,1.48.1,2026-09-30,b31ae0b9c969b13f9a67084899851188a466f435211f180dc1652e3cd6cd17ab,
REF_117,raw/reference/REF_117.WAV,wave,pcm,44100,2,16,0.906,1411.2,159822,true,mutagen,1.48.1,2026-09-30,c12da1b134517370224be7cae090168ca0c433358b6b3bed5c3c355160c1b3e1,
REF_118,raw/reference/REF_118.WAV,wave,pcm,44100,2,16,0.975,1411.2,172110,true,mutagen,1.48.1,2026-09-30,7a6b505d8659eb5e66bff90143dcc8bfbeb41774a2d1fc652993d4708b35597c,
REF_119,raw/reference/REF_119.WAV,wave,pcm,44100,2,16,0.975,1411.2,172110,true,mutagen,1.48.1,2026-09-30,0ec0d3f3c478e5ed8095facc2478dd7ed867c6b42910361593d6c4732962d8a8,
REF_120,raw/reference/REF_120.WAV,wave,pcm,44100,2,16,1.068,1411.2,188494,true,mutagen,1.48.1,2026-09-30,ec3ed72a6661747c5f944afcb6c263eb0da5e2e6020cc803b41cd36ce6fca6cf,
REF_121,raw/reference/REF_121.WAV,wave,pcm,44100,2,16,1.022,1411.2,180302,true,mutagen,1.48.1,2026-09-30,f215d2709befa4b9bf8fa2769553c61c94546cd2497c07a981792cf78f442525,
REF_122,raw/reference/REF_122.WAV,wave,pcm,44100,2,16,0.882,1411.2,155726,true,mutagen,1.48.1,2026-09-30,526b2c125fd611b43079261037f6a476fce4de72d77afe73427120a98de0b4e5,
REF_123,raw/reference/REF_123.WAV,wave,pcm,44100,2,16,1.138,1411.2,200782,true,mutagen,1.48.1,2026-09-30,f667b8bb938ac68473c7897b53309b27f967b5258b207d8787bd2eb35b982f4e,
REF_124,raw/reference/REF_124.WAV,wave,pcm,44100,2,16,0.673,1411.2,118862,true,mutagen,1.48.1,2026-09-30,43f067cea1aa5612455d85fa38f3cd34f39c941613517f71c116832cc27d7388,
REF_125,raw/reference/REF_125.WAV,wave,pcm,44100,2,16,1.416,1411.2,249934,true,mutagen,1.48.1,2026-09-30,5208419ee0f9c12429f088f8b12ece5f4fd9aef8a536ff24a6549d6f5287699f,
REF_126,raw/reference/REF_126.WAV,wave,pcm,44100,2,16,1.045,1411.2,184398,true,mutagen,1.48.1,2026-09-30,d11d5dee3a68788b395e6fe6068c7e283e8ac8982b699f805ea6d2f0883df93d,
REF_127,raw/reference/REF_127.WAV,wave,pcm,44100,2,16,0.952,1411.2,168014,true,mutagen,1.48.1,2026-09-30,7589ab882f38785dc583a92b6f941ac17c15640112519d9cb369155f75d16958,
REF_128,raw/reference/REF_128.WAV,wave,pcm,44100,2,16,1.022,1411.2,180302,true,mutagen,1.48.1,2026-09-30,cd8ce9b786e57cfd65e6eedf213ddfcc350145387fef169174cf5a787460d753,
