word_id,mansaka_text,item_type,alternate_forms,form_texts,translation_en,translation_status,translation_review_required,translation_source,translation_notes,reference_recording_ids,reference_count,reference_raw_paths,reference_sha256s,primary_playback_reference_id,playback_reference_policy,source_collection,source_doc_id,evidence_category,mapping_evidence,mapping_confirmed_by,mapping_confirmation_date,gloss_conflict,collection_eligible,eligibility_notes,flags,target_list_version,dataset_version
W001,antik,word,,Antik,n. Ant.,available,false,firestore_words,verbatim source gloss (dictionary definitions keep their OCR text and POS prefix),REF_001,1,raw/reference/REF_001.WAV,1b219700b02dea627d47485fb80b5c50eb82562fafae695cd7eb29dd976dfaa8,REF_001,lowest_reference_id,svelmoe1990,A:277,EXACT_TERM_UNIQUE,firestore_exact_term,,,,true,,,TL-0.2,lumad_lingua_pronunciation_v0.2
W002,arabat,word,,Arabat,n. Wall. | nm.,available,false,firestore_words,verbatim source gloss (dictionary definitions keep their OCR text and POS prefix),REF_002,1,raw/reference/REF_002.WAV,e6d00af79a0d1745e1d13a5e623c42614b6ab2b8c26e3aaa7ae5d6341952e6bd,REF_002,lowest_reference_id,svelmoe1990,M00321,EXACT_TERM_UNIQUE,firestore_exact_term,,,,true,,,TL-0.2,lumad_lingua_pronunciation_v0.2
W003,arayon,word,,arayon,n. Relative.,available,false,firestore_words,verbatim source gloss (dictionary definitions keep their OCR text and POS prefix),REF_036,1,raw/reference/REF_036.WAV,68fa0eeeebef396ee7a4bf19d8e6731428453fed52172b45b3da8b081953cab3,REF_036,lowest_reference_id,svelmoe1990,M00345,EXACT_TERM_UNIQUE,firestore_exact_term,,,,true,,,TL-0.2,lumad_lingua_pronunciation_v0.2
W004,bapa,word,,bapa,n. Uncle; term of respect for an older man.,available,false,firestore_words,verbatim source gloss (dictionary definitions keep their OCR text and POS prefix),REF_038,1,raw/reference/REF_038.WAV,d22adf1d796f90b31f81fc32161c41fa98cced337aaa22a978d1122e280e09f5,REF_038,lowest_reference_id,svelmoe1990,M00684,EXACT_TERM_UNIQUE,firestore_exact_term,,,,true,,,TL-0.2,lumad_lingua_pronunciation_v0.2
W005,barangaw,word,,Barangaw,n. Rainbow. | na.,available,false,firestore_words,verbatim source gloss (dictionary definitions keep their OCR text and POS prefix),REF_003,1,raw/reference/REF_003.WAV,cdde9df7907e0bc555bb87b86156449aadb2b55e92e66c13d394c81f71b90e8a,REF_003,lowest_reference_id,svelmoe1990,M00712,EXACT_TERM_UNIQUE,firestore_exact_term,,,,true,,,TL-0.2,lumad_lingua_pronunciation_v0.2
W006,batad,word,,batad,n. Corn.,available,false,firestore_words,verbatim source gloss (dictionary definitions keep their OCR text and POS prefix),REF_039,1,raw/reference/REF_039.WAV,cb1e97e1101daf589809efd3565a4107adb501fa7b1932883d51583e3954df05,REF_039,lowest_reference_id,svelmoe1990,M00798,EXACT_TERM_UNIQUE,firestore_exact_term,,,,true,,,TL-0.2,lumad_lingua_pronunciation_v0.2
W007,bobay,word,,Bobay,n. Female (human).,available,false,firestore_words,verbatim source gloss (dictionary definitions keep their OCR text and POS prefix),REF_004,1,raw/reference/REF_004.WAV,fac9ed91bedbe1bc6320bab7a868141239953c707242ea0bb38f0030a6c3c69c,REF_004,lowest_reference_id,svelmoe1990,M00947,EXACT_TERM_UNIQUE,firestore_exact_term,,,,true,,,TL-0.2,lumad_lingua_pronunciation_v0.2
W008,bugsak,word,,Bugsak,n. Heavy rain; downpour.,available,false,firestore_words,verbatim source gloss (dictionary definitions keep their OCR text and POS prefix),REF_005,1,raw/reference/REF_005.WAV,d7947be7ae6c3a1b50ec14a0a2b1eea861add28e94fc853853314e6b92551f4f,REF_005,lowest_reference_id,svelmoe1990,A:1283,EXACT_TERM_UNIQUE,firestore_exact_term,,,,true,,,TL-0.2,lumad_lingua_pronunciation_v0.2
W009,kadyawan,word,,Kadyawan,n. Goodness; benefit. | nt.,available,false,firestore_words,verbatim source gloss (dictionary definitions keep their OCR text and POS prefix),REF_011,1,raw/reference/REF_011.WAV,37b64eb6d9c56ebe1f086d4650376ff90e906dbd711a8b693d6f2e2de38f6ac8,REF_011,lowest_reference_id,svelmoe1990,M01286,EXACT_TERM_UNIQUE,firestore_exact_term,,,,true,,,TL-0.2,lumad_lingua_pronunciation_v0.2
W010,karapi,word,,karapi,n. Rattan shoot.,available,false,firestore_words,verbatim source gloss (dictionary definitions keep their OCR text and POS prefix),REF_052,1,raw/reference/REF_052.WAV,84282bc978210e18bb17ea9e77d3f1d8d9085d3fc31432e9471a23e7b4269a7f,REF_052,lowest_reference_id,svelmoe1990,M01440,EXACT_TERM_UNIQUE,firestore_exact_term,,,,true,,,TL-0.2,lumad_lingua_pronunciation_v0.2
W011,kimod,word,,kimod,n. Youngest child; youngest brother/sister; last child in a family.,available,false,firestore_words,verbatim source gloss (dictionary definitions keep their OCR text and POS prefix),REF_054,1,raw/reference/REF_054.WAV,dd1c49ee32e5db3155ca6de574c9eb49a1621c9a7231adda7ee6c787bbf97f9e,REF_054,lowest_reference_id,svelmoe1990,M01594,EXACT_TERM_UNIQUE,firestore_exact_term,,,,true,,,TL-0.2,lumad_lingua_pronunciation_v0.2
W012,Gaagod yang baboy.,phrase,,Gaagod yang baboy,A pig is moaning.,available,false,firestore_words_example,verbatim source gloss (dictionary definitions keep their OCR text and POS prefix),REF_008,1,raw/reference/REF_008.WAV,b09e85da665e252bf0999b95f9e822f4a2ac6ee4a431d6bd1c72d46b1664aa55,REF_008,lowest_reference_id,svelmoe1990,M00118,EXACT_EXAMPLE_SENTENCE_UNIQUE,project_record_exact,,,,true,,,TL-0.2,lumad_lingua_pronunciation_v0.2
W013,Kaana yang manok.,phrase,,Kaana yang manok,Eat the chicken.,available,false,firestore_words_example,verbatim source gloss (dictionary definitions keep their OCR text and POS prefix),REF_010,1,raw/reference/REF_010.WAV,1fadf367a160faa54ad503afede1ed7b830c3e0732743c9b8df83da46b237ea5,REF_010,lowest_reference_id,svelmoe1990,M00002,EXACT_EXAMPLE_SENTENCE_UNIQUE,project_record_exact,,,,true,,,TL-0.2,lumad_lingua_pronunciation_v0.2
W014,Madakmul yang abol.,phrase,,Madakmul yang abol,The blanket is thick.,available,false,firestore_words_example,verbatim source gloss (dictionary definitions keep their OCR text and POS prefix),REF_014,1,raw/reference/REF_014.WAV,2c46da1e02502614f910b574d69b34b1d54d1f318cd751bed525cf6f1ce764b2,REF_014,lowest_reference_id,svelmoe1990,8LMN5ogb64Tt2LPdEAxQ,EXACT_EXAMPLE_SENTENCE_UNIQUE,project_record_exact,,,,true,,,TL-0.2,lumad_lingua_pronunciation_v0.2
W015,Madyaw na gabi,phrase,,madyaw na gabi,Good evening,flagged,true,lesson,verbatim source gloss (dictionary definitions keep their OCR text and POS prefix) | lesson vs dictionary gloss conflict: lesson gloss 'Good evening' vs dictionary token glosses [madyaw=? | na=(function word) | gabi='nn. | n Dusk; evening'] | open flag LESSON_DICTIONARY_CONFLICT: lesson gloss 'Good evening' vs dictionary gabi = night,REF_065,1,raw/reference/REF_065.WAV,2c8a5efac231e45d85b4c47c37a87107c5a8b4df2ea078dbb51bcdb97ab42145,REF_065,lowest_reference_id,lessons,6pXuOdANtl5dST82kBLe;HbXBeytkOIijuP0L81VC,EXACT_LESSON_ITEM_UNIQUE,project_record_exact,,,lesson gloss 'Good evening' vs dictionary token glosses [madyaw=? | na=(function word) | gabi='nn. | n Dusk; evening'],true,,TRANSLATION_FLAGGED,TL-0.2,lumad_lingua_pronunciation_v0.2
W016,Saramat,word,,saramat,Thank you,available,false,lesson,verbatim source gloss (dictionary definitions keep their OCR text and POS prefix),REF_099,1,raw/reference/REF_099.WAV,ee8d9e0e4ce3da053c303147a756696bac69c84d0fc9e2725998cabe15fe062d,REF_099,lowest_reference_id,lessons,66iASupkv5PHzKAlH7vM,EXACT_LESSON_ITEM_UNIQUE,project_record_exact,,,,true,,,TL-0.2,lumad_lingua_pronunciation_v0.2
W017,ama,word,,ama,father,available,false,svelmoe1990_finder,verbatim source gloss (dictionary definitions keep their OCR text and POS prefix),REF_034,1,raw/reference/REF_034.WAV,ac93510872965a1cf4bcd20a71078d0e6be59e124f59c1beb3fb53ac6140b659,REF_034,lowest_reference_id,svelmoe1990,finder pdf p. 524,DICTIONARY_FINDER_EXACT,dictionary_exact,,,,true,,,TL-0.2,lumad_lingua_pronunciation_v0.2
W018,dagom,word,,Dagom,n. Shirt; clothing. | v. To dress s.o.,available,false,svelmoe1990_headword,verbatim source gloss (dictionary definitions keep their OCR text and POS prefix),REF_006,1,raw/reference/REF_006.WAV,547833a488ce84dfd5f78f43b9304466256bef781491ed95da019b522ed23ae8,REF_006,lowest_reference_id,svelmoe1990,M01868,DICTIONARY_HEADWORD_EXACT,dictionary_exact,,,,true,,,TL-0.2,lumad_lingua_pronunciation_v0.2
W019,ina,word,,ina,"n. Mother. | v. To embarrass; to insult; to offend; to shame. | v To embarrass; to insult, to offend; to shame.",available,false,svelmoe1990_headword,verbatim source gloss (dictionary definitions keep their OCR text and POS prefix),REF_048,1,raw/reference/REF_048.WAV,ab5e3d95c2e06dc3929960f4be5f0ae986858e14b0da173be802cbfe144c1a59,REF_048,lowest_reference_id,svelmoe1990,M02532,DICTIONARY_HEADWORD_EXACT,dictionary_exact,,,,true,,,TL-0.2,lumad_lingua_pronunciation_v0.2
W020,Ingkod,word,,Ingkod,v. To sit.,available,false,svelmoe1990_headword,verbatim source gloss (dictionary definitions keep their OCR text and POS prefix),REF_009,1,raw/reference/REF_009.WAV,7d52cafa4116c4e77f621d131a0f44873025785af7cf6ac0f99b8e41f7360efb,REF_009,lowest_reference_id,svelmoe1990,M02584,DICTIONARY_HEADWORD_EXACT,dictionary_exact,,,,true,,,TL-0.2,lumad_lingua_pronunciation_v0.2
W021,isa,word,,isa,1 mun. One. | mua. One. | v. To agree on one thing.,available,false,svelmoe1990_headword,verbatim source gloss (dictionary definitions keep their OCR text and POS prefix),REF_049,1,raw/reference/REF_049.WAV,91a91294fa9af64280963582f0b2c045a0bcc18076b8ec25d51bb44ff3941f22,REF_049,lowest_reference_id,svelmoe1990,M02607,DICTIONARY_HEADWORD_EXACT,dictionary_exact,,,,true,,,TL-0.2,lumad_lingua_pronunciation_v0.2
W022,larad,word,,Larad,v. To | v To see and examine; to survey.,available,false,svelmoe1990_headword,verbatim source gloss (dictionary definitions keep their OCR text and POS prefix),REF_012,1,raw/reference/REF_012.WAV,4e69413ea5db00c2f115149a9e42c31920b64230e0b6d9ff10cb846c22f7ea15,REF_012,lowest_reference_id,svelmoe1990,M02868,DICTIONARY_HEADWORD_EXACT,dictionary_exact,,,,true,,,TL-0.2,lumad_lingua_pronunciation_v0.2
W023,lima,word,,lima,num. Five.,available,false,svelmoe1990_headword,verbatim source gloss (dictionary definitions keep their OCR text and POS prefix),REF_057,1,raw/reference/REF_057.WAV,34c5f01852560186d69bc4ebaaf6ef4ba905327574521b8eed381fa4c45f3c74,REF_057,lowest_reference_id,svelmoe1990,M03010,DICTIONARY_HEADWORD_EXACT,dictionary_exact,,,,true,,,TL-0.2,lumad_lingua_pronunciation_v0.2
W024,madaig,word,,Madaig,"adj. Many; several. | adj Many, several.",available,false,svelmoe1990_headword,verbatim source gloss (dictionary definitions keep their OCR text and POS prefix),REF_013,1,raw/reference/REF_013.WAV,bc8314eea0e3d27b5d20fe12285bd6f9cf280bd87f1925d4efa7de8d38b4d16f,REF_013,lowest_reference_id,svelmoe1990,M03345,DICTIONARY_HEADWORD_EXACT,dictionary_exact,,,,true,,,TL-0.2,lumad_lingua_pronunciation_v0.2
W025,"madayaw, madyaw",word,"madayaw, madyaw",Madyaw;madayaw,"adj. Good, beautiful; reliable; pleasant; honorable; excellent. | adj Good; beautiful; reliable; pleasant; honorable; excellent. Madayaw laban na bobay ngaong kikita ka asang kaananan, That woman I saw in the eating place was very beautiful.",available,false,svelmoe1990_headword,verbatim source gloss (dictionary definitions keep their OCR text and POS prefix),REF_015;REF_063,2,raw/reference/REF_015.WAV;raw/reference/REF_063.WAV,5aced0554ca584b38d6eeaff8277bf9b306e246bd7a86edb37d637f5982d064c;024aa2820649479dff3c80ef6b03ff33abd204e3e258dbd76969194a5ae864f6,REF_015,lowest_reference_id,svelmoe1990,M03349,DICTIONARY_HEADWORD_ALTFORM,dictionary_exact,,,,true,,MULTI_REFERENCE,TL-0.2,lumad_lingua_pronunciation_v0.2
W026,makagwas,word,,makagwas,adj. ‘Tall; high. | adj Tall; high.,available,false,svelmoe1990_headword,verbatim source gloss (dictionary definitions keep their OCR text and POS prefix),REF_074,1,raw/reference/REF_074.WAV,c5224c6065714ba2850c9eee6d129089e72158e892ace452e7b1cee8c7b83436,REF_074,lowest_reference_id,svelmoe1990,M03339,DICTIONARY_HEADWORD_EXACT,dictionary_exact,,,,true,,,TL-0.2,lumad_lingua_pronunciation_v0.2
W027,maparaat,word,,maparaat,adj. Bad; offensive (as odor).,available,false,svelmoe1990_headword,verbatim source gloss (dictionary definitions keep their OCR text and POS prefix),REF_078,1,raw/reference/REF_078.WAV,031df9353e89f6b5fe9f9ff793c6664e8f874d974457765588592573b9a266fa,REF_078,lowest_reference_id,svelmoe1990,M03452,DICTIONARY_HEADWORD_EXACT,dictionary_exact,,,,true,,,TL-0.2,lumad_lingua_pronunciation_v0.2
W028,pakal,word,,pakal,n. Kind of banana.,available,false,svelmoe1990_headword,verbatim source gloss (dictionary definitions keep their OCR text and POS prefix),REF_091,1,raw/reference/REF_091.WAV,64d822b6a2708050bd3c96c1e2cfd3fd91e5b437497df0e31067744780c6df5f,REF_091,lowest_reference_id,svelmoe1990,M03945,DICTIONARY_HEADWORD_EXACT,dictionary_exact,,,,true,,,TL-0.2,lumad_lingua_pronunciation_v0.2
W029,pito,word,,pito,num. Seven. | wm.,available,false,svelmoe1990_headword,verbatim source gloss (dictionary definitions keep their OCR text and POS prefix),REF_095,1,raw/reference/REF_095.WAV,16288432a5d23873b83eeb277ff02656d7d279a86a188bed258bf5824b277226,REF_095,lowest_reference_id,svelmoe1990,M04305,DICTIONARY_HEADWORD_EXACT,dictionary_exact,,,,true,,,TL-0.2,lumad_lingua_pronunciation_v0.2
W030,sandok,word,,sandok,v To dish up with a wooden spoon (as rice).,available,false,svelmoe1990_headword,verbatim source gloss (dictionary definitions keep their OCR text and POS prefix),REF_097,1,raw/reference/REF_097.WAV,fb264ceea813d340dde6910623d1454cbd03f63e440c7437aa155c96d9b57b9a,REF_097,lowest_reference_id,svelmoe1990,M04610,DICTIONARY_HEADWORD_EXACT,dictionary_exact,,,,true,,,TL-0.2,lumad_lingua_pronunciation_v0.2
W031,sapi,word,,Sapi,n. Money.,available,false,svelmoe1990_headword,verbatim source gloss (dictionary definitions keep their OCR text and POS prefix),REF_023,1,raw/reference/REF_023.WAV,56284cda216d983abce98fc916a3afd4dc8f5fa2f812da7a01cc94ead4572841,REF_023,lowest_reference_id,svelmoe1990,M04667,DICTIONARY_HEADWORD_EXACT,dictionary_exact,,,,true,,,TL-0.2,lumad_lingua_pronunciation_v0.2
W032,siyam,word,,siyam,mun.,available,false,svelmoe1990_headword,verbatim source gloss (dictionary definitions keep their OCR text and POS prefix),REF_103,1,raw/reference/REF_103.WAV,6e484c885ae2fefe2a1380aa558f2477bb68b9ed74485d9ffb3514d8367cbbec,REF_103,lowest_reference_id,svelmoe1990,M04890,DICTIONARY_HEADWORD_EXACT,dictionary_exact,,,,true,,,TL-0.2,lumad_lingua_pronunciation_v0.2
W033,tabidak,word,,tabidak,v. To cook rice with vegetables.,available,false,svelmoe1990_headword,verbatim source gloss (dictionary definitions keep their OCR text and POS prefix),REF_106,1,raw/reference/REF_106.WAV,3c7095f300ad9b85cbdbbc29eb0c6073b0cac7601dd51aea13a5095b028b3eb8,REF_106,lowest_reference_id,svelmoe1990,A:5635,DICTIONARY_HEADWORD_EXACT,dictionary_exact,,,,true,,,TL-0.2,lumad_lingua_pronunciation_v0.2
W034,usug,word,,Usug,"4“. Male human. | Male human, Podo usug yang maguya asaan na banwa. The people living in that place are all males.",available,false,svelmoe1990_headword,verbatim source gloss (dictionary definitions keep their OCR text and POS prefix),REF_024,1,raw/reference/REF_024.WAV,5a252b8e5d83e350271d421a505216eb10518ab50820500b8a04f6615531ed02,REF_024,lowest_reference_id,svelmoe1990,M05895,DICTIONARY_HEADWORD_EXACT,dictionary_exact,,,,true,,,TL-0.2,lumad_lingua_pronunciation_v0.2
W035,Wara ko akaani yang pinggan.,phrase,,Wara ko akaani yang pinggan,I did not eat from the plate.,available,false,svelmoe1990_example,verbatim source gloss (dictionary definitions keep their OCR text and POS prefix),REF_026,1,raw/reference/REF_026.WAV,1a5b26d0c57001b0718f640b8014f85a4c0931afc303a3e9141c4beb1c076f82,REF_026,lowest_reference_id,svelmoe1990,M00007,DICTIONARY_EXAMPLE_EXACT,dictionary_exact,,,,true,,,TL-0.2,lumad_lingua_pronunciation_v0.2
W036,waro,word,,waro,num. Eight.,available,false,svelmoe1990_headword,verbatim source gloss (dictionary definitions keep their OCR text and POS prefix),REF_116,1,raw/reference/REF_116.WAV,b31ae0b9c969b13f9a67084899851188a466f435211f180dc1652e3cd6cd17ab,REF_116,lowest_reference_id,svelmoe1990,M05929,DICTIONARY_HEADWORD_EXACT,dictionary_exact,,,,true,,,TL-0.2,lumad_lingua_pronunciation_v0.2
W037,agtura tura ng ugbos,phrase,,agtura tura ng ugbos,,missing,true,none,"no English gloss in any source (dictionary, Firestore, lessons, reviewer); pronunciation identity unaffected",REF_033,1,raw/reference/REF_033.WAV,90c59afc79552574f6e2d2bb88e939d3bb957e2913e919b2894dc2bc8e29e354,REF_033,lowest_reference_id,human_review,RC001,HUMAN_CONFIRMED,researcher_confirmed,RESEARCHER,2026-10-02,,true,,TRANSLATION_MISSING;TEXT_HUMAN_CONFIRMED,TL-0.2,lumad_lingua_pronunciation_v0.2
W038,amanting,word,,amanting,,missing,true,none,"no English gloss in any source (dictionary, Firestore, lessons, reviewer); pronunciation identity unaffected",REF_035,1,raw/reference/REF_035.WAV,40cbf81f0e61255ea8b74d1d1d7af793f6827b9adde9814dfb40216885aca8d4,REF_035,lowest_reference_id,human_review,RC003,HUMAN_CONFIRMED,researcher_confirmed,RESEARCHER,2026-10-02,,true,,TRANSLATION_MISSING;TEXT_HUMAN_CONFIRMED,TL-0.2,lumad_lingua_pronunciation_v0.2
W039,baboo,word,,baboo,,missing,true,none,"no English gloss in any source (dictionary, Firestore, lessons, reviewer); pronunciation identity unaffected",REF_037,1,raw/reference/REF_037.WAV,a9312190c0400d91c27b0cb267a65dd7ed38186aad9afa612ccebc8ba1b95e45,REF_037,lowest_reference_id,human_review,RC007,HUMAN_CONFIRMED,researcher_confirmed,RESEARCHER,2026-10-02,,true,,TRANSLATION_MISSING;TEXT_HUMAN_CONFIRMED,TL-0.2,lumad_lingua_pronunciation_v0.2
W040,dako ra yang bilas mo,phrase,,dako ra yang bilas mo,,missing,true,none,"no English gloss in any source (dictionary, Firestore, lessons, reviewer); pronunciation identity unaffected",REF_040,1,raw/reference/REF_040.WAV,92611a8757c5925d61c22c3351264091b8185ad5c59b97205c0948b8535311b5,REF_040,lowest_reference_id,human_review,RC014,HUMAN_CONFIRMED,researcher_confirmed,RESEARCHER,2026-10-02,,true,,TRANSLATION_MISSING;TEXT_HUMAN_CONFIRMED,TL-0.2,lumad_lingua_pronunciation_v0.2
W041,dakurat,word,,dakurat,,missing,true,none,"no English gloss in any source (dictionary, Firestore, lessons, reviewer); pronunciation identity unaffected",REF_041,1,raw/reference/REF_041.WAV,6a0633f139c1e88a3ab3274a4e5de66699d7c5153ef503877c807ece6f05e063,REF_041,lowest_reference_id,human_review,RC015,HUMAN_CONFIRMED,researcher_confirmed,RESEARCHER,2026-10-02,,true,,TRANSLATION_MISSING;TEXT_HUMAN_CONFIRMED,TL-0.2,lumad_lingua_pronunciation_v0.2
W042,Diin kaw padlog,phrase,,Diin kaw padlog,,missing,true,none,"no English gloss in any source (dictionary, Firestore, lessons, reviewer); pronunciation identity unaffected",REF_007,1,raw/reference/REF_007.WAV,277ee45e4948eb75279f52ca8f2bd70a5a3e036cfd65bf55e19039eab03b6aaa,REF_007,lowest_reference_id,human_review,RC016,HUMAN_CONFIRMED,researcher_confirmed,RESEARCHER,2026-10-02,,true,,TRANSLATION_MISSING;TEXT_HUMAN_CONFIRMED,TL-0.2,lumad_lingua_pronunciation_v0.2
W043,duor,word,,duor,,missing,true,none,"no English gloss in any source (dictionary, Firestore, lessons, reviewer); pronunciation identity unaffected",REF_042,1,raw/reference/REF_042.WAV,78c4c423f88e7a1d60a1d19a954bee6f3aaedeed21097d88854afba11ea001dc,REF_042,lowest_reference_id,human_review,RC017,HUMAN_CONFIRMED,researcher_confirmed,RESEARCHER,2026-10-02,,true,,TRANSLATION_MISSING;TEXT_HUMAN_CONFIRMED,TL-0.2,lumad_lingua_pronunciation_v0.2
W044,duwambuok,word,,duwambuok,,missing,true,none,"no English gloss in any source (dictionary, Firestore, lessons, reviewer); pronunciation identity unaffected",REF_043;REF_044,2,raw/reference/REF_043.WAV;raw/reference/REF_044.WAV,509747c4c42424ef41591fa5620793bb5e3f49f63c0e378d8113aa09276f1348;3d5b7afea1c04ba02a2ee398982e1be694eb18f3fbab798e1d910181baf121b0,REF_043,lowest_reference_id,human_review,RC018,HUMAN_CONFIRMED,researcher_confirmed,RESEARCHER,2026-10-02,,true,,TRANSLATION_MISSING;MULTI_REFERENCE;TEXT_HUMAN_CONFIRMED,TL-0.2,lumad_lingua_pronunciation_v0.2
W045,gaakbu ako disang bintana,phrase,,gaakbu ako disang bintana,,missing,true,none,"no English gloss in any source (dictionary, Firestore, lessons, reviewer); pronunciation identity unaffected",REF_045,1,raw/reference/REF_045.WAV,7a98fc076ccdd1c05779b364fbfdc8233dd770023889e8589ee2383e71fd4ed7,REF_045,lowest_reference_id,human_review,RC020,HUMAN_CONFIRMED,researcher_confirmed,RESEARCHER,2026-10-02,,true,,TRANSLATION_MISSING;TEXT_HUMAN_CONFIRMED,TL-0.2,lumad_lingua_pronunciation_v0.2
W046,gauma,word,,gauma,v. To be glad; to be happy.,flagged,true,svelmoe1990_root_gloss_via_review,"inflected form; gloss is the dictionary definition of the affix-stripped ROOT, accepted by the reviewer; needs linguistic confirmation",REF_046,1,raw/reference/REF_046.WAV,57b7346dbd9e2cefa0bffd4fcb3c098ad2f4b3df8cb0d42126cc98a234df9067,REF_046,lowest_reference_id,human_review,RC021,HUMAN_CONFIRMED,researcher_confirmed,RESEARCHER,2026-10-02,,true,,TRANSLATION_FLAGGED;TEXT_HUMAN_CONFIRMED,TL-0.2,lumad_lingua_pronunciation_v0.2
W047,gyaring,word,,gyaring,finder: grind,flagged,true,svelmoe1990_root_gloss_via_review,"inflected form; gloss is the dictionary definition of the affix-stripped ROOT, accepted by the reviewer; needs linguistic confirmation",REF_047,1,raw/reference/REF_047.WAV,403ed73f04eb35d021d46448b1972dba8f693ad1838a2590ac86b0d927ce6326,REF_047,lowest_reference_id,human_review,RC022,HUMAN_CONFIRMED,researcher_confirmed,RESEARCHER,2026-10-02,,true,,TRANSLATION_FLAGGED;TEXT_HUMAN_CONFIRMED,TL-0.2,lumad_lingua_pronunciation_v0.2
W048,isu,word,,isu,,missing,true,none,"no English gloss in any source (dictionary, Firestore, lessons, reviewer); pronunciation identity unaffected",REF_050,1,raw/reference/REF_050.WAV,f84ed655a8d1a2ff7205a0e6e7c79af1e52d22b6a7d4277bbc4d2055fbd7374d,REF_050,lowest_reference_id,human_review,RC026,HUMAN_CONFIRMED,researcher_confirmed,RESEARCHER,2026-10-02,,true,,TRANSLATION_MISSING;TEXT_HUMAN_CONFIRMED,TL-0.2,lumad_lingua_pronunciation_v0.2
W049,kamanggud,word,,kamanggud,,missing,true,none,"no English gloss in any source (dictionary, Firestore, lessons, reviewer); pronunciation identity unaffected",REF_051,1,raw/reference/REF_051.WAV,7994ab1898e5fafd7c384adbf3be5074fd765210bed79ec04f019192822b3a60,REF_051,lowest_reference_id,human_review,RC029,HUMAN_CONFIRMED,researcher_confirmed,RESEARCHER,2026-10-02,,true,,TRANSLATION_MISSING;TEXT_HUMAN_CONFIRMED,TL-0.2,lumad_lingua_pronunciation_v0.2
W050,katumbar,word,,katumbar,,missing,true,none,"no English gloss in any source (dictionary, Firestore, lessons, reviewer); pronunciation identity unaffected",REF_053,1,raw/reference/REF_053.WAV,99f53a21e064598ab9d21d80005ec1efaa6c40b75e260ea0bf3b884ce4cdedd8,REF_053,lowest_reference_id,human_review,RC031,HUMAN_CONFIRMED,researcher_confirmed,RESEARCHER,2026-10-02,,true,,TRANSLATION_MISSING;TEXT_HUMAN_CONFIRMED,TL-0.2,lumad_lingua_pronunciation_v0.2
W051,kinuraw muuri,phrase,,kinuraw muuri,,missing,true,none,"no English gloss in any source (dictionary, Firestore, lessons, reviewer); pronunciation identity unaffected",REF_055,1,raw/reference/REF_055.WAV,772f94209fa7501c1a399b0c357744cc6c8337835e156acd96f691fc1a8b40fd,REF_055,lowest_reference_id,human_review,RC033,HUMAN_CONFIRMED,researcher_confirmed,RESEARCHER,2026-10-02,,true,,TRANSLATION_MISSING;TEXT_HUMAN_CONFIRMED,TL-0.2,lumad_lingua_pronunciation_v0.2
W052,kyumaan da kamo,phrase,,kyumaan da kamo,,missing,true,none,"no English gloss in any source (dictionary, Firestore, lessons, reviewer); pronunciation identity unaffected",REF_056,1,raw/reference/REF_056.WAV,64c24139c91e820a84fa6a09b13338f90e739ec35fb5e6cfed08e62e418076ab,REF_056,lowest_reference_id,human_review,RC034,HUMAN_CONFIRMED,researcher_confirmed,RESEARCHER,2026-10-02,,true,,TRANSLATION_MISSING;TEXT_HUMAN_CONFIRMED,TL-0.2,lumad_lingua_pronunciation_v0.2
W053,lumon na bobay,phrase,,lumon na bobay,,missing,true,none,"no English gloss in any source (dictionary, Firestore, lessons, reviewer); pronunciation identity unaffected",REF_058,1,raw/reference/REF_058.WAV,689168bce8220c835eee046f27e31c5eb09b5b93c6cadb32672574563fdbca45,REF_058,lowest_reference_id,human_review,RC037,HUMAN_CONFIRMED,researcher_confirmed,RESEARCHER,2026-10-02,,true,,TRANSLATION_MISSING;TEXT_HUMAN_CONFIRMED,TL-0.2,lumad_lingua_pronunciation_v0.2
W054,lumon na usug,phrase,,lumon na usug,,missing,true,none,"no English gloss in any source (dictionary, Firestore, lessons, reviewer); pronunciation identity unaffected",REF_059,1,raw/reference/REF_059.WAV,bdb6890af9b3b31116e62adfe7cb69f0d75699af3f6a31cce8f62ad64a3fe162,REF_059,lowest_reference_id,human_review,RC038,HUMAN_CONFIRMED,researcher_confirmed,RESEARCHER,2026-10-02,,true,,TRANSLATION_MISSING;TEXT_HUMAN_CONFIRMED,TL-0.2,lumad_lingua_pronunciation_v0.2
W055,lutya,word,,lutya,,missing,true,none,"no English gloss in any source (dictionary, Firestore, lessons, reviewer); pronunciation identity unaffected",REF_060,1,raw/reference/REF_060.WAV,c2d8c1d32dc1c0791308741c7f2a393ae1539bb698019be8982a40a1d7842a51,REF_060,lowest_reference_id,human_review,RC039,HUMAN_CONFIRMED,researcher_confirmed,RESEARCHER,2026-10-02,,true,,TRANSLATION_MISSING;TEXT_HUMAN_CONFIRMED,TL-0.2,lumad_lingua_pronunciation_v0.2
W056,lyurot,word,,lyurot,"v. To cook in bamboo. | finder: bamboo, cook in",flagged,true,svelmoe1990_root_gloss_via_review,"inflected form; gloss is the dictionary definition of the affix-stripped ROOT, accepted by the reviewer; needs linguistic confirmation",REF_061,1,raw/reference/REF_061.WAV,f9d25af6551714844f5d5a04d6e1933f4e78a689e6f04b23f6f47fad86f69d0f,REF_061,lowest_reference_id,human_review,RC040,HUMAN_CONFIRMED,researcher_confirmed,RESEARCHER,2026-10-02,,true,,TRANSLATION_FLAGGED;TEXT_HUMAN_CONFIRMED,TL-0.2,lumad_lingua_pronunciation_v0.2
W057,maanog,word,,maanog,,missing,true,none,"no English gloss in any source (dictionary, Firestore, lessons, reviewer); pronunciation identity unaffected",REF_062,1,raw/reference/REF_062.WAV,7c199c61fb2c88c1c7e20539fa3d1b3d951871016f9c8bcc47ab213739c7b910,REF_062,lowest_reference_id,human_review,RC041,HUMAN_CONFIRMED,researcher_confirmed,RESEARCHER,2026-10-02,,true,,TRANSLATION_MISSING;TEXT_HUMAN_CONFIRMED,TL-0.2,lumad_lingua_pronunciation_v0.2
W058,Madyaw na Allaw!,phrase,,madyaw na allaw,Good Day!,flagged,true,voice_submission_transcript_via_review,"gloss comes from a community voice-submission transcript (not curated vocabulary), confirmed by reviewer",REF_064,1,raw/reference/REF_064.WAV,423c43279fb22d5c6a345e87a43f40fee275401274e06ce5077610925699cfed,REF_064,lowest_reference_id,human_review,RC046,HUMAN_CONFIRMED,researcher_confirmed,RESEARCHER,2026-10-02,,true,,TRANSLATION_FLAGGED;TEXT_HUMAN_CONFIRMED,TL-0.2,lumad_lingua_pronunciation_v0.2
W059,Madyaw na gabila,phrase,,madyaw na gabila,Good afternoon,flagged,true,lesson,published lesson gloss confirmed by reviewer | lesson vs dictionary gloss conflict: lesson gloss 'Good afternoon' vs dictionary token glosses [madyaw=? | na=(function word) | gabila='n. Dusk; evening'] | open flag LESSON_DICTIONARY_CONFLICT: lesson gloss 'Good afternoon' vs dictionary gabila = dusk/evening (ambong = afternoon),REF_066;REF_067,2,raw/reference/REF_066.WAV;raw/reference/REF_067.WAV,dfe66507e7f7e6fd992377e36311818328ca747257abb4efaf1f99b11c8757cb;9c44d0978bb0183c655a7675bec1a6af91c62f76e9bde0089e33130bd64cc833,REF_066,lowest_reference_id,lessons,6pXuOdANtl5dST82kBLe,HUMAN_CONFIRMED,researcher_confirmed,RESEARCHER,2026-10-02,lesson gloss 'Good afternoon' vs dictionary token glosses [madyaw=? | na=(function word) | gabila='n. Dusk; evening'],true,,TRANSLATION_FLAGGED;MULTI_REFERENCE;TEXT_HUMAN_CONFIRMED,TL-0.2,lumad_lingua_pronunciation_v0.2
W060,Madyaw na masurom,phrase,,madyaw na masurom,Good morning,flagged,true,lesson,published lesson gloss confirmed by reviewer | lesson vs dictionary gloss conflict: lesson gloss 'Good morning' vs dictionary token glosses [madyaw=? | na=(function word) | masurom=?] | open flag LESSON_DICTIONARY_CONFLICT: lesson gloss 'Good morning'; dictionary spells the noun masurum and also lists karamdag = morning,REF_069;REF_070;REF_071;REF_072,4,raw/reference/REF_069.WAV;raw/reference/REF_070.WAV;raw/reference/REF_071.WAV;raw/reference/REF_072.WAV,b4a56dd4cd2d1894e13300fd109d5110d63416890bcb342676f5fffbdd318aa9;c591c4456e3fdaa137723cda3782a01ba432ba8a78b0b3c333f6fc9265312f4e;ed7af6fb3b0cb2a080c0c8649e76f46156a8c1edb5de746118dd177b957a71d3;07cade712969ee589e22c837ee06776ede95621c39194d30772965ec177b2938,REF_069,lowest_reference_id,lessons,6pXuOdANtl5dST82kBLe,HUMAN_CONFIRMED,researcher_confirmed,RESEARCHER,2026-10-02,lesson gloss 'Good morning' vs dictionary token glosses [madyaw=? | na=(function word) | masurom=?],true,,TRANSLATION_FLAGGED;MULTI_REFERENCE;TEXT_HUMAN_CONFIRMED,TL-0.2,lumad_lingua_pronunciation_v0.2
W061,madyaw na masurom kariko,phrase,,madyaw na masurom kariko,,missing,true,none,"no English gloss in any source (dictionary, Firestore, lessons, reviewer); pronunciation identity unaffected",REF_068,1,raw/reference/REF_068.WAV,330f91275e4bcf9d6875708910a4f924b24bd7ee34ee9fd3fab51db08c216c4d,REF_068,lowest_reference_id,human_review,RC050,HUMAN_CONFIRMED,researcher_confirmed,RESEARCHER,2026-10-02,,true,,TRANSLATION_MISSING;TEXT_HUMAN_CONFIRMED,TL-0.2,lumad_lingua_pronunciation_v0.2
W062,Magasogbo,word,,Magasogbo,,missing,true,none,"no English gloss in any source (dictionary, Firestore, lessons, reviewer); pronunciation identity unaffected",REF_016,1,raw/reference/REF_016.WAV,bc1bc357c88bf1c3bbffd8fc9245f07f86e237a659c3bbe76415ac8bf647ce6e,REF_016,lowest_reference_id,human_review,RC051,HUMAN_CONFIRMED,researcher_confirmed,RESEARCHER,2026-10-02,,true,,TRANSLATION_MISSING;TEXT_HUMAN_CONFIRMED,TL-0.2,lumad_lingua_pronunciation_v0.2
W063,magsandayong pa ko atong tubod,phrase,,magsandayong pa ko atong tubod,,missing,true,none,"no English gloss in any source (dictionary, Firestore, lessons, reviewer); pronunciation identity unaffected",REF_073,1,raw/reference/REF_073.WAV,1d7c8d4fff802bf798314cd8ad9d77a99f106b5d088111ef256fd1c96acb3dac,REF_073,lowest_reference_id,human_review,RC052,HUMAN_CONFIRMED,researcher_confirmed,RESEARCHER,2026-10-02,,true,,TRANSLATION_MISSING;TEXT_HUMAN_CONFIRMED,TL-0.2,lumad_lingua_pronunciation_v0.2
W064,Makaan Da kita,phrase,,Makaan Da kita,,missing,true,none,"no English gloss in any source (dictionary, Firestore, lessons, reviewer); pronunciation identity unaffected",REF_017,1,raw/reference/REF_017.WAV,27a096a8fe027eaaa46e037355382aca17f75b0ea9196e59c95ead0821bf7bec,REF_017,lowest_reference_id,human_review,RC053,HUMAN_CONFIRMED,researcher_confirmed,RESEARCHER,2026-10-02,,true,,TRANSLATION_MISSING;TEXT_HUMAN_CONFIRMED,TL-0.2,lumad_lingua_pronunciation_v0.2
W065,makator yang ulo ko,phrase,,makator yang ulo ko,,missing,true,none,"no English gloss in any source (dictionary, Firestore, lessons, reviewer); pronunciation identity unaffected",REF_075,1,raw/reference/REF_075.WAV,0ed0839184414195afc01e76fe426bc2126012b72ff6e7dbc8a5805e68e28a5a,REF_075,lowest_reference_id,human_review,RC055,HUMAN_CONFIRMED,researcher_confirmed,RESEARCHER,2026-10-02,,true,,TRANSLATION_MISSING;TEXT_HUMAN_CONFIRMED,TL-0.2,lumad_lingua_pronunciation_v0.2
W066,mangod,word,,mangud,n. Younger sibling.,available,false,svelmoe1990_headword,dictionary gloss confirmed by reviewer (orthographic variant u->o),REF_076;REF_077,2,raw/reference/REF_076.WAV;raw/reference/REF_077.WAV,2f43d4d01678db3b507015bc9ca9880a8fba140af5bb774b038765e0e615dd0f;e24eac8fa70ecbcd2bc856ca6dcc8f2121ee68c76b455e4c66f5559865fb03c0,REF_076,lowest_reference_id,svelmoe1990,M03443,HUMAN_CONFIRMED,researcher_confirmed,RESEARCHER,2026-10-02,,true,,MULTI_REFERENCE;TEXT_HUMAN_CONFIRMED,TL-0.2,lumad_lingua_pronunciation_v0.2
W067,marutuy,word,,marutuy,,missing,true,none,"no English gloss in any source (dictionary, Firestore, lessons, reviewer); pronunciation identity unaffected",REF_079,1,raw/reference/REF_079.WAV,60cbcc90115483bbbf9f8783caa3fcc544d42f77475aaf0f823d2422a2e20f54,REF_079,lowest_reference_id,human_review,RC058,HUMAN_CONFIRMED,researcher_confirmed,RESEARCHER,2026-10-02,,true,,TRANSLATION_MISSING;TEXT_HUMAN_CONFIRMED,TL-0.2,lumad_lingua_pronunciation_v0.2
W068,mataba,word,,mataba,v. To meet. | an. | adj Fat. | v To become Tat. | finder: fat,flagged,true,svelmoe1990_root_gloss_via_review,"inflected form; gloss is the dictionary definition of the affix-stripped ROOT, accepted by the reviewer; needs linguistic confirmation",REF_080,1,raw/reference/REF_080.WAV,afd08071d96c837c9a301566b68eb7a8a0eca90c92ac5922ef9de46d4ed500c7,REF_080,lowest_reference_id,human_review,RC059,HUMAN_CONFIRMED,researcher_confirmed,RESEARCHER,2026-10-02,,true,,TRANSLATION_FLAGGED;TEXT_HUMAN_CONFIRMED,TL-0.2,lumad_lingua_pronunciation_v0.2
W069,na naan,phrase,,na naan,,missing,true,none,"no English gloss in any source (dictionary, Firestore, lessons, reviewer); pronunciation identity unaffected",REF_081,1,raw/reference/REF_081.WAV,3527d0a4bce97b050a74023a27ee39df68b8266d74093378f212cda5c0bd75c4,REF_081,lowest_reference_id,human_review,RC060,HUMAN_CONFIRMED,researcher_confirmed,RESEARCHER,2026-10-02,,true,,TRANSLATION_MISSING;TEXT_HUMAN_CONFIRMED,TL-0.2,lumad_lingua_pronunciation_v0.2
W070,Nana yang kammo tuod,phrase,,Nana yang kammo tuod,,missing,true,none,"no English gloss in any source (dictionary, Firestore, lessons, reviewer); pronunciation identity unaffected",REF_018,1,raw/reference/REF_018.WAV,07181c16e104de6dfc369d414bf9212a43950b5d86e757c15e30de6d837df6be,REF_018,lowest_reference_id,human_review,RC061,HUMAN_CONFIRMED,researcher_confirmed,RESEARCHER,2026-10-02,,true,,TRANSLATION_MISSING;TEXT_HUMAN_CONFIRMED,TL-0.2,lumad_lingua_pronunciation_v0.2
W071,nanang gawbok,phrase,,nanang gawbok,,missing,true,none,"no English gloss in any source (dictionary, Firestore, lessons, reviewer); pronunciation identity unaffected",REF_082,1,raw/reference/REF_082.WAV,b852e6ecf25c0c48c0d1ddb29a90c3737b022391f1a39d460399c9dd630bcc7f,REF_082,lowest_reference_id,human_review,RC062,HUMAN_CONFIRMED,researcher_confirmed,RESEARCHER,2026-10-02,,true,,TRANSLATION_MISSING;TEXT_HUMAN_CONFIRMED,TL-0.2,lumad_lingua_pronunciation_v0.2
W072,Nanang iyambong mo,phrase,,Nanang iyambong mo,,missing,true,none,"no English gloss in any source (dictionary, Firestore, lessons, reviewer); pronunciation identity unaffected",REF_019,1,raw/reference/REF_019.WAV,bdf3cd668e030b4ac3458710df93d575a55e8692be981c86c1faf3a2e582d8c4,REF_019,lowest_reference_id,human_review,RC063,HUMAN_CONFIRMED,researcher_confirmed,RESEARCHER,2026-10-02,,true,,TRANSLATION_MISSING;TEXT_HUMAN_CONFIRMED,TL-0.2,lumad_lingua_pronunciation_v0.2
W073,nanang tuod parandong,phrase,,nanang tuod parandong,,missing,true,none,"no English gloss in any source (dictionary, Firestore, lessons, reviewer); pronunciation identity unaffected",REF_083,1,raw/reference/REF_083.WAV,d62441a9e77ec0fd81b81160fe847572442af01e15d5c4f852b59d1f40271965,REF_083,lowest_reference_id,human_review,RC064,HUMAN_CONFIRMED,researcher_confirmed,RESEARCHER,2026-10-02,,true,,TRANSLATION_MISSING;TEXT_HUMAN_CONFIRMED,TL-0.2,lumad_lingua_pronunciation_v0.2
W074,nanang uram mayo,phrase,,nanang uram mayo,,missing,true,none,"no English gloss in any source (dictionary, Firestore, lessons, reviewer); pronunciation identity unaffected",REF_084;REF_085,2,raw/reference/REF_084.WAV;raw/reference/REF_085.WAV,9738eaf020a876363b07c747c5b71c5b0d8ae035931f1683b82599be9e9ce8c1;1165f0c327f0832c394da0ce3675357b513dafb0b651b241127c0618114ac5b0,REF_084,lowest_reference_id,human_review,RC065,HUMAN_CONFIRMED,researcher_confirmed,RESEARCHER,2026-10-02,,true,,TRANSLATION_MISSING;MULTI_REFERENCE;TEXT_HUMAN_CONFIRMED,TL-0.2,lumad_lingua_pronunciation_v0.2
W075,nangakaw,word,,nangakaw,n. Stilt. | finder: stilt,flagged,true,svelmoe1990_root_gloss_via_review,"inflected form; gloss is the dictionary definition of the affix-stripped ROOT, accepted by the reviewer; needs linguistic confirmation | open flag ROOT_GLOSS_DOUBTFUL: translation is the dictionary definition of root 'akaw' (stilt); a 'takaw' = steal reading would also fit the inflected form",REF_086,1,raw/reference/REF_086.WAV,644bceaaf8a3553dc29981c35f13cb81f70cbd630a0a6be40efe4129f39f1590,REF_086,lowest_reference_id,human_review,RC066,HUMAN_CONFIRMED,researcher_confirmed,RESEARCHER,2026-10-02,,true,,TRANSLATION_FLAGGED;TEXT_HUMAN_CONFIRMED,TL-0.2,lumad_lingua_pronunciation_v0.2
W076,nangamang pak ng kayamas,phrase,,nangamang pak ng kayamas,,missing,true,none,"no English gloss in any source (dictionary, Firestore, lessons, reviewer); pronunciation identity unaffected",REF_087,1,raw/reference/REF_087.WAV,2e2145c24917fd3cfdfc72b0fc6e5cd7fc91381ba2c69c4f8ab3816b049f1d0c,REF_087,lowest_reference_id,human_review,RC067,HUMAN_CONFIRMED,researcher_confirmed,RESEARCHER,2026-10-02,,true,,TRANSLATION_MISSING;TEXT_HUMAN_CONFIRMED,TL-0.2,lumad_lingua_pronunciation_v0.2
W077,niyanluluto ng ina mo,phrase,,niyanluluto ng ina mo,,missing,true,none,"no English gloss in any source (dictionary, Firestore, lessons, reviewer); pronunciation identity unaffected",REF_088,1,raw/reference/REF_088.WAV,d0be003563e396de8e281ebc140e2209e7209e66cea99f5d76872b660afe0dee,REF_088,lowest_reference_id,human_review,RC068,HUMAN_CONFIRMED,researcher_confirmed,RESEARCHER,2026-10-02,,true,,TRANSLATION_MISSING;TEXT_HUMAN_CONFIRMED,TL-0.2,lumad_lingua_pronunciation_v0.2
W078,pagarongan,word,,Pagarungan;pagarungan,n. Glass; mirror.,available,false,svelmoe1990_headword,dictionary gloss confirmed by reviewer (orthographic variant u->o),REF_020;REF_089,2,raw/reference/REF_020.WAV;raw/reference/REF_089.WAV,5c420b7b79c26a15af85d65cd3d4f40fd02e0208ffd6109383b88eb320afb119;3223233f487c60c144f1349b8829864088fb10e912b13b7b872ce67fb742c8f5,REF_020,lowest_reference_id,svelmoe1990,M04007,HUMAN_CONFIRMED,researcher_confirmed,RESEARCHER,2026-10-02,,true,,MULTI_REFERENCE;TEXT_HUMAN_CONFIRMED,TL-0.2,lumad_lingua_pronunciation_v0.2
W079,pagsugbo,word,,pagsugbo,,missing,true,none,"no English gloss in any source (dictionary, Firestore, lessons, reviewer); pronunciation identity unaffected",REF_090,1,raw/reference/REF_090.WAV,148f00eddf038ea8043fd1c4d87fbef03f7070a70ca8748d9bb4cc3543abcf67,REF_090,lowest_reference_id,human_review,RC070,HUMAN_CONFIRMED,researcher_confirmed,RESEARCHER,2026-10-02,,true,,TRANSLATION_MISSING;TEXT_HUMAN_CONFIRMED,TL-0.2,lumad_lingua_pronunciation_v0.2
W080,Pangiyakan Ta,phrase,,Pangiyakan Ta,,missing,true,none,"no English gloss in any source (dictionary, Firestore, lessons, reviewer); pronunciation identity unaffected",REF_021,1,raw/reference/REF_021.WAV,6d2008b2a88c5df194916b7bc3718bd2b0784a32128074696601b3b46a5a257e,REF_021,lowest_reference_id,human_review,RC072,HUMAN_CONFIRMED,researcher_confirmed,RESEARCHER,2026-10-02,,true,,TRANSLATION_MISSING;TEXT_HUMAN_CONFIRMED,TL-0.2,lumad_lingua_pronunciation_v0.2
W081,Paroda,word,,Paroda;paroda,Sweet Potato,flagged,true,svelmoe1990_finder+reviewer,reviewer gloss differs from dictionary gloss 'vegetable',REF_022;REF_092,2,raw/reference/REF_022.WAV;raw/reference/REF_092.WAV,64cc499b8b9db0c5f48f4235c472bdcdc3db99ebc3fcdc51d4ab0dc7f9f383f5;497d6a37cd3d24664ae871402706e85966e8bc20ac5dc4f8c0c8d1d68b469a84,REF_022,lowest_reference_id,svelmoe1990,finder pdf p. 548,HUMAN_CONFIRMED,researcher_confirmed,RESEARCHER,2026-10-02,,true,,TRANSLATION_FLAGGED;MULTI_REFERENCE;TEXT_HUMAN_CONFIRMED,TL-0.2,lumad_lingua_pronunciation_v0.2
W082,pasaylowak doon,phrase,,pasaylowak doon,,missing,true,none,"no English gloss in any source (dictionary, Firestore, lessons, reviewer); pronunciation identity unaffected",REF_093,1,raw/reference/REF_093.WAV,0b02522cbc68ae45aa2d893f7d53058a3710adfcf088e252a73c9dbbb4769762,REF_093,lowest_reference_id,human_review,RC074,HUMAN_CONFIRMED,researcher_confirmed,RESEARCHER,2026-10-02,,true,,TRANSLATION_MISSING;TEXT_HUMAN_CONFIRMED,TL-0.2,lumad_lingua_pronunciation_v0.2
W083,pasayluwak doon,phrase,,pasayluwak doon,,missing,true,none,"no English gloss in any source (dictionary, Firestore, lessons, reviewer); pronunciation identity unaffected",REF_094,1,raw/reference/REF_094.WAV,a025e9880750e97d2b4fc7827bb010c7ef3eef495b0a5be4126b1b53562083b6,REF_094,lowest_reference_id,human_review,RC075,HUMAN_CONFIRMED,researcher_confirmed,RESEARCHER,2026-10-02,,true,,TRANSLATION_MISSING;TEXT_HUMAN_CONFIRMED,TL-0.2,lumad_lingua_pronunciation_v0.2
W084,samporo,word,,sampuro,num. Ten.,available,false,svelmoe1990_headword,dictionary gloss confirmed by reviewer (orthographic variant u->o),REF_096,1,raw/reference/REF_096.WAV,e02ddefc0dcddf8c70ad28a197207d19f6c35e1bd7812433c6dab10a365de156,REF_096,lowest_reference_id,svelmoe1990,M04593,HUMAN_CONFIRMED,researcher_confirmed,RESEARCHER,2026-10-02,,true,,TEXT_HUMAN_CONFIRMED,TL-0.2,lumad_lingua_pronunciation_v0.2
W085,sang kanlaw,phrase,,sang kanlaw,,missing,true,none,"no English gloss in any source (dictionary, Firestore, lessons, reviewer); pronunciation identity unaffected",REF_098,1,raw/reference/REF_098.WAV,74f972c25093bb75a52874b959ccd19b2c3daddbfef2cbd04ea2187b86d376f2,REF_098,lowest_reference_id,human_review,RC079,HUMAN_CONFIRMED,researcher_confirmed,RESEARCHER,2026-10-02,,true,,TRANSLATION_MISSING;TEXT_HUMAN_CONFIRMED,TL-0.2,lumad_lingua_pronunciation_v0.2
W086,sining bapa mo,phrase,,sining bapa mo,,missing,true,none,"no English gloss in any source (dictionary, Firestore, lessons, reviewer); pronunciation identity unaffected",REF_100;REF_101,2,raw/reference/REF_100.WAV;raw/reference/REF_101.WAV,e74a42aedf466afb1016522d88807850b3fe27b67ff21f9f219506c9eadd4ea9;34865a2c1e9a84b667d9abb3d25617dd3868e1a3095461945cea0e4e5c161755,REF_100,lowest_reference_id,human_review,RC082,HUMAN_CONFIRMED,researcher_confirmed,RESEARCHER,2026-10-02,,true,,TRANSLATION_MISSING;MULTI_REFERENCE;TEXT_HUMAN_CONFIRMED,TL-0.2,lumad_lingua_pronunciation_v0.2
W087,sining gadiyaga kanmo,phrase,,sining gadiyaga kanmo,,missing,true,none,"no English gloss in any source (dictionary, Firestore, lessons, reviewer); pronunciation identity unaffected",REF_102,1,raw/reference/REF_102.WAV,2fc7e8a5d2c4b9e3131d2dd861262ce961d7cb6d71ceaf608a6bf1227b4c97a6,REF_102,lowest_reference_id,human_review,RC083,HUMAN_CONFIRMED,researcher_confirmed,RESEARCHER,2026-10-02,,true,,TRANSLATION_MISSING;TEXT_HUMAN_CONFIRMED,TL-0.2,lumad_lingua_pronunciation_v0.2
W088,tabi di saan,phrase,,tabi di saan,,missing,true,none,"no English gloss in any source (dictionary, Firestore, lessons, reviewer); pronunciation identity unaffected",REF_104,1,raw/reference/REF_104.WAV,e19719cfccf139755d788b27722b8fbc4fb4bcb6f8988543c84e1d1249dc1e22,REF_104,lowest_reference_id,human_review,RC085,HUMAN_CONFIRMED,researcher_confirmed,RESEARCHER,2026-10-02,,true,,TRANSLATION_MISSING;TEXT_HUMAN_CONFIRMED,TL-0.2,lumad_lingua_pronunciation_v0.2
W089,tabi kanmo,phrase,,tabi kanmo,,missing,true,none,"no English gloss in any source (dictionary, Firestore, lessons, reviewer); pronunciation identity unaffected",REF_105,1,raw/reference/REF_105.WAV,aeff91ec07517593ac8486576e32c4759699a30bfbc7381647581552031de051,REF_105,lowest_reference_id,human_review,RC086,HUMAN_CONFIRMED,researcher_confirmed,RESEARCHER,2026-10-02,,true,,TRANSLATION_MISSING;TEXT_HUMAN_CONFIRMED,TL-0.2,lumad_lingua_pronunciation_v0.2
W090,toro,word,,turo,"hom.1 num. Three. | hom.1 mum, Three. | hom.2 n. Bull (cow or carabao).",available,false,svelmoe1990_headword,dictionary gloss confirmed by reviewer (orthographic variant u->o),REF_107;REF_108,2,raw/reference/REF_107.WAV;raw/reference/REF_108.WAV,6f75cc9051a8906681818dd80a299792487352dcc0f5df09df054a575a61a834;98fdec3c025c59bf3c1033aea01f96d5a1f24a7cbe361a01012fa59f9ff03cbb,REF_107,lowest_reference_id,svelmoe1990,M05725;M05726,HUMAN_CONFIRMED,researcher_confirmed,RESEARCHER,2026-10-02,,true,,MULTI_REFERENCE;TEXT_HUMAN_CONFIRMED,TL-0.2,lumad_lingua_pronunciation_v0.2
W091,olloy,word,,ulloy,n Tender new leaves of sweet potato vines. | v To pick new leaves of sweet potato vines.,available,false,svelmoe1990_headword,dictionary gloss confirmed by reviewer (orthographic variant u->o),REF_109,1,raw/reference/REF_109.WAV,e9f7b5065b42d8870e044d1f434bbe238930153a489688214363215e34bc77fa,REF_109,lowest_reference_id,svelmoe1990,M03770,HUMAN_CONFIRMED,researcher_confirmed,RESEARCHER,2026-10-02,,true,,TEXT_HUMAN_CONFIRMED,TL-0.2,lumad_lingua_pronunciation_v0.2
W092,umpo na bobay,phrase,,umpo na bobay,,missing,true,none,"no English gloss in any source (dictionary, Firestore, lessons, reviewer); pronunciation identity unaffected",REF_110,1,raw/reference/REF_110.WAV,ec33ade42510a502d07ef70545b0a92bce07ea9c5efb0fd39cb79f640d682d3a,REF_110,lowest_reference_id,human_review,RC090,HUMAN_CONFIRMED,researcher_confirmed,RESEARCHER,2026-10-02,,true,,TRANSLATION_MISSING;TEXT_HUMAN_CONFIRMED,TL-0.2,lumad_lingua_pronunciation_v0.2
W093,umpu na usug,phrase,,umpu na usug,,missing,true,none,"no English gloss in any source (dictionary, Firestore, lessons, reviewer); pronunciation identity unaffected",REF_111,1,raw/reference/REF_111.WAV,ae263039b4fd2945163d4400b7eaa73246f1ab4694ea63e76edf0e2bd4d3b25a,REF_111,lowest_reference_id,human_review,RC091,HUMAN_CONFIRMED,researcher_confirmed,RESEARCHER,2026-10-02,,true,,TRANSLATION_MISSING;TEXT_HUMAN_CONFIRMED,TL-0.2,lumad_lingua_pronunciation_v0.2
W094,unom,word,,unom,,missing,true,none,"no English gloss in any source (dictionary, Firestore, lessons, reviewer); pronunciation identity unaffected",REF_112,1,raw/reference/REF_112.WAV,6961a10f7cca9870c6ad80604cf81240044e0bbcc58f60c6651ab1217a83da77,REF_112,lowest_reference_id,human_review,RC092,HUMAN_CONFIRMED,researcher_confirmed,RESEARCHER,2026-10-02,,true,,TRANSLATION_MISSING;TEXT_HUMAN_CONFIRMED,TL-0.2,lumad_lingua_pronunciation_v0.2
W095,opat,word,,upat,num. Four. | mum.,available,false,svelmoe1990_headword,dictionary gloss confirmed by reviewer (orthographic variant u->o),REF_113;REF_114;REF_115,3,raw/reference/REF_113.WAV;raw/reference/REF_114.WAV;raw/reference/REF_115.WAV,7248133322f1e0e75dfc373f581f63403d28d0b5caec8fd75bc1d83fed49f61c;a5e950826e7310d96f0abf24daebed36f5fba32bd9f0ffcb1a4f183b8680ce57;72ec9246663d3801c82005878db1ffd50c37b50bc51f9e6fb62f32a5c1c04b4f,REF_113,lowest_reference_id,svelmoe1990,M03840,HUMAN_CONFIRMED,researcher_confirmed,RESEARCHER,2026-10-02,,true,,MULTI_REFERENCE;TEXT_HUMAN_CONFIRMED,TL-0.2,lumad_lingua_pronunciation_v0.2
W096,Wara ako akurutuy,phrase,,Wara ako akurutuy,,missing,true,none,"no English gloss in any source (dictionary, Firestore, lessons, reviewer); pronunciation identity unaffected",REF_025,1,raw/reference/REF_025.WAV,ce18861b9ce64ed8bcd993f42c7ebdb0fd4742e59d7c64a9fe3961227690f07f,REF_025,lowest_reference_id,human_review,RC095,HUMAN_CONFIRMED,researcher_confirmed,RESEARCHER,2026-10-02,,true,,TRANSLATION_MISSING;TEXT_HUMAN_CONFIRMED,TL-0.2,lumad_lingua_pronunciation_v0.2
W097,Yaabay ko kamangun,phrase,,Yaabay ko kamangun,,missing,true,none,"no English gloss in any source (dictionary, Firestore, lessons, reviewer); pronunciation identity unaffected",REF_027;REF_028,2,raw/reference/REF_027.WAV;raw/reference/REF_028.WAV,747e8dbce93913b283364f64ca7b82776448f2cf84ba1c99439a4944e6e13954;72bdb75db31bb0bdf72935ed7b07d58c82fe43b59946dd71c1c3a3445764c1f8,REF_027,lowest_reference_id,human_review,RC098,HUMAN_CONFIRMED,researcher_confirmed,RESEARCHER,2026-10-02,,true,,TRANSLATION_MISSING;MULTI_REFERENCE;TEXT_HUMAN_CONFIRMED,TL-0.2,lumad_lingua_pronunciation_v0.2
W098,yadaragan,word,,yadaragan,v. To run. | finder: run,flagged,true,svelmoe1990_root_gloss_via_review,"inflected form; gloss is the dictionary definition of the affix-stripped ROOT, accepted by the reviewer; needs linguistic confirmation",REF_117,1,raw/reference/REF_117.WAV,c12da1b134517370224be7cae090168ca0c433358b6b3bed5c3c355160c1b3e1,REF_117,lowest_reference_id,human_review,RC099,HUMAN_CONFIRMED,researcher_confirmed,RESEARCHER,2026-10-02,,true,,TRANSLATION_FLAGGED;TEXT_HUMAN_CONFIRMED,TL-0.2,lumad_lingua_pronunciation_v0.2
W099,Yaga-agung ako na yaturog,phrase,,Yaga-agung ako na yaturog,,missing,true,none,"no English gloss in any source (dictionary, Firestore, lessons, reviewer); pronunciation identity unaffected",REF_029,1,raw/reference/REF_029.WAV,63b02864b8f6491c50bf321581a9701fdd16b1cadb71238768afbdf7e782dabc,REF_029,lowest_reference_id,human_review,RC100,HUMAN_CONFIRMED,researcher_confirmed,RESEARCHER,2026-10-02,,true,,TRANSLATION_MISSING;TEXT_HUMAN_CONFIRMED,TL-0.2,lumad_lingua_pronunciation_v0.2
W100,yagabasa,word,,yagabasa,"n. Drinking glass. | mod pil. It is because; because of; in view of. | v To read. | hom.1 mod. ptl. It is because; because of; in view of. | hom.2 v. ‘To make wet. | hom.2 n. Wusband. | hom.2 v. To marry a man. | finder: read; wet, to make",flagged,true,svelmoe1990_root_gloss_via_review,"inflected form; gloss is the dictionary definition of the affix-stripped ROOT, accepted by the reviewer; needs linguistic confirmation",REF_118,1,raw/reference/REF_118.WAV,7a6b505d8659eb5e66bff90143dcc8bfbeb41774a2d1fc652993d4708b35597c,REF_118,lowest_reference_id,human_review,RC101,HUMAN_CONFIRMED,researcher_confirmed,RESEARCHER,2026-10-02,,true,,TRANSLATION_FLAGGED;TEXT_HUMAN_CONFIRMED,TL-0.2,lumad_lingua_pronunciation_v0.2
W101,yagakanta,word,,yagakanta,n Song. | v To sing. | finder: sing,flagged,true,svelmoe1990_root_gloss_via_review,"inflected form; gloss is the dictionary definition of the affix-stripped ROOT, accepted by the reviewer; needs linguistic confirmation",REF_119,1,raw/reference/REF_119.WAV,0ec0d3f3c478e5ed8095facc2478dd7ed867c6b42910361593d6c4732962d8a8,REF_119,lowest_reference_id,human_review,RC102,HUMAN_CONFIRMED,researcher_confirmed,RESEARCHER,2026-10-02,,true,,TRANSLATION_FLAGGED;TEXT_HUMAN_CONFIRMED,TL-0.2,lumad_lingua_pronunciation_v0.2
W102,yagasagda,word,,yagasagda,hom.1 v. To rebuke; to forbid; to stop. | hom.2 v. To fool around; to joke. | finder: rebuke,flagged,true,svelmoe1990_root_gloss_via_review,"inflected form; gloss is the dictionary definition of the affix-stripped ROOT, accepted by the reviewer; needs linguistic confirmation",REF_120,1,raw/reference/REF_120.WAV,ec3ed72a6661747c5f944afcb6c263eb0da5e2e6020cc803b41cd36ce6fca6cf,REF_120,lowest_reference_id,human_review,RC103,HUMAN_CONFIRMED,researcher_confirmed,RESEARCHER,2026-10-02,,true,,TRANSLATION_FLAGGED;TEXT_HUMAN_CONFIRMED,TL-0.2,lumad_lingua_pronunciation_v0.2
W103,yagasayaw,word,,yagasayaw,"hom.1 v. To dance. | hom.2 n. Kind of bird. | hom.2 . Kind of bird. | finder: dance; sarangkipaw,",flagged,true,svelmoe1990_root_gloss_via_review,"inflected form; gloss is the dictionary definition of the affix-stripped ROOT, accepted by the reviewer; needs linguistic confirmation",REF_121,1,raw/reference/REF_121.WAV,f215d2709befa4b9bf8fa2769553c61c94546cd2497c07a981792cf78f442525,REF_121,lowest_reference_id,human_review,RC104,HUMAN_CONFIRMED,researcher_confirmed,RESEARCHER,2026-10-02,,true,,TRANSLATION_FLAGGED;TEXT_HUMAN_CONFIRMED,TL-0.2,lumad_lingua_pronunciation_v0.2
W104,yagasurat,word,,yagasurat,n. Breech position of a fetus. | . Breech position of a fetus.,flagged,true,svelmoe1990_root_gloss_via_review,"inflected form; gloss is the dictionary definition of the affix-stripped ROOT, accepted by the reviewer; needs linguistic confirmation | open flag ROOT_GLOSS_DOUBTFUL: translation is the dictionary definition of root 'sorat' (breech position of a fetus); a 'surat/sulat' = write reading was not in the OCR and may be the intende",REF_122,1,raw/reference/REF_122.WAV,526b2c125fd611b43079261037f6a476fce4de72d77afe73427120a98de0b4e5,REF_122,lowest_reference_id,human_review,RC105,HUMAN_CONFIRMED,researcher_confirmed,RESEARCHER,2026-10-02,,true,,TRANSLATION_FLAGGED;TEXT_HUMAN_CONFIRMED,TL-0.2,lumad_lingua_pronunciation_v0.2
W105,yagaugas,word,,yagaugas,v. To wash (as dishes or floor).,flagged,true,svelmoe1990_root_gloss_via_review,"inflected form; gloss is the dictionary definition of the affix-stripped ROOT, accepted by the reviewer; needs linguistic confirmation",REF_123,1,raw/reference/REF_123.WAV,f667b8bb938ac68473c7897b53309b27f967b5258b207d8787bd2eb35b982f4e,REF_123,lowest_reference_id,human_review,RC106,HUMAN_CONFIRMED,researcher_confirmed,RESEARCHER,2026-10-02,,true,,TRANSLATION_FLAGGED;TEXT_HUMAN_CONFIRMED,TL-0.2,lumad_lingua_pronunciation_v0.2
W106,Yaginurom Da kaw,phrase,,Yaginurom Da kaw,,missing,true,none,"no English gloss in any source (dictionary, Firestore, lessons, reviewer); pronunciation identity unaffected",REF_030,1,raw/reference/REF_030.WAV,aa1f5d53de0c9f45533102ad738096ed95def2c9f3bcba1360219418435ec3b9,REF_030,lowest_reference_id,human_review,RC107,HUMAN_CONFIRMED,researcher_confirmed,RESEARCHER,2026-10-02,,true,,TRANSLATION_MISSING;TEXT_HUMAN_CONFIRMED,TL-0.2,lumad_lingua_pronunciation_v0.2
W107,yakaan,word,,yakaan,v. To eat something. | n. Wooden box. Dili ako mapagun sang kanmo kaon kay mabugat. ¥ will not be able to carry your box because it’s heavy. | n Wooden box. | v Food. | finder: eat,flagged,true,svelmoe1990_root_gloss_via_review,"inflected form; gloss is the dictionary definition of the affix-stripped ROOT, accepted by the reviewer; needs linguistic confirmation",REF_124,1,raw/reference/REF_124.WAV,43f067cea1aa5612455d85fa38f3cd34f39c941613517f71c116832cc27d7388,REF_124,lowest_reference_id,human_review,RC108,HUMAN_CONFIRMED,researcher_confirmed,RESEARCHER,2026-10-02,,true,,TRANSLATION_FLAGGED;TEXT_HUMAN_CONFIRMED,TL-0.2,lumad_lingua_pronunciation_v0.2
W108,yamadaman kaw kanak,phrase,,yamadaman kaw kanak,,missing,true,none,"no English gloss in any source (dictionary, Firestore, lessons, reviewer); pronunciation identity unaffected",REF_125,1,raw/reference/REF_125.WAV,5208419ee0f9c12429f088f8b12ece5f4fd9aef8a536ff24a6549d6f5287699f,REF_125,lowest_reference_id,human_review,RC109,HUMAN_CONFIRMED,researcher_confirmed,RESEARCHER,2026-10-02,,true,,TRANSLATION_MISSING;TEXT_HUMAN_CONFIRMED,TL-0.2,lumad_lingua_pronunciation_v0.2
W109,Yanag-aruk yang mangaysu,phrase,,Yanag-aruk yang mangaysu,,missing,true,none,"no English gloss in any source (dictionary, Firestore, lessons, reviewer); pronunciation identity unaffected",REF_031;REF_032,2,raw/reference/REF_031.WAV;raw/reference/REF_032.WAV,1c32f539103a0fbe64940012d6add3c23230dcc4866d4587037d31f9d7e9852f;3cbeb9291e2240720042d2ee5f54b4cd97fcef23b4d4e2bc6187679735a469d6,REF_031,lowest_reference_id,human_review,RC110,HUMAN_CONFIRMED,researcher_confirmed,RESEARCHER,2026-10-02,,true,,TRANSLATION_MISSING;MULTI_REFERENCE;TEXT_HUMAN_CONFIRMED,TL-0.2,lumad_lingua_pronunciation_v0.2
W110,yasagob kaw,phrase,,yasagob kaw,,missing,true,none,"no English gloss in any source (dictionary, Firestore, lessons, reviewer); pronunciation identity unaffected",REF_126,1,raw/reference/REF_126.WAV,d11d5dee3a68788b395e6fe6068c7e283e8ac8982b699f805ea6d2f0883df93d,REF_126,lowest_reference_id,human_review,RC111,HUMAN_CONFIRMED,researcher_confirmed,RESEARCHER,2026-10-02,,true,,TRANSLATION_MISSING;TEXT_HUMAN_CONFIRMED,TL-0.2,lumad_lingua_pronunciation_v0.2
W111,yasagub,word,,yasagub,"finder: fetch | water, to fetch",flagged,true,svelmoe1990_root_gloss_via_review,"inflected form; gloss is the dictionary definition of the affix-stripped ROOT, accepted by the reviewer; needs linguistic confirmation",REF_127,1,raw/reference/REF_127.WAV,7589ab882f38785dc583a92b6f941ac17c15640112519d9cb369155f75d16958,REF_127,lowest_reference_id,human_review,RC112,HUMAN_CONFIRMED,researcher_confirmed,RESEARCHER,2026-10-02,,true,,TRANSLATION_FLAGGED;TEXT_HUMAN_CONFIRMED,TL-0.2,lumad_lingua_pronunciation_v0.2
W112,yulugpat,word,,yulugpat,,missing,true,none,"no English gloss in any source (dictionary, Firestore, lessons, reviewer); pronunciation identity unaffected",REF_128,1,raw/reference/REF_128.WAV,cd8ce9b786e57cfd65e6eedf213ddfcc350145387fef169174cf5a787460d753,REF_128,lowest_reference_id,human_review,RC113,HUMAN_CONFIRMED,researcher_confirmed,RESEARCHER,2026-10-02,,true,,TRANSLATION_MISSING;TEXT_HUMAN_CONFIRMED,TL-0.2,lumad_lingua_pronunciation_v0.2
