applied_on,review_case_id,decision,decision_target,recording_ids,word_id,item_key,mansaka_text,translation_en,confirmed_by,confirmation_date,notes
2026-10-02,RC016,CONFIRM_TEXT_NEW_ITEM,,REF_007,W042,human:RC016:diin kaw padlog,Diin kaw padlog,,RESEARCHER,2026-10-02,AGREED_TO_SUGGESTED_ACTION
2026-10-02,RC051,CONFIRM_TEXT_NEW_ITEM,,REF_016,W062,human:RC051:magasogbo,Magasogbo,,RESEARCHER,2026-10-02,AGREED_TO_SUGGESTED_ACTION
2026-10-02,RC053,CONFIRM_TEXT_NEW_ITEM,,REF_017,W064,human:RC053:makaan da kita,Makaan Da kita,,RESEARCHER,2026-10-02,AGREED_TO_SUGGESTED_ACTION
2026-10-02,RC061,CONFIRM_TEXT_NEW_ITEM,,REF_018,W070,human:RC061:nana yang kammo tuod,Nana yang kammo tuod,,RESEARCHER,2026-10-02,AGREED_TO_SUGGESTED_ACTION
2026-10-02,RC063,CONFIRM_TEXT_NEW_ITEM,,REF_019,W072,human:RC063:nanang iyambong mo,Nanang iyambong mo,,RESEARCHER,2026-10-02,AGREED_TO_SUGGESTED_ACTION
2026-10-02,RC069,CONFIRM_CANDIDATE,pagarongan,REF_020;REF_089,W078,svelmoe:hw:pagarongan,pagarongan,n. Glass; mirror.,RESEARCHER,2026-10-02,AGREED_TO_SUGGESTED_ACTION
2026-10-02,RC072,CONFIRM_TEXT_NEW_ITEM,,REF_021,W080,human:RC072:pangiyakan ta,Pangiyakan Ta,,RESEARCHER,2026-10-02,AGREED_TO_SUGGESTED_ACTION
2026-10-02,RC073,CONFIRM_CANDIDATE,Paroda,REF_022;REF_092,W081,svelmoe:finder:paroda,Paroda,Sweet Potato,RESEARCHER,2026-10-02,AGREED_TO_SUGGESTED_ACTION; reviewer gloss 'Sweet Potato' entered over finder gloss 'vegetable' (finder p. 548 lists paroda under 'vegetable')
2026-10-02,RC095,CONFIRM_TEXT_NEW_ITEM,,REF_025,W096,human:RC095:wara ako akurutuy,Wara ako akurutuy,,RESEARCHER,2026-10-02,AGREED_TO_SUGGESTED_ACTION
2026-10-02,RC098,CONFIRM_TEXT_NEW_ITEM,,REF_027;REF_028,W097,human:RC098:yaabay ko kamangun,Yaabay ko kamangun,,RESEARCHER,2026-10-02,AGREED_TO_SUGGESTED_ACTION
2026-10-02,RC100,CONFIRM_TEXT_NEW_ITEM,,REF_029,W099,human:RC100:yaga-agung ako na yaturog,Yaga-agung ako na yaturog,,RESEARCHER,2026-10-02,AGREED_TO_SUGGESTED_ACTION
2026-10-02,RC107,CONFIRM_TEXT_NEW_ITEM,,REF_030,W106,human:RC107:yaginurom da kaw,Yaginurom Da kaw,,RESEARCHER,2026-10-02,AGREED_TO_SUGGESTED_ACTION
2026-10-02,RC110,CONFIRM_TEXT_NEW_ITEM,,REF_031;REF_032,W109,human:RC110:yanag-aruk yang mangaysu,Yanag-aruk yang mangaysu,,RESEARCHER,2026-10-02,AGREED_TO_SUGGESTED_ACTION
2026-10-02,RC001,CONFIRM_TEXT_NEW_ITEM,,REF_033,W037,human:RC001:agtura tura ng ugbos,agtura tura ng ugbos,,RESEARCHER,2026-10-02,AGREED_TO_SUGGESTED_ACTION
2026-10-02,RC003,CONFIRM_TEXT_NEW_ITEM,,REF_035,W038,human:RC003:amanting,amanting,,RESEARCHER,2026-10-02,AGREED_TO_SUGGESTED_ACTION
2026-10-02,RC007,CONFIRM_TEXT_NEW_ITEM,,REF_037,W039,human:RC007:baboo,baboo,,RESEARCHER,2026-10-02,AGREED_TO_SUGGESTED_ACTION
2026-10-02,RC014,CONFIRM_TEXT_NEW_ITEM,,REF_040,W040,human:RC014:dako ra yang bilas mo,dako ra yang bilas mo,,RESEARCHER,2026-10-02,AGREED_TO_SUGGESTED_ACTION
2026-10-02,RC015,CONFIRM_TEXT_NEW_ITEM,,REF_041,W041,human:RC015:dakurat,dakurat,,RESEARCHER,2026-10-02,AGREED_TO_SUGGESTED_ACTION
2026-10-02,RC017,CONFIRM_TEXT_NEW_ITEM,,REF_042,W043,human:RC017:duor,duor,,RESEARCHER,2026-10-02,AGREED_TO_SUGGESTED_ACTION
2026-10-02,RC018,CONFIRM_TEXT_NEW_ITEM,,REF_043;REF_044,W044,human:RC018:duwambuok,duwambuok,,RESEARCHER,2026-10-02,AGREED_TO_SUGGESTED_ACTION
2026-10-02,RC020,CONFIRM_TEXT_NEW_ITEM,,REF_045,W045,human:RC020:gaakbu ako disang bintana,gaakbu ako disang bintana,,RESEARCHER,2026-10-02,AGREED_TO_SUGGESTED_ACTION
2026-10-02,RC021,CONFIRM_TEXT_NEW_ITEM,,REF_046,W046,human:RC021:gauma,gauma,v. To be glad; to be happy.,RESEARCHER,2026-10-02,AGREED_TO_SUGGESTED_ACTION
2026-10-02,RC022,CONFIRM_TEXT_NEW_ITEM,,REF_047,W047,human:RC022:gyaring,gyaring,finder: grind,RESEARCHER,2026-10-02,AGREED_TO_SUGGESTED_ACTION
2026-10-02,RC026,CONFIRM_TEXT_NEW_ITEM,,REF_050,W048,human:RC026:isu,isu,,RESEARCHER,2026-10-02,AGREED_TO_SUGGESTED_ACTION
2026-10-02,RC029,CONFIRM_TEXT_NEW_ITEM,,REF_051,W049,human:RC029:kamanggud,kamanggud,,RESEARCHER,2026-10-02,AGREED_TO_SUGGESTED_ACTION
2026-10-02,RC031,CONFIRM_TEXT_NEW_ITEM,,REF_053,W050,human:RC031:katumbar,katumbar,,RESEARCHER,2026-10-02,AGREED_TO_SUGGESTED_ACTION
2026-10-02,RC033,CONFIRM_TEXT_NEW_ITEM,,REF_055,W051,human:RC033:kinuraw muuri,kinuraw muuri,,RESEARCHER,2026-10-02,AGREED_TO_SUGGESTED_ACTION
2026-10-02,RC034,CONFIRM_TEXT_NEW_ITEM,,REF_056,W052,human:RC034:kyumaan da kamo,kyumaan da kamo,,RESEARCHER,2026-10-02,AGREED_TO_SUGGESTED_ACTION
2026-10-02,RC037,CONFIRM_TEXT_NEW_ITEM,,REF_058,W053,human:RC037:lumon na bobay,lumon na bobay,,RESEARCHER,2026-10-02,AGREED_TO_SUGGESTED_ACTION
2026-10-02,RC038,CONFIRM_TEXT_NEW_ITEM,,REF_059,W054,human:RC038:lumon na usug,lumon na usug,,RESEARCHER,2026-10-02,AGREED_TO_SUGGESTED_ACTION
2026-10-02,RC039,CONFIRM_TEXT_NEW_ITEM,,REF_060,W055,human:RC039:lutya,lutya,,RESEARCHER,2026-10-02,AGREED_TO_SUGGESTED_ACTION
2026-10-02,RC040,CONFIRM_TEXT_NEW_ITEM,,REF_061,W056,human:RC040:lyurot,lyurot,"v. To cook in bamboo. | finder: bamboo, cook in",RESEARCHER,2026-10-02,AGREED_TO_SUGGESTED_ACTION
2026-10-02,RC041,CONFIRM_TEXT_NEW_ITEM,,REF_062,W057,human:RC041:maanog,maanog,,RESEARCHER,2026-10-02,AGREED_TO_SUGGESTED_ACTION
2026-10-02,RC046,CONFIRM_TEXT_NEW_ITEM,,REF_064,W058,human:RC046:madyaw na allaw!,Madyaw na Allaw!,Good Day!,RESEARCHER,2026-10-02,AGREED_TO_SUGGESTED_ACTION
2026-10-02,RC048,CONFIRM_CANDIDATE,Madyaw na gabila,REF_066;REF_067,W059,lesson_item:madyaw na gabila,Madyaw na gabila,Good afternoon,RESEARCHER,2026-10-02,AGREED_TO_SUGGESTED_ACTION; Preferred gloss: Good afternoon (published lesson); dictionary gloss for gabila is dusk/evening.
2026-10-02,RC049,CONFIRM_CANDIDATE,Madyaw na masurom,REF_069;REF_070;REF_071;REF_072,W060,lesson_item:madyaw na masurom,Madyaw na masurom,Good morning,RESEARCHER,2026-10-02,AGREED_TO_SUGGESTED_ACTION; Preferred gloss: Good morning; dictionary form is masurum.
2026-10-02,RC050,CONFIRM_TEXT_NEW_ITEM,,REF_068,W061,human:RC050:madyaw na masurom kariko,madyaw na masurom kariko,,RESEARCHER,2026-10-02,AGREED_TO_SUGGESTED_ACTION
2026-10-02,RC052,CONFIRM_TEXT_NEW_ITEM,,REF_073,W063,human:RC052:magsandayong pa ko atong tubod,magsandayong pa ko atong tubod,,RESEARCHER,2026-10-02,AGREED_TO_SUGGESTED_ACTION
2026-10-02,RC055,CONFIRM_TEXT_NEW_ITEM,,REF_075,W065,human:RC055:makator yang ulo ko,makator yang ulo ko,,RESEARCHER,2026-10-02,AGREED_TO_SUGGESTED_ACTION
2026-10-02,RC056,CONFIRM_CANDIDATE,mangod,REF_076;REF_077,W066,svelmoe:hw:mangod,mangod,n. Younger sibling.,RESEARCHER,2026-10-02,AGREED_TO_SUGGESTED_ACTION
2026-10-02,RC058,CONFIRM_TEXT_NEW_ITEM,,REF_079,W067,human:RC058:marutuy,marutuy,,RESEARCHER,2026-10-02,AGREED_TO_SUGGESTED_ACTION
2026-10-02,RC059,CONFIRM_TEXT_NEW_ITEM,,REF_080,W068,human:RC059:mataba,mataba,v. To meet. | an. | adj Fat. | v To become Tat. | finder: fat,RESEARCHER,2026-10-02,AGREED_TO_SUGGESTED_ACTION
2026-10-02,RC060,CONFIRM_TEXT_NEW_ITEM,,REF_081,W069,human:RC060:na naan,na naan,,RESEARCHER,2026-10-02,AGREED_TO_SUGGESTED_ACTION
2026-10-02,RC062,CONFIRM_TEXT_NEW_ITEM,,REF_082,W071,human:RC062:nanang gawbok,nanang gawbok,,RESEARCHER,2026-10-02,AGREED_TO_SUGGESTED_ACTION
2026-10-02,RC064,CONFIRM_TEXT_NEW_ITEM,,REF_083,W073,human:RC064:nanang tuod parandong,nanang tuod parandong,,RESEARCHER,2026-10-02,AGREED_TO_SUGGESTED_ACTION
2026-10-02,RC065,CONFIRM_TEXT_NEW_ITEM,,REF_084;REF_085,W074,human:RC065:nanang uram mayo,nanang uram mayo,,RESEARCHER,2026-10-02,AGREED_TO_SUGGESTED_ACTION
2026-10-02,RC066,CONFIRM_TEXT_NEW_ITEM,,REF_086,W075,human:RC066:nangakaw,nangakaw,n. Stilt. | finder: stilt,RESEARCHER,2026-10-02,AGREED_TO_SUGGESTED_ACTION
2026-10-02,RC067,CONFIRM_TEXT_NEW_ITEM,,REF_087,W076,human:RC067:nangamang pak ng kayamas,nangamang pak ng kayamas,,RESEARCHER,2026-10-02,AGREED_TO_SUGGESTED_ACTION
2026-10-02,RC068,CONFIRM_TEXT_NEW_ITEM,,REF_088,W077,human:RC068:niyanluluto ng ina mo,niyanluluto ng ina mo,,RESEARCHER,2026-10-02,AGREED_TO_SUGGESTED_ACTION
2026-10-02,RC070,CONFIRM_TEXT_NEW_ITEM,,REF_090,W079,human:RC070:pagsugbo,pagsugbo,,RESEARCHER,2026-10-02,AGREED_TO_SUGGESTED_ACTION
2026-10-02,RC074,CONFIRM_TEXT_NEW_ITEM,,REF_093,W082,human:RC074:pasaylowak doon,pasaylowak doon,,RESEARCHER,2026-10-02,AGREED_TO_SUGGESTED_ACTION
2026-10-02,RC075,CONFIRM_TEXT_NEW_ITEM,,REF_094,W083,human:RC075:pasayluwak doon,pasayluwak doon,,RESEARCHER,2026-10-02,AGREED_TO_SUGGESTED_ACTION
2026-10-02,RC077,CONFIRM_CANDIDATE,samporo,REF_096,W084,svelmoe:hw:samporo,samporo,num. Ten.,RESEARCHER,2026-10-02,AGREED_TO_SUGGESTED_ACTION
2026-10-02,RC079,CONFIRM_TEXT_NEW_ITEM,,REF_098,W085,human:RC079:sang kanlaw,sang kanlaw,,RESEARCHER,2026-10-02,AGREED_TO_SUGGESTED_ACTION
2026-10-02,RC082,CONFIRM_TEXT_NEW_ITEM,,REF_100;REF_101,W086,human:RC082:sining bapa mo,sining bapa mo,,RESEARCHER,2026-10-02,AGREED_TO_SUGGESTED_ACTION
2026-10-02,RC083,CONFIRM_TEXT_NEW_ITEM,,REF_102,W087,human:RC083:sining gadiyaga kanmo,sining gadiyaga kanmo,,RESEARCHER,2026-10-02,AGREED_TO_SUGGESTED_ACTION
2026-10-02,RC085,CONFIRM_TEXT_NEW_ITEM,,REF_104,W088,human:RC085:tabi di saan,tabi di saan,,RESEARCHER,2026-10-02,AGREED_TO_SUGGESTED_ACTION
2026-10-02,RC086,CONFIRM_TEXT_NEW_ITEM,,REF_105,W089,human:RC086:tabi kanmo,tabi kanmo,,RESEARCHER,2026-10-02,AGREED_TO_SUGGESTED_ACTION
2026-10-02,RC088,CONFIRM_CANDIDATE,toro,REF_107;REF_108,W090,svelmoe:hw:toro,toro,"hom.1 num. Three. | hom.1 mum, Three. | hom.2 n. Bull (cow or carabao).",RESEARCHER,2026-10-02,AGREED_TO_SUGGESTED_ACTION
2026-10-02,RC089,CONFIRM_CANDIDATE,olloy,REF_109,W091,svelmoe:hw:olloy,olloy,n Tender new leaves of sweet potato vines. | v To pick new leaves of sweet potato vines.,RESEARCHER,2026-10-02,AGREED_TO_SUGGESTED_ACTION
2026-10-02,RC090,CONFIRM_TEXT_NEW_ITEM,,REF_110,W092,human:RC090:umpo na bobay,umpo na bobay,,RESEARCHER,2026-10-02,AGREED_TO_SUGGESTED_ACTION
2026-10-02,RC091,CONFIRM_TEXT_NEW_ITEM,,REF_111,W093,human:RC091:umpu na usug,umpu na usug,,RESEARCHER,2026-10-02,AGREED_TO_SUGGESTED_ACTION
2026-10-02,RC092,CONFIRM_TEXT_NEW_ITEM,,REF_112,W094,human:RC092:unom,unom,,RESEARCHER,2026-10-02,AGREED_TO_SUGGESTED_ACTION
2026-10-02,RC093,CONFIRM_CANDIDATE,opat,REF_113;REF_114;REF_115,W095,svelmoe:hw:opat,opat,num. Four. | mum.,RESEARCHER,2026-10-02,AGREED_TO_SUGGESTED_ACTION
2026-10-02,RC099,CONFIRM_TEXT_NEW_ITEM,,REF_117,W098,human:RC099:yadaragan,yadaragan,v. To run. | finder: run,RESEARCHER,2026-10-02,AGREED_TO_SUGGESTED_ACTION
2026-10-02,RC101,CONFIRM_TEXT_NEW_ITEM,,REF_118,W100,human:RC101:yagabasa,yagabasa,"n. Drinking glass. | mod pil. It is because; because of; in view of. | v To read. | hom.1 mod. ptl. It is because; because of; in view of. | hom.2 v. ‘To make wet. | hom.2 n. Wusband. | hom.2 v. To marry a man. | finder: read; wet, to make",RESEARCHER,2026-10-02,AGREED_TO_SUGGESTED_ACTION
2026-10-02,RC102,CONFIRM_TEXT_NEW_ITEM,,REF_119,W101,human:RC102:yagakanta,yagakanta,n Song. | v To sing. | finder: sing,RESEARCHER,2026-10-02,AGREED_TO_SUGGESTED_ACTION
2026-10-02,RC103,CONFIRM_TEXT_NEW_ITEM,,REF_120,W102,human:RC103:yagasagda,yagasagda,hom.1 v. To rebuke; to forbid; to stop. | hom.2 v. To fool around; to joke. | finder: rebuke,RESEARCHER,2026-10-02,AGREED_TO_SUGGESTED_ACTION
2026-10-02,RC104,CONFIRM_TEXT_NEW_ITEM,,REF_121,W103,human:RC104:yagasayaw,yagasayaw,"hom.1 v. To dance. | hom.2 n. Kind of bird. | hom.2 . Kind of bird. | finder: dance; sarangkipaw,",RESEARCHER,2026-10-02,AGREED_TO_SUGGESTED_ACTION
2026-10-02,RC105,CONFIRM_TEXT_NEW_ITEM,,REF_122,W104,human:RC105:yagasurat,yagasurat,n. Breech position of a fetus. | . Breech position of a fetus.,RESEARCHER,2026-10-02,AGREED_TO_SUGGESTED_ACTION
2026-10-02,RC106,CONFIRM_TEXT_NEW_ITEM,,REF_123,W105,human:RC106:yagaugas,yagaugas,v. To wash (as dishes or floor).,RESEARCHER,2026-10-02,AGREED_TO_SUGGESTED_ACTION
2026-10-02,RC108,CONFIRM_TEXT_NEW_ITEM,,REF_124,W107,human:RC108:yakaan,yakaan,v. To eat something. | n. Wooden box. Dili ako mapagun sang kanmo kaon kay mabugat. ¥ will not be able to carry your box because it’s heavy. | n Wooden box. | v Food. | finder: eat,RESEARCHER,2026-10-02,AGREED_TO_SUGGESTED_ACTION
2026-10-02,RC109,CONFIRM_TEXT_NEW_ITEM,,REF_125,W108,human:RC109:yamadaman kaw kanak,yamadaman kaw kanak,,RESEARCHER,2026-10-02,AGREED_TO_SUGGESTED_ACTION
2026-10-02,RC111,CONFIRM_TEXT_NEW_ITEM,,REF_126,W110,human:RC111:yasagob kaw,yasagob kaw,,RESEARCHER,2026-10-02,AGREED_TO_SUGGESTED_ACTION
2026-10-02,RC112,CONFIRM_TEXT_NEW_ITEM,,REF_127,W111,human:RC112:yasagub,yasagub,"finder: fetch | water, to fetch",RESEARCHER,2026-10-02,AGREED_TO_SUGGESTED_ACTION
2026-10-02,RC113,CONFIRM_TEXT_NEW_ITEM,,REF_128,W112,human:RC113:yulugpat,yulugpat,,RESEARCHER,2026-10-02,AGREED_TO_SUGGESTED_ACTION
