recording_id,object_name,filename_stem,base_text,take_suffix,variant_group_id,group_size,evidence_category,authoritative,item_key,item_type,candidate_mansaka_text,candidate_translation_en,candidate_phonetic,candidate_pos,source_collection,source_doc_id,source_field,dict_headword,dict_all_forms,dict_entry_ids,dict_pos,dict_definition,dict_book_page,dict_homonym_count,dict_rule,dict_candidates,gloss_conflict,corroboration,existing_word_id,other_candidates,partial_token_matches,near_variant_groups,repo_hits,notes
REF_001,Antik.WAV,Antik,Antik,,VG004,1,DICTIONARY_HEADWORD_EXACT,true,svelmoe:hw:antik,word,antik,n. Ant.,,n.,svelmoe1990,A:277,headword (book p. 23; transcriptions A),antik,antik,,n.,n. Ant.,23,1,,,,firestore words 9wYfRCZDf3elrtSWzbe4,,,,,,
REF_002,Arabat.WAV,Arabat,Arabat,,VG005,1,DICTIONARY_HEADWORD_EXACT,true,svelmoe:hw:arabat,word,arabat,n. Wall. | nm.,,n.,svelmoe1990,M00321,headword (book p. 29; transcriptions AB),arabat,arabat,M00321,n.,n. Wall. | nm.,29,1,,,,firestore words YPqMHKvZT0jQTX8jNr1S,,,,,,
REF_003,Barangaw.WAV,Barangaw,Barangaw,,VG009,1,DICTIONARY_HEADWORD_EXACT,true,svelmoe:hw:barangaw,word,barangaw,n. Rainbow. | na.,,n.,svelmoe1990,M00712,headword (book p. 62; transcriptions AB),barangaw,barangaw,M00712,n.,n. Rainbow. | na.,62,1,,,,firestore words c6CO9DECOzrPNuyLgKO2,,,,,,
REF_004,Bobay.WAV,Bobay,Bobay,,VG011,1,DICTIONARY_HEADWORD_EXACT,true,svelmoe:hw:bobay,word,bobay,n. Female (human).,,n; n.,svelmoe1990,M00947,headword (book p. 81; transcriptions AB),bobay,bobay,M00947,n; n.,n. Female (human).,81,1,,,,firestore words fry54dN7LhkUoDCBVnEh,,,,,,
REF_005,Bugsak.WAV,Bugsak,Bugsak,,VG012,1,DICTIONARY_HEADWORD_EXACT,true,svelmoe:hw:bugsak,word,bugsak,n. Heavy rain; downpour.,,n.,svelmoe1990,A:1283,headword (book p. 98; transcriptions A),bugsak,bugsak,,n.,n. Heavy rain; downpour.,98,1,,,,firestore words 0KEq4c3IEDne7WUkiADa,,,,,,
REF_006,Dagom.WAV,Dagom,Dagom,,VG013,1,DICTIONARY_HEADWORD_EXACT,true,svelmoe:hw:dagom,word,dagom,n. Shirt; clothing. | v. To dress s.o.,,n.; v; v.,svelmoe1990,M01868,headword (book p. 157; transcriptions AB),dagom,dagom,M01868,n.; v; v.,n. Shirt; clothing. | v. To dress s.o.,157,1,,,,,W018,,,,,
REF_007,Diin kaw padlog.WAV,Diin kaw padlog,Diin kaw padlog,,VG016,1,PARTIAL_TOKEN_CANDIDATE,false,,phrase,,,,,,,,,,,,,,,token glosses,,,,,,"diin~diin:where | kaw='pers. pron. 2 p sg, topic.' | padlog=?",,,
REF_008,Gaagod yang baboy .WAV,Gaagod yang baboy ,Gaagod yang baboy,,VG019,1,DICTIONARY_EXAMPLE_EXACT,true,svelmoe:ex:gaagod yang baboy,phrase,Gaagod yang baboy.,A pig is moaning.,,,svelmoe1990,M00118,example sentence under headword 'agod' (book p. 11; transcriptions AB),agod,,M00118,,A pig is moaning.,11,,,,,firestore usage example,,,,,,
REF_009,Ingkod.WAV,Ingkod,Ingkod,,VG024,1,DICTIONARY_HEADWORD_EXACT,true,svelmoe:hw:ingkod,word,Ingkod,v. To sit.,,v; v.,svelmoe1990,M02584,headword (book p. 216; transcriptions AB),Ingkod,Ingkod,M02584,v; v.,v. To sit.,216,1,,,,,W020,,,,,
REF_010,Kaana yang manok.WAV,Kaana yang manok,Kaana yang manok,,VG027,1,DICTIONARY_EXAMPLE_EXACT,true,svelmoe:ex:kaana yang manok,phrase,Kaana yang manok.,Eat the chicken.,,,svelmoe1990,M00002,example sentence under headword '-a -' (book p. 1; transcriptions AB),-a -,,M00002,,Eat the chicken.,1,,,,,firestore usage example,,,,,,
REF_011,Kadyawan.WAV,Kadyawan,Kadyawan,,VG028,1,DICTIONARY_HEADWORD_EXACT,true,svelmoe:hw:kadyawan,word,kadyawan,n. Goodness; benefit. | nt.,,n.,svelmoe1990,M01286,headword (book p. 108; transcriptions AB),kadyawan,kadyawan,M01286,n.,n. Goodness; benefit. | nt.,108,1,,,,firestore words tPSO95ipLwxJQ4KhVJtj,,,,,,
REF_012,Larad.WAV,Larad,Larad,,VG035,1,DICTIONARY_HEADWORD_EXACT,true,svelmoe:hw:larad,word,larad,v. To | v To see and examine; to survey.,,v; v.,svelmoe1990,M02868,headword (book p. 242; transcriptions AB),larad,larad,M02868,v; v.,v. To | v To see and examine; to survey.,242,1,,,,,W022,,,,,
REF_013,Madaig.WAV,Madaig,Madaig,,VG042,1,DICTIONARY_HEADWORD_EXACT,true,svelmoe:hw:madaig,word,madaig,"adj. Many; several. | adj Many, several.",,adj; adj.,svelmoe1990,M03345,headword (book p. 282; transcriptions AB),madaig,madaig,M03345,adj; adj.,"adj. Many; several. | adj Many, several.",282,1,,,,,W024,,,,,
REF_014,Madakmul yang abol.WAV,Madakmul yang abol,Madakmul yang abol,,VG043,1,DICTIONARY_EXAMPLE_EXACT,true,svelmoe:ex:madakmul yang abol,phrase,Madakmul yang abol.,The blanket is thick.,,,svelmoe1990,,example sentence under headword 'abot' (book p. 3; transcriptions A),abot,,,,The blanket is thick.,3,,,,,firestore usage example,,,,,,
REF_015,Madyaw.WAV,Madyaw,Madyaw,,VG045,1,DICTIONARY_HEADWORD_ALTFORM,true,"svelmoe:hw:madayaw, madyaw",word,"madayaw, madyaw","adj. Good. | adj. Good, beautiful; reliable; pleasant; honorable; excellent. | adj Good; beautiful; reliable; pleasant; honorable; excellent. Madayaw laban na bobay ngaong kikita ka asang kaananan, That woman I saw in the eating place was very beautiful.",,adj; adj.,svelmoe1990,M03349,headword (book p. 168;283; transcriptions AB),"madayaw, madyaw","madayaw, madyaw | mad&yaw, madyaw",M03349,adj; adj.,"adj. Good. | adj. Good, beautiful; reliable; pleasant; honorable; excellent. | adj Good; beautiful; reliable; pleasant; honorable; excellent. Madayaw laban na bobay ngaong kikita ka asang kaananan, That woman I saw in the eating place was very beautiful.",168;283,1,,,,,W025,,,VG044,lib/services/duel_service.dart×4; lib/services/sentiment_service.dart×12; lib/screens/lingua_duel_screen.dart×4; lib/widgets/admin/import_dictionary_modal.dart×2,
REF_016,Magasogbo.WAV,Magasogbo,Magasogbo,,VG051,1,NO_PROJECT_MATCH,false,,word,,,,,,,,,,,,,,,,,,,,,,,,
REF_017,Makaan Da kita.WAV,Makaan Da kita,Makaan Da kita,,VG053,1,PARTIAL_TOKEN_CANDIDATE,false,,phrase,,,,,,,,,,,,,,,token glosses,,,,,,"makaan=? | da='la mod pti.' | kita='hom.1 pers. pron. I p pl (incl), topic. '",,,
REF_018,Nana yang kammo tuod.WAV,Nana yang kammo tuod,Nana yang kammo tuod,,VG061,1,PARTIAL_TOKEN_CANDIDATE,false,,phrase,,,,,,,,,,,,,,,token glosses,,,,,,nana='interr. What.' | yang='' | kammo=? | tuod='hom.1 n. Purpose; objective; goal. | hom' [via tood],,,
REF_019,Nanang iyambong mo.WAV,Nanang iyambong mo,Nanang iyambong mo,,VG063,1,PARTIAL_TOKEN_CANDIDATE,false,,phrase,,,,,,,,,,,,,,,token glosses,,,,,,nanang='tupad What is my sin? Why me? Who am I t' | iyambong='n. Afternoon meal; supper.' | mo=(function word),,,
REF_020,Pagarungan.WAV,Pagarungan,Pagarungan,,VG069,2,MULTIPLE_TAKE_CANDIDATE,false,,word,pagarongan,n. Glass; mirror.,,n; n.,svelmoe1990,M04007,u->o: 'Pagarungan' -> 'pagarongan',,,,,,,,u->o,pagarongan: n; n. n. Glass; mirror.,,,,base evidence DICTIONARY_ORTHOGRAPHIC_VARIANT,,,,
REF_089,pagarungan(1).WAV,pagarungan(1),Pagarungan,1,VG069,2,MULTIPLE_TAKE_CANDIDATE,false,,word,pagarongan,n. Glass; mirror.,,n; n.,svelmoe1990,M04007,u->o: 'Pagarungan' -> 'pagarongan',,,,,,,,u->o,pagarongan: n; n. n. Glass; mirror.,,,,base evidence DICTIONARY_ORTHOGRAPHIC_VARIANT,,,,
REF_021,Pangiyakan Ta.WAV,Pangiyakan Ta,Pangiyakan Ta,,VG072,1,PARTIAL_TOKEN_CANDIDATE,false,,phrase,,,,,,,,,,,,,,,token glosses,,,,,,"pangiyakan=? | ta='pers. pron. 3 p pi (incl), topic. | pers'",,,
REF_022,Paroda.WAV,Paroda,Paroda,,VG073,2,MULTIPLE_TAKE_CANDIDATE,false,svelmoe:finder:paroda,word,Paroda,vegetable,,,svelmoe1990,finder pdf p. 548,English-Mansaka finder (headword entry not located in OCR),Paroda,,,,vegetable,548,,,,,,,base evidence DICTIONARY_FINDER_EXACT,,,,
REF_092,paroda(1).WAV,paroda(1),Paroda,1,VG073,2,MULTIPLE_TAKE_CANDIDATE,false,svelmoe:finder:paroda,word,Paroda,vegetable,,,svelmoe1990,finder pdf p. 548,English-Mansaka finder (headword entry not located in OCR),Paroda,,,,vegetable,548,,,,,,,base evidence DICTIONARY_FINDER_EXACT,,,,
REF_023,Sapi.WAV,Sapi,Sapi,,VG080,1,DICTIONARY_HEADWORD_EXACT,true,svelmoe:hw:sapi,word,sapi,n. Money.,,n; n.,svelmoe1990,M04667,headword (book p. 387; transcriptions AB),sapi,sapi,M04667,n; n.,n. Money.,387,1,,,,,W031,,,,,
REF_024,Usug.WAV,Usug,Usug,,VG094,1,DICTIONARY_HEADWORD_EXACT,true,svelmoe:hw:usug,word,usug,"4“. Male human. | Male human, Podo usug yang maguya asaan na banwa. The people living in that place are all males.",,,svelmoe1990,M05895,headword (book p. 486; transcriptions AB),usug,usug,M05895,,"4“. Male human. | Male human, Podo usug yang maguya asaan na banwa. The people living in that place are all males.",486,1,,,,,W034,,,,,
REF_025,Wara ako akurutuy.WAV,Wara ako akurutuy,Wara ako akurutuy,,VG095,1,PARTIAL_TOKEN_CANDIDATE,false,,phrase,,,,,,,,,,,,,,,token glosses,,,,,,"wara='neg None; no; not.' | ako='pers. pron. I p sg, topic.' | akurutuy=?",,,
REF_026,Wara ko akaani yang pinggan.WAV,Wara ko akaani yang pinggan,Wara ko akaani yang pinggan,,VG096,1,DICTIONARY_EXAMPLE_EXACT,true,svelmoe:ex:wara ko akaani yang pinggan,phrase,Wara ko akaani yang pinggan.,I did not eat from the plate.,,,svelmoe1990,M00007,example sentence under headword 'a--i' (book p. 1; transcriptions AB),a--i,,M00007,,I did not eat from the plate.,1,,,,,,W035,,ko:ko,,,
REF_027,Yaabay ko kamangun(1).WAV,Yaabay ko kamangun(1),Yaabay ko kamangun,1,VG098,2,MULTIPLE_TAKE_CANDIDATE,false,,phrase,,,,,,,,,,,,,,,token glosses,,,,,base evidence PARTIAL_TOKEN_CANDIDATE,"yaabay=? | ko='pers. pron. I p sg, relative.' | kamangun=?",,,
REF_028,Yaabay ko kamangun.WAV,Yaabay ko kamangun,Yaabay ko kamangun,,VG098,2,MULTIPLE_TAKE_CANDIDATE,false,,phrase,,,,,,,,,,,,,,,token glosses,,,,,base evidence PARTIAL_TOKEN_CANDIDATE,"yaabay=? | ko='pers. pron. I p sg, relative.' | kamangun=?",,,
REF_029,Yaga-agung ako na yaturog.WAV,Yaga-agung ako na yaturog,Yaga-agung ako na yaturog,,VG100,1,PARTIAL_TOKEN_CANDIDATE,false,,phrase,,,,,,,,,,,,,,,token glosses,,,,,,"yaga=? | agung='v. To snore.' | ako='pers. pron. I p sg, topic.' | na=(function word) | yaturog=?",,,
REF_030,Yaginurom Da kaw.WAV,Yaginurom Da kaw,Yaginurom Da kaw,,VG107,1,PARTIAL_TOKEN_CANDIDATE,false,,phrase,,,,,,,,,,,,,,,token glosses,,,,,,"yaginurom=? | da='la mod pti.' | kaw='pers. pron. 2 p sg, topic.'",,,
REF_031,Yanag-aruk yang mangaysu(1).WAV,Yanag-aruk yang mangaysu(1),Yanag-aruk yang mangaysu,1,VG110,2,MULTIPLE_TAKE_CANDIDATE,false,,phrase,,,,,,,,,,,,,,,token glosses,,,,,base evidence PARTIAL_TOKEN_CANDIDATE,yanag=? | aruk='v. To kiss. | v. To sorrow; to mourn.' | yang='' | mangaysu=?,,,
REF_032,Yanag-aruk yang mangaysu.WAV,Yanag-aruk yang mangaysu,Yanag-aruk yang mangaysu,,VG110,2,MULTIPLE_TAKE_CANDIDATE,false,,phrase,,,,,,,,,,,,,,,token glosses,,,,,base evidence PARTIAL_TOKEN_CANDIDATE,yanag=? | aruk='v. To kiss. | v. To sorrow; to mourn.' | yang='' | mangaysu=?,,,
REF_033,agtura tura ng ugbos .WAV,agtura tura ng ugbos ,agtura tura ng ugbos,,VG001,1,PARTIAL_TOKEN_CANDIDATE,false,,phrase,,,,,,,,,,,,,,,token glosses,,,,,,agtura=? | tura='hom.1 v. To make soup. | hom.2 v. To coi' [via tora] | ng=(function word) | ugbos='hom.1 17. New tender leaves just coming ' [via ogbos],,,
REF_034,ama.WAV,ama,ama,,VG002,1,DICTIONARY_FINDER_EXACT,true,svelmoe:finder:ama,word,ama,father,,,svelmoe1990,finder pdf p. 524,English-Mansaka finder (headword entry not located in OCR),ama,,,,father,524,,,,,,W017,,,,lib/screens/quiz_screen.dart×2,
REF_035,amanting.WAV,amanting,amanting,,VG003,1,NO_PROJECT_MATCH,false,,word,,,,,,,,,,,,,,,,,,,,,,,,
REF_036,arayon.WAV,arayon,arayon,,VG006,1,DICTIONARY_HEADWORD_EXACT,true,svelmoe:hw:arayon,word,arayon,n. Relative.,,n; n.,svelmoe1990,M00345,headword (book p. 31; transcriptions AB),arayon,arayon,M00345,n; n.,n. Relative.,31,1,,,,firestore words A1wLuJfWky5Crrg9cBBi,,,,,,
REF_037,baboo.WAV,baboo,baboo,,VG007,1,NO_PROJECT_MATCH,false,,word,,,,,,,,,,,,,,,,,,,,,,,,
REF_038,bapa.WAV,bapa,bapa,,VG008,1,DICTIONARY_HEADWORD_EXACT,true,svelmoe:hw:bapa,word,bapa,n. Uncle; term of respect for an older man.,,n; n.,svelmoe1990,M00684,headword (book p. 59; transcriptions AB),bapa,bapa,M00684,n; n.,n. Uncle; term of respect for an older man.,59,1,,,,firestore words ior1V7Dho3n5PPv7hJux,,,,,,
REF_039,batad.WAV,batad,batad,,VG010,1,DICTIONARY_HEADWORD_EXACT,true,svelmoe:hw:batad,word,batad,n. Corn.,,n; n.,svelmoe1990,M00798,headword (book p. 69; transcriptions AB),batad,batad,M00798,n; n.,n. Corn.,69,1,,,,firestore words w7amVxl3HlYNLFXLBx6W,,,,,,
REF_040,dako ra yang bilas mo .WAV,dako ra yang bilas mo ,dako ra yang bilas mo,,VG014,1,PARTIAL_TOKEN_CANDIDATE,false,,phrase,,,,,,,,,,,,,,,token glosses,,,,,,dako=? | ra=(function word) | yang='' | bilas='hom.1 v. Seéretion in eye. | hom.2 n. Re' | mo=(function word),,,
REF_041,dakurat.WAV,dakurat,dakurat,,VG015,1,NO_PROJECT_MATCH,false,,word,,,,,,,,,,,,,,,,,,,,,,,,
REF_042,duor.WAV,duor,duor,,VG017,1,NO_PROJECT_MATCH,false,,word,,,,,,,,,,,,,,,,,,,,,,,,
REF_043,duwambuok(1).WAV,duwambuok(1),duwambuok,1,VG018,2,MULTIPLE_TAKE_CANDIDATE,false,,word,,,,,,,,,,,,,,,,,,,,,,,,
REF_044,duwambuok.WAV,duwambuok,duwambuok,,VG018,2,MULTIPLE_TAKE_CANDIDATE,false,,word,,,,,,,,,,,,,,,,,,,,,,,,
REF_045,gaakbu ako disang bintana.WAV,gaakbu ako disang bintana,gaakbu ako disang bintana,,VG020,1,PARTIAL_TOKEN_CANDIDATE,false,,phrase,,,,,,,,,,,,,,,token glosses,,,,,,"gaakbu=? | ako='pers. pron. I p sg, topic.' | disang=? | bintana=?",,,
REF_046,gauma.WAV,gauma,gauma,,VG021,1,DICTIONARY_ROOT_CANDIDATE,false,,word,uma,v. To be glad; to be happy.,,v; v.,svelmoe1990,M05861,affix-stripped root: 'gauma' -> 'uma',,,,,,,,affix-stripped root,uma: v; v. v. To be glad; to be happy. || oma:  finder: bark || gaom: v; v. v. To be capable of.,,,,,,,,
REF_047,gyaring.WAV,gyaring,gyaring,,VG022,1,DICTIONARY_ROOT_CANDIDATE,false,,word,garing,finder: grind,,,svelmoe1990,,affix-stripped root: 'gyaring' -> 'garing',,,,,,,,affix-stripped root,garing:  finder: grind,,,,,,,,
REF_048,ina.WAV,ina,ina,,VG023,1,DICTIONARY_HEADWORD_EXACT,true,svelmoe:hw:ina,word,ina,"n. Mother. | v. To embarrass; to insult; to offend; to shame. | v To embarrass; to insult, to offend; to shame.",,n.; v; v.,svelmoe1990,M02532,headword (book p. 211; transcriptions AB),ina,ina,M02532,n.; v; v.,"n. Mother. | v. To embarrass; to insult; to offend; to shame. | v To embarrass; to insult, to offend; to shame.",211,1,,,,,W019,,,,lib/utils/app_localization.dart×1; lib/screens/quiz_screen.dart×2,
REF_049,isa.WAV,isa,isa,,VG025,1,DICTIONARY_HEADWORD_EXACT,true,svelmoe:hw:isa,word,isa,1 mun. One. | mua. One. | v. To agree on one thing.,,v; v.,svelmoe1990,M02607,headword (book p. 218; transcriptions AB),isa,isa,M02607,v; v.,1 mun. One. | mua. One. | v. To agree on one thing.,218,1,,,,,W021,,,,,
REF_050,isu.WAV,isu,isu,,VG026,1,NO_PROJECT_MATCH,false,,word,,,,,,,,,,,,,,,,,,,,,,,,
REF_051,kamanggud.WAV,kamanggud,kamanggud,,VG029,1,NO_PROJECT_MATCH,false,,word,,,,,,,,,,,,,,,,,,,,,,,,
REF_052,karapi.WAV,karapi,karapi,,VG030,1,DICTIONARY_HEADWORD_EXACT,true,svelmoe:hw:karapi,word,karapi,n. Rattan shoot.,,n; n.,svelmoe1990,M01440,headword (book p. 121; transcriptions AB),karapi,karapi,M01440,n; n.,n. Rattan shoot.,121,1,,,,firestore words dwRUTVf9nAaw2fRpLtpr,,,,,,
REF_053,katumbar.WAV,katumbar,katumbar,,VG031,1,NO_PROJECT_MATCH,false,,word,,,,,,,,,,,,,,,,,,,,,,,,
REF_054,kimod.WAV,kimod,kimod,,VG032,1,DICTIONARY_HEADWORD_EXACT,true,svelmoe:hw:kimod,word,kimod,n. Youngest child; youngest brother/sister; last child in a family.,,n; n.,svelmoe1990,M01594,headword (book p. 134; transcriptions AB),kimod,kimod,M01594,n; n.,n. Youngest child; youngest brother/sister; last child in a family.,134,1,,,,firestore words WvotzMcPJqYRVSZOz68O,,,,,,
REF_055,kinuraw muuri.WAV,kinuraw muuri,kinuraw muuri,,VG033,1,NO_PROJECT_MATCH,false,,phrase,,,,,,,,,,,,,,,,,,,,,kinuraw=? | muuri=?,,,
REF_056,kyumaan da kamo.WAV,kyumaan da kamo,kyumaan da kamo,,VG034,1,PARTIAL_TOKEN_CANDIDATE,false,,phrase,,,,,,,,,,,,,,,token glosses,,,,,,kyumaan=? | da='la mod pti.' | kamo=(function word),,,
REF_057,lima.WAV,lima,lima,,VG036,1,DICTIONARY_HEADWORD_EXACT,true,svelmoe:hw:lima,word,lima,num. Five.,,num; num.,svelmoe1990,M03010,headword (book p. 254; transcriptions AB),lima,lima,M03010,num; num.,num. Five.,254,1,,,,,W023,,,,,
REF_058,lumon na bobay.WAV,lumon na bobay,lumon na bobay,,VG037,1,SPELLING_VARIANT_CANDIDATE,false,,phrase,,,,,,,,,,,,,,,token glosses,,,,,,lumon~lomon:kinship term | na=(function word) | bobay='n. Female (human).',VG090,,
REF_059,lumon na usug.WAV,lumon na usug,lumon na usug,,VG038,1,PARTIAL_TOKEN_CANDIDATE,false,,phrase,,,,,,,,,,,,,,,token glosses,,,,,,"lumon~lomon:kinship term | na=(function word) | usug='4“. Male human. | Male human, Podo usug '",,,
REF_060,lutya.WAV,lutya,lutya,,VG039,1,NO_PROJECT_MATCH,false,,word,,,,,,,,,,,,,,,,,,,,,,,,
REF_061,lyurot.WAV,lyurot,lyurot,,VG040,1,DICTIONARY_ROOT_CANDIDATE,false,,word,lorot,"v. To cook in bamboo. | finder: bamboo, cook in",,v; v.,svelmoe1990,M03218,affix-stripped root: 'lyurot' -> 'lorot',,,,,,,,affix-stripped root,"lorot: v; v. v. To cook in bamboo. | finder: bamboo, cook in",,,,,,,,
REF_062,maanog.WAV,maanog,maanog,,VG041,1,NO_PROJECT_MATCH,false,,word,,,,,,,,,,,,,,,,,,,,,,,,
REF_063,madayaw.WAV,madayaw,madayaw,,VG044,1,DICTIONARY_HEADWORD_ALTFORM,true,"svelmoe:hw:madayaw, madyaw",word,"madayaw, madyaw","adj. Good, beautiful; reliable; pleasant; honorable; excellent. | adj Good; beautiful; reliable; pleasant; honorable; excellent. Madayaw laban na bobay ngaong kikita ka asang kaananan, That woman I saw in the eating place was very beautiful.",,adj; adj.,svelmoe1990,M03349,headword (book p. 283; transcriptions AB),"madayaw, madyaw","madayaw, madyaw",M03349,adj; adj.,"adj. Good, beautiful; reliable; pleasant; honorable; excellent. | adj Good; beautiful; reliable; pleasant; honorable; excellent. Madayaw laban na bobay ngaong kikita ka asang kaananan, That woman I saw in the eating place was very beautiful.",283,1,,,,,W025,,,VG045,,
REF_064,madyaw na allaw.WAV,madyaw na allaw,madyaw na allaw,,VG046,1,VOICE_SUBMISSION_TRANSCRIPT_CANDIDATE,false,,phrase,Madyaw na Allaw!,Good Day!,,,voice_submissions,aNukTRAj9bhGmkCzlELK,transcript/title (status approved),,,,,,,,token glosses,,,,,,madyaw=? | na=(function word) | allaw='n. Day. | n Dawn; break of day.',,lib/services/duel_service.dart×1; lib/screens/lingua_duel_screen.dart×1,
REF_065,madyaw na gabi.WAV,madyaw na gabi,madyaw na gabi,,VG047,1,EXACT_LESSON_ITEM_UNIQUE,true,lesson_item:madyaw na gabi,phrase,Madyaw na gabi,Good evening,,,lessons,6pXuOdANtl5dST82kBLe;HbXBeytkOIijuP0L81VC,"tasks (matching, multipleChoice, sentenceReordering, vocabulary; lessons: Greetings 1, Greetings 2)",,,,,,,,token glosses,,lesson gloss 'Good evening' vs dictionary token glosses [madyaw=? | na=(function word) | gabi='nn. | n Dusk; evening'],,W015,,madyaw=? | na=(function word) | gabi='nn. | n Dusk; evening',VG048,lib/services/duel_service.dart×1; lib/screens/lingua_duel_screen.dart×1,
REF_066,madyaw na gabila(1).WAV,madyaw na gabila(1),madyaw na gabila,1,VG048,2,MULTIPLE_TAKE_CANDIDATE,false,lesson_item:madyaw na gabila,phrase,Madyaw na gabila,Good afternoon,,,lessons,6pXuOdANtl5dST82kBLe;HbXBeytkOIijuP0L81VC,"tasks (matching, multipleChoice, sentenceReordering, vocabulary; lessons: Greetings 1, Greetings 2)",,,,,,,,token glosses,,lesson gloss 'Good afternoon' vs dictionary token glosses [madyaw=? | na=(function word) | gabila='n. Dusk; evening'],,,base evidence EXACT_LESSON_ITEM_UNIQUE,madyaw=? | na=(function word) | gabila='n. Dusk; evening',VG047,,
REF_067,madyaw na gabila.WAV,madyaw na gabila,madyaw na gabila,,VG048,2,MULTIPLE_TAKE_CANDIDATE,false,lesson_item:madyaw na gabila,phrase,Madyaw na gabila,Good afternoon,,,lessons,6pXuOdANtl5dST82kBLe;HbXBeytkOIijuP0L81VC,"tasks (matching, multipleChoice, sentenceReordering, vocabulary; lessons: Greetings 1, Greetings 2)",,,,,,,,token glosses,,lesson gloss 'Good afternoon' vs dictionary token glosses [madyaw=? | na=(function word) | gabila='n. Dusk; evening'],,,base evidence EXACT_LESSON_ITEM_UNIQUE,madyaw=? | na=(function word) | gabila='n. Dusk; evening',VG047,,
REF_069,madyaw na masurom(1).WAV,madyaw na masurom(1),madyaw na masurom,1,VG049,4,MULTIPLE_TAKE_CANDIDATE,false,lesson_item:madyaw na masurom,phrase,Madyaw na masurom,Good morning,,,lessons,6pXuOdANtl5dST82kBLe;HbXBeytkOIijuP0L81VC,"tasks (matching, multipleChoice, sentenceReordering, vocabulary; lessons: Greetings 1, Greetings 2)",,,,,,,,,,lesson gloss 'Good morning' vs dictionary token glosses [madyaw=? | na=(function word) | masurom=?],,,base evidence EXACT_LESSON_ITEM_UNIQUE,madyaw=? | na=(function word) | masurom=?,,,
REF_070,madyaw na masurom(2).WAV,madyaw na masurom(2),madyaw na masurom,2,VG049,4,MULTIPLE_TAKE_CANDIDATE,false,lesson_item:madyaw na masurom,phrase,Madyaw na masurom,Good morning,,,lessons,6pXuOdANtl5dST82kBLe;HbXBeytkOIijuP0L81VC,"tasks (matching, multipleChoice, sentenceReordering, vocabulary; lessons: Greetings 1, Greetings 2)",,,,,,,,,,lesson gloss 'Good morning' vs dictionary token glosses [madyaw=? | na=(function word) | masurom=?],,,base evidence EXACT_LESSON_ITEM_UNIQUE,madyaw=? | na=(function word) | masurom=?,,,
REF_071,madyaw na masurom(3).WAV,madyaw na masurom(3),madyaw na masurom,3,VG049,4,MULTIPLE_TAKE_CANDIDATE,false,lesson_item:madyaw na masurom,phrase,Madyaw na masurom,Good morning,,,lessons,6pXuOdANtl5dST82kBLe;HbXBeytkOIijuP0L81VC,"tasks (matching, multipleChoice, sentenceReordering, vocabulary; lessons: Greetings 1, Greetings 2)",,,,,,,,,,lesson gloss 'Good morning' vs dictionary token glosses [madyaw=? | na=(function word) | masurom=?],,,base evidence EXACT_LESSON_ITEM_UNIQUE,madyaw=? | na=(function word) | masurom=?,,,
REF_072,madyaw na masurom.WAV,madyaw na masurom,madyaw na masurom,,VG049,4,MULTIPLE_TAKE_CANDIDATE,false,lesson_item:madyaw na masurom,phrase,Madyaw na masurom,Good morning,,,lessons,6pXuOdANtl5dST82kBLe;HbXBeytkOIijuP0L81VC,"tasks (matching, multipleChoice, sentenceReordering, vocabulary; lessons: Greetings 1, Greetings 2)",,,,,,,,,,lesson gloss 'Good morning' vs dictionary token glosses [madyaw=? | na=(function word) | masurom=?],,,base evidence EXACT_LESSON_ITEM_UNIQUE,madyaw=? | na=(function word) | masurom=?,,,
REF_068,madyaw na masurom kariko.WAV,madyaw na masurom kariko,madyaw na masurom kariko,,VG050,1,NO_PROJECT_MATCH,false,,phrase,,,,,,,,,,,,,,,,,,,,,madyaw=? | na=(function word) | masurom=? | kariko=?,,,
REF_073,magsandayong pa ko atong tubod.WAV,magsandayong pa ko atong tubod,magsandayong pa ko atong tubod,,VG052,1,PARTIAL_TOKEN_CANDIDATE,false,,phrase,,,,,,,,,,,,,,,token glosses,,,,,,"magsandayong=? | pa='mod. ptl. Still, yet.' | ko='pers. pron. I p sg, relative.' | atong=? | tubod='n Spring (i.e., source of water). | v To' [via tobod]",,,
REF_074,makagwas.WAV,makagwas,makagwas,,VG054,1,DICTIONARY_HEADWORD_EXACT,true,svelmoe:hw:makagwas,word,makagwas,adj. ‘Tall; high. | adj Tall; high.,,adj; adj.,svelmoe1990,M03339,headword (book p. 282; transcriptions AB),makagwas,makagwas,M03339,adj; adj.,adj. ‘Tall; high. | adj Tall; high.,282,1,,,,,W026,,,,,
REF_075,makator yang ulo ko.WAV,makator yang ulo ko,makator yang ulo ko,,VG055,1,PARTIAL_TOKEN_CANDIDATE,false,,phrase,,,,,,,,,,,,,,,token glosses,,,,,,"makator=? | yang='' | ulo=? | ko='pers. pron. I p sg, relative.'",,,
REF_076,mangud(1).WAV,mangud(1),mangud,1,VG056,2,MULTIPLE_TAKE_CANDIDATE,false,,word,mangod,n. Younger sibling.,,n; n.,svelmoe1990,M03443,u->o: 'mangud' -> 'mangod',,,,,,,,u->o,mangod: n; n. n. Younger sibling.,,,,base evidence DICTIONARY_ORTHOGRAPHIC_VARIANT,,,,
REF_077,mangud.WAV,mangud,mangud,,VG056,2,MULTIPLE_TAKE_CANDIDATE,false,,word,mangod,n. Younger sibling.,,n; n.,svelmoe1990,M03443,u->o: 'mangud' -> 'mangod',,,,,,,,u->o,mangod: n; n. n. Younger sibling.,,,,base evidence DICTIONARY_ORTHOGRAPHIC_VARIANT,,,,
REF_078,maparaat.WAV,maparaat,maparaat,,VG057,1,DICTIONARY_HEADWORD_EXACT,true,svelmoe:hw:maparaat,word,maparaat,adj. Bad; offensive (as odor).,,adj; adj.,svelmoe1990,M03452,headword (book p. 291; transcriptions AB),maparaat,maparaat,M03452,adj; adj.,adj. Bad; offensive (as odor).,291,1,,,,,W027,,,,,
REF_079,marutuy.WAV,marutuy,marutuy,,VG058,1,NO_PROJECT_MATCH,false,,word,,,,,,,,,,,,,,,,,,,,,,,,
REF_080,mataba.WAV,mataba,mataba,,VG059,1,DICTIONARY_ROOT_CANDIDATE,false,,word,taba,v. To meet. | an. | adj Fat. | v To become Tat. | finder: fat,,adj; v; v.,svelmoe1990,M05113,affix-stripped root: 'mataba' -> 'taba',,,,,,,,affix-stripped root,taba: adj; v; v. v. To meet. | an. | adj Fat. | v To become Tat. | finder: fa,,,,,,,,
REF_081,na naan.WAV,na naan,na naan,,VG060,1,PARTIAL_TOKEN_CANDIDATE,false,,phrase,,,,,,,,,,,,,,,token glosses,,,,,,"na=(function word) | naan='deic pron That (near), relative.'",,,
REF_082,nanang gawbok.WAV,nanang gawbok,nanang gawbok,,VG062,1,PARTIAL_TOKEN_CANDIDATE,false,,phrase,,,,,,,,,,,,,,,token glosses,,,,,,nanang='tupad What is my sin? Why me? Who am I t' | gawbok=?,,,
REF_083,nanang tuod parandong.WAV,nanang tuod parandong,nanang tuod parandong,,VG064,1,PARTIAL_TOKEN_CANDIDATE,false,,phrase,,,,,,,,,,,,,,,token glosses,,,,,,nanang='tupad What is my sin? Why me? Who am I t' | tuod='hom.1 n. Purpose; objective; goal. | hom' [via tood] | parandong=?,,,
REF_084,nanang uram mayo(1).WAV,nanang uram mayo(1),nanang uram mayo,1,VG065,2,MULTIPLE_TAKE_CANDIDATE,false,,phrase,,,,,,,,,,,,,,,token glosses,,,,,base evidence PARTIAL_TOKEN_CANDIDATE,"nanang='tupad What is my sin? Why me? Who am I t' | uram=? | mayo='pers pron 2 p pl, eclative.'",,,
REF_085,nanang uram mayo.WAV,nanang uram mayo,nanang uram mayo,,VG065,2,MULTIPLE_TAKE_CANDIDATE,false,,phrase,,,,,,,,,,,,,,,token glosses,,,,,base evidence PARTIAL_TOKEN_CANDIDATE,"nanang='tupad What is my sin? Why me? Who am I t' | uram=? | mayo='pers pron 2 p pl, eclative.'",,,
REF_086,nangakaw.WAV,nangakaw,nangakaw,,VG066,1,DICTIONARY_ROOT_CANDIDATE,false,,word,akaw,n. Stilt. | finder: stilt,,n; n.,svelmoe1990,M00051,affix-stripped root: 'nangakaw' -> 'akaw',,,,,,,,affix-stripped root,akaw: n; n. n. Stilt. | finder: stilt,,,,,,,,
REF_087,nangamang pak ng kayamas.WAV,nangamang pak ng kayamas,nangamang pak ng kayamas,,VG067,1,NO_PROJECT_MATCH,false,,phrase,,,,,,,,,,,,,,,,,,,,,nangamang=? | pak=? | ng=(function word) | kayamas=?,,,
REF_088,niyanluluto ng ina mo .WAV,niyanluluto ng ina mo ,niyanluluto ng ina mo,,VG068,1,PARTIAL_TOKEN_CANDIDATE,false,,phrase,,,,,,,,,,,,,,,token glosses,,,,,,niyanluluto=? | ng=(function word) | ina='n. Mother. | v. To embarrass; to insult;' | mo=(function word),,,
REF_090,pagsugbo.WAV,pagsugbo,pagsugbo,,VG070,1,NO_PROJECT_MATCH,false,,word,,,,,,,,,,,,,,,,,,,,,,,,
REF_091,pakal.WAV,pakal,pakal,,VG071,1,DICTIONARY_HEADWORD_EXACT,true,svelmoe:hw:pakal,word,pakal,n. Kind of banana.,,n; n.,svelmoe1990,M03945,headword (book p. 330; transcriptions AB),pakal,pakal,M03945,n; n.,n. Kind of banana.,330,1,,,,,W028,,,,,
REF_093,pasaylowak doon.WAV,pasaylowak doon,pasaylowak doon,,VG074,1,SPELLING_VARIANT_CANDIDATE,false,,phrase,,,,,,,,,,,,,,,token glosses,,,,,,pasaylowak=? | doon='mod. ptl. Emphasis. | med ptl.',VG075,,
REF_094,pasayluwak doon.WAV,pasayluwak doon,pasayluwak doon,,VG075,1,SPELLING_VARIANT_CANDIDATE,false,,phrase,,,,,,,,,,,,,,,token glosses,,,,,,pasayluwak=? | doon='mod. ptl. Emphasis. | med ptl.',VG074,,
REF_095,pito.WAV,pito,pito,,VG076,1,DICTIONARY_HEADWORD_EXACT,true,svelmoe:hw:pito,word,pito,num. Seven. | wm.,,num.,svelmoe1990,M04305,headword (book p. 358; transcriptions AB),pito,pito,M04305,num.,num. Seven. | wm.,358,1,,,,,W029,,,,,
REF_096,sampuro.WAV,sampuro,sampuro,,VG077,1,DICTIONARY_ORTHOGRAPHIC_VARIANT,false,,word,samporo,num. Ten.,,num; num.,svelmoe1990,M04593,u->o: 'sampuro' -> 'samporo',,,,,,,,u->o,samporo: num; num. num. Ten.,,,,,,,,
REF_097,sandok.WAV,sandok,sandok,,VG078,1,DICTIONARY_HEADWORD_EXACT,true,svelmoe:hw:sandok,word,sandok,v To dish up with a wooden spoon (as rice).,,v,svelmoe1990,M04610,headword (book p. 383; transcriptions B),sandok,sandok,M04610,v,v To dish up with a wooden spoon (as rice).,383,1,,,,,W030,,,,,
REF_098,sang kanlaw.WAV,sang kanlaw,sang kanlaw,,VG079,1,PARTIAL_TOKEN_CANDIDATE,false,,phrase,,,,,,,,,,,,,,,token glosses,,,,,,"sang='sub ref mk. inclusive, topic, plural of ' | kanlaw=?",,,
REF_099,saramat.WAV,saramat,saramat,,VG081,1,EXACT_LESSON_ITEM_UNIQUE,true,lesson_item:saramat,word,Saramat,Thank you,,,lessons,66iASupkv5PHzKAlH7vM,tasks (vocabulary; lessons: Common Expressions 1),,,,,,,,r<->l,salamat: ptl. ptl. Thanks; thank you. | (Ceb.) pil. Thanks; thank you.,,,W016,,,,,
REF_100,sining bapa mo(1).WAV,sining bapa mo(1),sining bapa mo,1,VG082,2,MULTIPLE_TAKE_CANDIDATE,false,,phrase,,,,,,,,,,,,,,,token glosses,,,,,base evidence PARTIAL_TOKEN_CANDIDATE,sining=? | bapa='n. Uncle; term of respect for an older m' | mo=(function word),,,
REF_101,sining bapa mo.WAV,sining bapa mo,sining bapa mo,,VG082,2,MULTIPLE_TAKE_CANDIDATE,false,,phrase,,,,,,,,,,,,,,,token glosses,,,,,base evidence PARTIAL_TOKEN_CANDIDATE,sining=? | bapa='n. Uncle; term of respect for an older m' | mo=(function word),,,
REF_102,sining gadiyaga kanmo.WAV,sining gadiyaga kanmo,sining gadiyaga kanmo,,VG083,1,PARTIAL_TOKEN_CANDIDATE,false,,phrase,,,,,,,,,,,,,,,token glosses,,,,,,"sining=? | gadiyaga=? | kanmo='pers. pron. 2 p sg, directional. | pers '",,,
REF_103,siyam.WAV,siyam,siyam,,VG084,1,DICTIONARY_HEADWORD_EXACT,true,svelmoe:hw:siyam,word,siyam,mun.,,,svelmoe1990,M04890,headword (book p. 404; transcriptions AB),siyam,siyam,M04890,,mun.,404,1,,,,,W032,,,,,
REF_104,tabi di saan.WAV,tabi di saan,tabi di saan,,VG085,1,PARTIAL_TOKEN_CANDIDATE,false,,phrase,,,,,,,,,,,,,,,token glosses,,,,,,tabi='v. Please excuse me. | v To pull on a fi' | di='magdogpo yang tobig aw lana (saying) Wat' | saan='n.? Shoot (as of banana or bamboo). | de',,,
REF_105,tabi kanmo.WAV,tabi kanmo,tabi kanmo,,VG086,1,PARTIAL_TOKEN_CANDIDATE,false,,phrase,,,,,,,,,,,,,,,token glosses,,,,,,"tabi='v. Please excuse me. | v To pull on a fi' | kanmo='pers. pron. 2 p sg, directional. | pers '",,,
REF_106,tabidak.WAV,tabidak,tabidak,,VG087,1,DICTIONARY_HEADWORD_EXACT,true,svelmoe:hw:tabidak,word,tabidak,v. To cook rice with vegetables.,,v.,svelmoe1990,A:5635,headword (book p. 424; transcriptions A),tabidak,tabidak,,v.,v. To cook rice with vegetables.,424,1,,,,,W033,,,,,
REF_107,turo(1).WAV,turo(1),turo,1,VG088,2,MULTIPLE_TAKE_CANDIDATE,false,,word,toro,"hom.1 num. Three. | hom.1 mum, Three. | hom.2 n. Bull (cow or carabao).",,n; n.; num.,svelmoe1990,M05725;M05726,u->o: 'turo' -> 'toro',,,,,,,,u->o,"toro: n; n.; num. hom.1 num. Three. | hom.1 mum, Three. | hom.2 n. Bull (cow o",,,,base evidence DICTIONARY_ORTHOGRAPHIC_VARIANT,,,,
REF_108,turo.WAV,turo,turo,,VG088,2,MULTIPLE_TAKE_CANDIDATE,false,,word,toro,"hom.1 num. Three. | hom.1 mum, Three. | hom.2 n. Bull (cow or carabao).",,n; n.; num.,svelmoe1990,M05725;M05726,u->o: 'turo' -> 'toro',,,,,,,,u->o,"toro: n; n.; num. hom.1 num. Three. | hom.1 mum, Three. | hom.2 n. Bull (cow o",,,,base evidence DICTIONARY_ORTHOGRAPHIC_VARIANT,,,,
REF_109,ulloy.WAV,ulloy,ulloy,,VG089,1,DICTIONARY_ORTHOGRAPHIC_VARIANT,false,,word,olloy,n Tender new leaves of sweet potato vines. | v To pick new leaves of sweet potato vines.,,n; n.; v; v.,svelmoe1990,M03770,u->o: 'ulloy' -> 'olloy',,,,,,,,u->o,olloy: n; n.; v; v. n Tender new leaves of sweet potato vines. | v To pick new l,,,,,,,,
REF_110,umpo na bobay.WAV,umpo na bobay,umpo na bobay,,VG090,1,SPELLING_VARIANT_CANDIDATE,false,,phrase,,,,,,,,,,,,,,,token glosses,,,,,,umpo='n Grandchild; grandparent.' [via ompo] | na=(function word) | bobay='n. Female (human).',VG037,,
REF_111,umpu na usug.WAV,umpu na usug,umpu na usug,,VG091,1,PARTIAL_TOKEN_CANDIDATE,false,,phrase,,,,,,,,,,,,,,,token glosses,,,,,,"umpu='n Grandchild; grandparent.' [via ompo] | na=(function word) | usug='4“. Male human. | Male human, Podo usug '",,,
REF_112,unom.WAV,unom,unom,,VG092,1,NO_PROJECT_MATCH,false,,word,,,,,,,,,,,,,,,,,,,,,,,,
REF_113,upat(1).WAV,upat(1),upat,1,VG093,3,MULTIPLE_TAKE_CANDIDATE,false,,word,opat,num. Four. | mum.,,num.,svelmoe1990,M03840,u->o: 'upat' -> 'opat',,,,,,,,u->o,opat: num. num. Four. | mum.,,,,base evidence DICTIONARY_ORTHOGRAPHIC_VARIANT,,,,
REF_114,upat(2).WAV,upat(2),upat,2,VG093,3,MULTIPLE_TAKE_CANDIDATE,false,,word,opat,num. Four. | mum.,,num.,svelmoe1990,M03840,u->o: 'upat' -> 'opat',,,,,,,,u->o,opat: num. num. Four. | mum.,,,,base evidence DICTIONARY_ORTHOGRAPHIC_VARIANT,,,,
REF_115,upat.WAV,upat,upat,,VG093,3,MULTIPLE_TAKE_CANDIDATE,false,,word,opat,num. Four. | mum.,,num.,svelmoe1990,M03840,u->o: 'upat' -> 'opat',,,,,,,,u->o,opat: num. num. Four. | mum.,,,,base evidence DICTIONARY_ORTHOGRAPHIC_VARIANT,,,,
REF_116,waro.WAV,waro,waro,,VG097,1,DICTIONARY_HEADWORD_EXACT,true,svelmoe:hw:waro,word,waro,num. Eight.,,num; num.,svelmoe1990,M05929,headword (book p. 490; transcriptions AB),waro,waro,M05929,num; num.,num. Eight.,490,1,,,,,W036,,,,,
REF_117,yadaragan.WAV,yadaragan,yadaragan,,VG099,1,DICTIONARY_ROOT_CANDIDATE,false,,word,daragan,v. To run. | finder: run,,v; v.,svelmoe1990,M01955,affix-stripped root: 'yadaragan' -> 'daragan',,,,,,,,affix-stripped root,daragan: v; v. v. To run. | finder: run || darag: v; v. v. To lean against. | hom.2 v To understand. | hom.3 nm. | f,,,,,,,,
REF_118,yagabasa.WAV,yagabasa,yagabasa,,VG101,1,DICTIONARY_ROOT_CANDIDATE,false,,word,basa,"n. Drinking glass. | mod pil. It is because; because of; in view of. | v To read. | hom.1 mod. ptl. It is because; because of; in view of. | hom.2 v. ‘To make wet. | hom.2 n. Wusband. | hom.2 v. To marry a man. | finder: read; wet, to make",,mod. ptl.; n; n.; v; v.,svelmoe1990,M00622;M00784;M00792,affix-stripped root: 'yagabasa' -> 'basa',,,,,,,,affix-stripped root,"basa: mod. ptl.; n; n.; v; v. n. Drinking glass. | mod pil. It is because; because of; in  || abas: n.; v; v. nn. | v To abrade s.o. | hom.1 n. Abrasion. | hom.2 n. Low t || gabas: n; n.; v; v. n Saw ({i.e., tool). | v To saw. | n. Saw (i.e, tool).",,,,,,,,
REF_119,yagakanta.WAV,yagakanta,yagakanta,,VG102,1,DICTIONARY_ROOT_CANDIDATE,false,,word,kanta,n Song. | v To sing. | finder: sing,,n; n.; v; v.,svelmoe1990,M01385,affix-stripped root: 'yagakanta' -> 'kanta',,,,,,,,affix-stripped root,kanta: n; n.; v; v. n Song. | v To sing. | finder: sing,,,,,,,,
REF_120,yagasagda.WAV,yagasagda,yagasagda,,VG103,1,DICTIONARY_ROOT_CANDIDATE,false,,word,sagda,hom.1 v. To rebuke; to forbid; to stop. | hom.2 v. To fool around; to joke. | finder: rebuke,,v; v.,svelmoe1990,M04528;M04529,affix-stripped root: 'yagasagda' -> 'sagda',,,,,,,,affix-stripped root,sagda: v; v. hom.1 v. To rebuke; to forbid; to stop. | hom.2 v. To fool a,,,,,,,,
REF_121,yagasayaw.WAV,yagasayaw,yagasayaw,,VG104,1,DICTIONARY_ROOT_CANDIDATE,false,,word,sayaw,"hom.1 v. To dance. | hom.2 n. Kind of bird. | hom.2 . Kind of bird. | finder: dance; sarangkipaw,",,n.; v; v.,svelmoe1990,M04766;M04767,affix-stripped root: 'yagasayaw' -> 'sayaw',,,,,,,,affix-stripped root,sayaw: n.; v; v. hom.1 v. To dance. | hom.2 n. Kind of bird. | hom.2 . Kind o,,,,,,,,
REF_122,yagasurat.WAV,yagasurat,yagasurat,,VG105,1,DICTIONARY_ROOT_CANDIDATE,false,,word,sorat,n. Breech position of a fetus. | . Breech position of a fetus.,,n.,svelmoe1990,M05028,affix-stripped root: 'yagasurat' -> 'sorat',,,,,,,,affix-stripped root,sorat: n. n. Breech position of a fetus. | . Breech position of a fetu,,,,,,,,
REF_123,yagaugas.WAV,yagaugas,yagaugas,,VG106,1,DICTIONARY_ROOT_CANDIDATE,false,,word,ogas,v. To wash (as dishes or floor).,,v; v.,svelmoe1990,M03740,affix-stripped root: 'yagaugas' -> 'ogas',,,,,,,,affix-stripped root,ogas: v; v. v. To wash (as dishes or floor).,,,,,,,,
REF_124,yakaan.WAV,yakaan,yakaan,,VG108,1,DICTIONARY_ROOT_CANDIDATE,false,,word,kaan,v. To eat something. | n. Wooden box. Dili ako mapagun sang kanmo kaon kay mabugat. ¥ will not be able to carry your box because it’s heavy. | n Wooden box. | v Food. | finder: eat,,n; n.; v; v.,svelmoe1990,M01216;M01396,affix-stripped root: 'yakaan' -> 'kaan',,,,,,,,affix-stripped root,kaan: n; n.; v; v. v. To eat something. | n. Wooden box. Dili ako mapagun sang ,,,,,,,,
REF_125,yamadaman kaw kanak.WAV,yamadaman kaw kanak,yamadaman kaw kanak,,VG109,1,PARTIAL_TOKEN_CANDIDATE,false,,phrase,,,,,,,,,,,,,,,token glosses,,,,,,"yamadaman=? | kaw='pers. pron. 2 p sg, topic.' | kanak=(function word)",,,
REF_126,yasagob kaw.WAV,yasagob kaw,yasagob kaw,,VG111,1,PARTIAL_TOKEN_CANDIDATE,false,,phrase,,,,,,,,,,,,,,,token glosses,,,,,,"yasagob=? | kaw='pers. pron. 2 p sg, topic.'",,,
REF_127,yasagub.WAV,yasagub,yasagub,,VG112,1,DICTIONARY_ROOT_CANDIDATE,false,,word,sagub,"finder: fetch | water, to fetch",,,svelmoe1990,,affix-stripped root: 'yasagub' -> 'sagub',,,,,,,,affix-stripped root,"sagub:  finder: fetch | water, to fetch",,,,,,,,
REF_128,yulugpat.WAV,yulugpat,yulugpat,,VG113,1,NO_PROJECT_MATCH,false,,word,,,,,,,,,,,,,,,,,,,,,,,,
