recording_id,object_name,base_name,variant_group_id,word_id,item_key,firestore_word_doc_id,mansaka_text,translation_en,item_type,source_collection,source_doc_id,evidence_category,review_case_id,confirmed_by,confirmation_date,notes
REF_006,Dagom.WAV,dagom,VG013,,,,,,,,,,,,,
REF_007,Diin kaw padlog.WAV,diin kaw padlog,VG016,,,,,,,,,,,,,
REF_008,Gaagod yang baboy .WAV,gaagod yang baboy,VG019,,,,,,,,,,,,,
REF_009,Ingkod.WAV,ingkod,VG024,,,,,,,,,,,,,
REF_010,Kaana yang manok.WAV,kaana yang manok,VG027,,,,,,,,,,,,,
REF_012,Larad.WAV,larad,VG035,,,,,,,,,,,,,
REF_013,Madaig.WAV,madaig,VG042,,,,,,,,,,,,,
REF_014,Madakmul yang abol.WAV,madakmul yang abol,VG043,,,,,,,,,,,,,
REF_015,Madyaw.WAV,madyaw,VG045,,,,,,,,,,,,,
REF_016,Magasogbo.WAV,magasogbo,VG051,,,,,,,,,,,,,
REF_017,Makaan Da kita.WAV,makaan da kita,VG053,,,,,,,,,,,,,
REF_018,Nana yang kammo tuod.WAV,nana yang kammo tuod,VG061,,,,,,,,,,,,,
REF_019,Nanang iyambong mo.WAV,nanang iyambong mo,VG063,,,,,,,,,,,,,
REF_020,Pagarungan.WAV,pagarungan,VG069,,,,,,,,,,,,,
REF_021,Pangiyakan Ta.WAV,pangiyakan ta,VG072,,,,,,,,,,,,,
REF_022,Paroda.WAV,paroda,VG073,,,,,,,,,,,,,
REF_023,Sapi.WAV,sapi,VG080,,,,,,,,,,,,,
REF_024,Usug.WAV,usug,VG094,,,,,,,,,,,,,
REF_025,Wara ako akurutuy.WAV,wara ako akurutuy,VG095,,,,,,,,,,,,,
REF_026,Wara ko akaani yang pinggan.WAV,wara ko akaani yang pinggan,VG096,,,,,,,,,,,,,
REF_027,Yaabay ko kamangun(1).WAV,yaabay ko kamangun,VG098,,,,,,,,,,,,,
REF_028,Yaabay ko kamangun.WAV,yaabay ko kamangun,VG098,,,,,,,,,,,,,
REF_029,Yaga-agung ako na yaturog.WAV,yaga-agung ako na yaturog,VG100,,,,,,,,,,,,,
REF_030,Yaginurom Da kaw.WAV,yaginurom da kaw,VG107,,,,,,,,,,,,,
REF_031,Yanag-aruk yang mangaysu(1).WAV,yanag-aruk yang mangaysu,VG110,,,,,,,,,,,,,
REF_032,Yanag-aruk yang mangaysu.WAV,yanag-aruk yang mangaysu,VG110,,,,,,,,,,,,,
REF_033,agtura tura ng ugbos .WAV,agtura tura ng ugbos,VG001,,,,,,,,,,,,,
REF_034,ama.WAV,ama,VG002,,,,,,,,,,,,,
REF_035,amanting.WAV,amanting,VG003,,,,,,,,,,,,,
REF_037,baboo.WAV,baboo,VG007,,,,,,,,,,,,,
REF_040,dako ra yang bilas mo .WAV,dako ra yang bilas mo,VG014,,,,,,,,,,,,,
REF_041,dakurat.WAV,dakurat,VG015,,,,,,,,,,,,,
REF_042,duor.WAV,duor,VG017,,,,,,,,,,,,,
REF_043,duwambuok(1).WAV,duwambuok,VG018,,,,,,,,,,,,,
REF_044,duwambuok.WAV,duwambuok,VG018,,,,,,,,,,,,,
REF_045,gaakbu ako disang bintana.WAV,gaakbu ako disang bintana,VG020,,,,,,,,,,,,,
REF_046,gauma.WAV,gauma,VG021,,,,,,,,,,,,,
REF_047,gyaring.WAV,gyaring,VG022,,,,,,,,,,,,,
REF_048,ina.WAV,ina,VG023,,,,,,,,,,,,,
REF_049,isa.WAV,isa,VG025,,,,,,,,,,,,,
REF_050,isu.WAV,isu,VG026,,,,,,,,,,,,,
REF_051,kamanggud.WAV,kamanggud,VG029,,,,,,,,,,,,,
REF_053,katumbar.WAV,katumbar,VG031,,,,,,,,,,,,,
REF_055,kinuraw muuri.WAV,kinuraw muuri,VG033,,,,,,,,,,,,,
REF_056,kyumaan da kamo.WAV,kyumaan da kamo,VG034,,,,,,,,,,,,,
REF_057,lima.WAV,lima,VG036,,,,,,,,,,,,,
REF_058,lumon na bobay.WAV,lumon na bobay,VG037,,,,,,,,,,,,,
REF_059,lumon na usug.WAV,lumon na usug,VG038,,,,,,,,,,,,,
REF_060,lutya.WAV,lutya,VG039,,,,,,,,,,,,,
REF_061,lyurot.WAV,lyurot,VG040,,,,,,,,,,,,,
REF_062,maanog.WAV,maanog,VG041,,,,,,,,,,,,,
REF_063,madayaw.WAV,madayaw,VG044,,,,,,,,,,,,,
REF_064,madyaw na allaw.WAV,madyaw na allaw,VG046,,,,,,,,,,,,,
REF_065,madyaw na gabi.WAV,madyaw na gabi,VG047,,,,,,,,,,,,,
REF_066,madyaw na gabila(1).WAV,madyaw na gabila,VG048,,,,,,,,,,,,,
REF_067,madyaw na gabila.WAV,madyaw na gabila,VG048,,,,,,,,,,,,,
REF_068,madyaw na masurom kariko.WAV,madyaw na masurom kariko,VG050,,,,,,,,,,,,,
REF_069,madyaw na masurom(1).WAV,madyaw na masurom,VG049,,,,,,,,,,,,,
REF_070,madyaw na masurom(2).WAV,madyaw na masurom,VG049,,,,,,,,,,,,,
REF_071,madyaw na masurom(3).WAV,madyaw na masurom,VG049,,,,,,,,,,,,,
REF_072,madyaw na masurom.WAV,madyaw na masurom,VG049,,,,,,,,,,,,,
REF_073,magsandayong pa ko atong tubod.WAV,magsandayong pa ko atong tubod,VG052,,,,,,,,,,,,,
REF_074,makagwas.WAV,makagwas,VG054,,,,,,,,,,,,,
REF_075,makator yang ulo ko.WAV,makator yang ulo ko,VG055,,,,,,,,,,,,,
REF_076,mangud(1).WAV,mangud,VG056,,,,,,,,,,,,,
REF_077,mangud.WAV,mangud,VG056,,,,,,,,,,,,,
REF_078,maparaat.WAV,maparaat,VG057,,,,,,,,,,,,,
REF_079,marutuy.WAV,marutuy,VG058,,,,,,,,,,,,,
REF_080,mataba.WAV,mataba,VG059,,,,,,,,,,,,,
REF_081,na naan.WAV,na naan,VG060,,,,,,,,,,,,,
REF_082,nanang gawbok.WAV,nanang gawbok,VG062,,,,,,,,,,,,,
REF_083,nanang tuod parandong.WAV,nanang tuod parandong,VG064,,,,,,,,,,,,,
REF_084,nanang uram mayo(1).WAV,nanang uram mayo,VG065,,,,,,,,,,,,,
REF_085,nanang uram mayo.WAV,nanang uram mayo,VG065,,,,,,,,,,,,,
REF_086,nangakaw.WAV,nangakaw,VG066,,,,,,,,,,,,,
REF_087,nangamang pak ng kayamas.WAV,nangamang pak ng kayamas,VG067,,,,,,,,,,,,,
REF_088,niyanluluto ng ina mo .WAV,niyanluluto ng ina mo,VG068,,,,,,,,,,,,,
REF_089,pagarungan(1).WAV,pagarungan,VG069,,,,,,,,,,,,,
REF_090,pagsugbo.WAV,pagsugbo,VG070,,,,,,,,,,,,,
REF_091,pakal.WAV,pakal,VG071,,,,,,,,,,,,,
REF_092,paroda(1).WAV,paroda,VG073,,,,,,,,,,,,,
REF_093,pasaylowak doon.WAV,pasaylowak doon,VG074,,,,,,,,,,,,,
REF_094,pasayluwak doon.WAV,pasayluwak doon,VG075,,,,,,,,,,,,,
REF_095,pito.WAV,pito,VG076,,,,,,,,,,,,,
REF_096,sampuro.WAV,sampuro,VG077,,,,,,,,,,,,,
REF_097,sandok.WAV,sandok,VG078,,,,,,,,,,,,,
REF_098,sang kanlaw.WAV,sang kanlaw,VG079,,,,,,,,,,,,,
REF_099,saramat.WAV,saramat,VG081,,,,,,,,,,,,,
REF_100,sining bapa mo(1).WAV,sining bapa mo,VG082,,,,,,,,,,,,,
REF_101,sining bapa mo.WAV,sining bapa mo,VG082,,,,,,,,,,,,,
REF_102,sining gadiyaga kanmo.WAV,sining gadiyaga kanmo,VG083,,,,,,,,,,,,,
REF_103,siyam.WAV,siyam,VG084,,,,,,,,,,,,,
REF_104,tabi di saan.WAV,tabi di saan,VG085,,,,,,,,,,,,,
REF_105,tabi kanmo.WAV,tabi kanmo,VG086,,,,,,,,,,,,,
REF_106,tabidak.WAV,tabidak,VG087,,,,,,,,,,,,,
REF_107,turo(1).WAV,turo,VG088,,,,,,,,,,,,,
REF_108,turo.WAV,turo,VG088,,,,,,,,,,,,,
REF_109,ulloy.WAV,ulloy,VG089,,,,,,,,,,,,,
REF_110,umpo na bobay.WAV,umpo na bobay,VG090,,,,,,,,,,,,,
REF_111,umpu na usug.WAV,umpu na usug,VG091,,,,,,,,,,,,,
REF_112,unom.WAV,unom,VG092,,,,,,,,,,,,,
REF_113,upat(1).WAV,upat,VG093,,,,,,,,,,,,,
REF_114,upat(2).WAV,upat,VG093,,,,,,,,,,,,,
REF_115,upat.WAV,upat,VG093,,,,,,,,,,,,,
REF_116,waro.WAV,waro,VG097,,,,,,,,,,,,,
REF_117,yadaragan.WAV,yadaragan,VG099,,,,,,,,,,,,,
REF_118,yagabasa.WAV,yagabasa,VG101,,,,,,,,,,,,,
REF_119,yagakanta.WAV,yagakanta,VG102,,,,,,,,,,,,,
REF_120,yagasagda.WAV,yagasagda,VG103,,,,,,,,,,,,,
REF_121,yagasayaw.WAV,yagasayaw,VG104,,,,,,,,,,,,,
REF_122,yagasurat.WAV,yagasurat,VG105,,,,,,,,,,,,,
REF_123,yagaugas.WAV,yagaugas,VG106,,,,,,,,,,,,,
REF_124,yakaan.WAV,yakaan,VG108,,,,,,,,,,,,,
REF_125,yamadaman kaw kanak.WAV,yamadaman kaw kanak,VG109,,,,,,,,,,,,,
REF_126,yasagob kaw.WAV,yasagob kaw,VG111,,,,,,,,,,,,,
REF_127,yasagub.WAV,yasagub,VG112,,,,,,,,,,,,,
REF_128,yulugpat.WAV,yulugpat,VG113,,,,,,,,,,,,,
