recording_id,object_name,source_project,source_storage_bucket,source_storage_path,source_public_url_verified,staged_path,raw_audio_path,sha256,file_size_bytes,container,codec,sample_rate_hz,channels,bit_depth,duration_sec,readable,variant_group_id,base_name,variant_suffix,take_number_filename_derived,validation_status,validation_provenance,validator_code,mapping_status,word_id,mapping_evidence,evidence_category,item_key,firestore_word_doc_id,mapping_confirmed_by,mapping_confirmation_date,dataset_version,notes
REF_001,Antik.WAV,ovdwgowtnlujnbcyldkk,audio,dataset/Antik.WAV,false,staging/supabase_audio_dataset/Antik.WAV,raw/reference/REF_001.WAV,1b219700b02dea627d47485fb80b5c50eb82562fafae695cd7eb29dd976dfaa8,139342,wave,pcm,44100,2,16,0.789,true,VG004,antik,,1,validated,supabase_audio_dataset_export_2026-09-30,V01,mapped,W001,firestore_exact_term,EXACT_TERM_UNIQUE,words:9wYfRCZDf3elrtSWzbe4,9wYfRCZDf3elrtSWzbe4,,,lumad_lingua_pronunciation_v0.2,
REF_002,Arabat.WAV,ovdwgowtnlujnbcyldkk,audio,dataset/Arabat.WAV,false,staging/supabase_audio_dataset/Arabat.WAV,raw/reference/REF_002.WAV,e6d00af79a0d1745e1d13a5e623c42614b6ab2b8c26e3aaa7ae5d6341952e6bd,118862,wave,pcm,44100,2,16,0.673,true,VG005,arabat,,1,validated,supabase_audio_dataset_export_2026-09-30,V01,mapped,W002,firestore_exact_term,EXACT_TERM_UNIQUE,words:YPqMHKvZT0jQTX8jNr1S,YPqMHKvZT0jQTX8jNr1S,,,lumad_lingua_pronunciation_v0.2,
REF_003,Barangaw.WAV,ovdwgowtnlujnbcyldkk,audio,dataset/Barangaw.WAV,false,staging/supabase_audio_dataset/Barangaw.WAV,raw/reference/REF_003.WAV,cdde9df7907e0bc555bb87b86156449aadb2b55e92e66c13d394c81f71b90e8a,147534,wave,pcm,44100,2,16,0.836,true,VG009,barangaw,,1,validated,supabase_audio_dataset_export_2026-09-30,V01,mapped,W005,firestore_exact_term,EXACT_TERM_UNIQUE,words:c6CO9DECOzrPNuyLgKO2,c6CO9DECOzrPNuyLgKO2,,,lumad_lingua_pronunciation_v0.2,
REF_004,Bobay.WAV,ovdwgowtnlujnbcyldkk,audio,dataset/Bobay.WAV,false,staging/supabase_audio_dataset/Bobay.WAV,raw/reference/REF_004.WAV,fac9ed91bedbe1bc6320bab7a868141239953c707242ea0bb38f0030a6c3c69c,139342,wave,pcm,44100,2,16,0.789,true,VG011,bobay,,1,validated,supabase_audio_dataset_export_2026-09-30,V01,mapped,W007,firestore_exact_term,EXACT_TERM_UNIQUE,words:fry54dN7LhkUoDCBVnEh,fry54dN7LhkUoDCBVnEh,,,lumad_lingua_pronunciation_v0.2,
REF_005,Bugsak.WAV,ovdwgowtnlujnbcyldkk,audio,dataset/Bugsak.WAV,false,staging/supabase_audio_dataset/Bugsak.WAV,raw/reference/REF_005.WAV,d7947be7ae6c3a1b50ec14a0a2b1eea861add28e94fc853853314e6b92551f4f,106574,wave,pcm,44100,2,16,0.604,true,VG012,bugsak,,1,validated,supabase_audio_dataset_export_2026-09-30,V01,mapped,W008,firestore_exact_term,EXACT_TERM_UNIQUE,words:0KEq4c3IEDne7WUkiADa,0KEq4c3IEDne7WUkiADa,,,lumad_lingua_pronunciation_v0.2,
REF_006,Dagom.WAV,ovdwgowtnlujnbcyldkk,audio,dataset/Dagom.WAV,false,staging/supabase_audio_dataset/Dagom.WAV,raw/reference/REF_006.WAV,547833a488ce84dfd5f78f43b9304466256bef781491ed95da019b522ed23ae8,114766,wave,pcm,44100,2,16,0.65,true,VG013,dagom,,1,validated,supabase_audio_dataset_export_2026-09-30,V01,unresolved,,,NO_PROJECT_MATCH,,,,,lumad_lingua_pronunciation_v0.2,
REF_007,Diin kaw padlog.WAV,ovdwgowtnlujnbcyldkk,audio,dataset/Diin kaw padlog.WAV,false,staging/supabase_audio_dataset/Diin kaw padlog.WAV,raw/reference/REF_007.WAV,277ee45e4948eb75279f52ca8f2bd70a5a3e036cfd65bf55e19039eab03b6aaa,290894,wave,pcm,44100,2,16,1.649,true,VG016,diin kaw padlog,,1,validated,supabase_audio_dataset_export_2026-09-30,V01,unresolved,,,PARTIAL_TOKEN_CANDIDATE,,,,,lumad_lingua_pronunciation_v0.2,
REF_008,Gaagod yang baboy .WAV,ovdwgowtnlujnbcyldkk,audio,dataset/Gaagod yang baboy .WAV,false,staging/supabase_audio_dataset/Gaagod yang baboy .WAV,raw/reference/REF_008.WAV,b09e85da665e252bf0999b95f9e822f4a2ac6ee4a431d6bd1c72d46b1664aa55,229454,wave,pcm,44100,2,16,1.3,true,VG019,gaagod yang baboy,,1,validated,supabase_audio_dataset_export_2026-09-30,V01,mapped,W012,project_record_exact,EXACT_EXAMPLE_SENTENCE_UNIQUE,words_example:dE3ANzop5NnJOQsED3qd:gaagod yang baboy,,,,lumad_lingua_pronunciation_v0.2,
REF_009,Ingkod.WAV,ovdwgowtnlujnbcyldkk,audio,dataset/Ingkod.WAV,false,staging/supabase_audio_dataset/Ingkod.WAV,raw/reference/REF_009.WAV,7d52cafa4116c4e77f621d131a0f44873025785af7cf6ac0f99b8e41f7360efb,106574,wave,pcm,44100,2,16,0.604,true,VG024,ingkod,,1,validated,supabase_audio_dataset_export_2026-09-30,V01,unresolved,,,NO_PROJECT_MATCH,,,,,lumad_lingua_pronunciation_v0.2,
REF_010,Kaana yang manok.WAV,ovdwgowtnlujnbcyldkk,audio,dataset/Kaana yang manok.WAV,false,staging/supabase_audio_dataset/Kaana yang manok.WAV,raw/reference/REF_010.WAV,1fadf367a160faa54ad503afede1ed7b830c3e0732743c9b8df83da46b237ea5,221262,wave,pcm,44100,2,16,1.254,true,VG027,kaana yang manok,,1,validated,supabase_audio_dataset_export_2026-09-30,V01,mapped,W013,project_record_exact,EXACT_EXAMPLE_SENTENCE_UNIQUE,words_example:4bW3jEbX7VkRqB0cmgwi:kaana yang manok,,,,lumad_lingua_pronunciation_v0.2,
REF_011,Kadyawan.WAV,ovdwgowtnlujnbcyldkk,audio,dataset/Kadyawan.WAV,false,staging/supabase_audio_dataset/Kadyawan.WAV,raw/reference/REF_011.WAV,37b64eb6d9c56ebe1f086d4650376ff90e906dbd711a8b693d6f2e2de38f6ac8,106574,wave,pcm,44100,2,16,0.604,true,VG028,kadyawan,,1,validated,supabase_audio_dataset_export_2026-09-30,V01,mapped,W009,firestore_exact_term,EXACT_TERM_UNIQUE,words:tPSO95ipLwxJQ4KhVJtj,tPSO95ipLwxJQ4KhVJtj,,,lumad_lingua_pronunciation_v0.2,
REF_012,Larad.WAV,ovdwgowtnlujnbcyldkk,audio,dataset/Larad.WAV,false,staging/supabase_audio_dataset/Larad.WAV,raw/reference/REF_012.WAV,4e69413ea5db00c2f115149a9e42c31920b64230e0b6d9ff10cb846c22f7ea15,106574,wave,pcm,44100,2,16,0.604,true,VG035,larad,,1,validated,supabase_audio_dataset_export_2026-09-30,V01,unresolved,,,NO_PROJECT_MATCH,,,,,lumad_lingua_pronunciation_v0.2,
REF_013,Madaig.WAV,ovdwgowtnlujnbcyldkk,audio,dataset/Madaig.WAV,false,staging/supabase_audio_dataset/Madaig.WAV,raw/reference/REF_013.WAV,bc8314eea0e3d27b5d20fe12285bd6f9cf280bd87f1925d4efa7de8d38b4d16f,139342,wave,pcm,44100,2,16,0.789,true,VG042,madaig,,1,validated,supabase_audio_dataset_export_2026-09-30,V01,unresolved,,,NO_PROJECT_MATCH,,,,,lumad_lingua_pronunciation_v0.2,
REF_014,Madakmul yang abol.WAV,ovdwgowtnlujnbcyldkk,audio,dataset/Madakmul yang abol.WAV,false,staging/supabase_audio_dataset/Madakmul yang abol.WAV,raw/reference/REF_014.WAV,2c46da1e02502614f910b574d69b34b1d54d1f318cd751bed525cf6f1ce764b2,213070,wave,pcm,44100,2,16,1.207,true,VG043,madakmul yang abol,,1,validated,supabase_audio_dataset_export_2026-09-30,V01,mapped,W014,project_record_exact,EXACT_EXAMPLE_SENTENCE_UNIQUE,words_example:8LMN5ogb64Tt2LPdEAxQ:madakmul yang abol,,,,lumad_lingua_pronunciation_v0.2,
REF_015,Madyaw.WAV,ovdwgowtnlujnbcyldkk,audio,dataset/Madyaw.WAV,false,staging/supabase_audio_dataset/Madyaw.WAV,raw/reference/REF_015.WAV,5aced0554ca584b38d6eeaff8277bf9b306e246bd7a86edb37d637f5982d064c,147534,wave,pcm,44100,2,16,0.836,true,VG045,madyaw,,1,validated,supabase_audio_dataset_export_2026-09-30,V01,unresolved,,,SPELLING_VARIANT_CANDIDATE,,,,,lumad_lingua_pronunciation_v0.2,
REF_016,Magasogbo.WAV,ovdwgowtnlujnbcyldkk,audio,dataset/Magasogbo.WAV,false,staging/supabase_audio_dataset/Magasogbo.WAV,raw/reference/REF_016.WAV,bc1bc357c88bf1c3bbffd8fc9245f07f86e237a659c3bbe76415ac8bf647ce6e,147534,wave,pcm,44100,2,16,0.836,true,VG051,magasogbo,,1,validated,supabase_audio_dataset_export_2026-09-30,V01,unresolved,,,NO_PROJECT_MATCH,,,,,lumad_lingua_pronunciation_v0.2,
REF_017,Makaan Da kita.WAV,ovdwgowtnlujnbcyldkk,audio,dataset/Makaan Da kita.WAV,false,staging/supabase_audio_dataset/Makaan Da kita.WAV,raw/reference/REF_017.WAV,27a096a8fe027eaaa46e037355382aca17f75b0ea9196e59c95ead0821bf7bec,200782,wave,pcm,44100,2,16,1.138,true,VG053,makaan da kita,,1,validated,supabase_audio_dataset_export_2026-09-30,V01,unresolved,,,PARTIAL_TOKEN_CANDIDATE,,,,,lumad_lingua_pronunciation_v0.2,
REF_018,Nana yang kammo tuod.WAV,ovdwgowtnlujnbcyldkk,audio,dataset/Nana yang kammo tuod.WAV,false,staging/supabase_audio_dataset/Nana yang kammo tuod.WAV,raw/reference/REF_018.WAV,07181c16e104de6dfc369d414bf9212a43950b5d86e757c15e30de6d837df6be,315470,wave,pcm,44100,2,16,1.788,true,VG061,nana yang kammo tuod,,1,validated,supabase_audio_dataset_export_2026-09-30,V01,unresolved,,,NO_PROJECT_MATCH,,,,,lumad_lingua_pronunciation_v0.2,
REF_019,Nanang iyambong mo.WAV,ovdwgowtnlujnbcyldkk,audio,dataset/Nanang iyambong mo.WAV,false,staging/supabase_audio_dataset/Nanang iyambong mo.WAV,raw/reference/REF_019.WAV,bdf3cd668e030b4ac3458710df93d575a55e8692be981c86c1faf3a2e582d8c4,225358,wave,pcm,44100,2,16,1.277,true,VG063,nanang iyambong mo,,1,validated,supabase_audio_dataset_export_2026-09-30,V01,unresolved,,,NO_PROJECT_MATCH,,,,,lumad_lingua_pronunciation_v0.2,
REF_020,Pagarungan.WAV,ovdwgowtnlujnbcyldkk,audio,dataset/Pagarungan.WAV,false,staging/supabase_audio_dataset/Pagarungan.WAV,raw/reference/REF_020.WAV,5c420b7b79c26a15af85d65cd3d4f40fd02e0208ffd6109383b88eb320afb119,155726,wave,pcm,44100,2,16,0.882,true,VG069,pagarungan,,1,validated,supabase_audio_dataset_export_2026-09-30,V01,unresolved,,,MULTIPLE_TAKE_CANDIDATE,,,,,lumad_lingua_pronunciation_v0.2,
REF_021,Pangiyakan Ta.WAV,ovdwgowtnlujnbcyldkk,audio,dataset/Pangiyakan Ta.WAV,false,staging/supabase_audio_dataset/Pangiyakan Ta.WAV,raw/reference/REF_021.WAV,6d2008b2a88c5df194916b7bc3718bd2b0784a32128074696601b3b46a5a257e,200782,wave,pcm,44100,2,16,1.138,true,VG072,pangiyakan ta,,1,validated,supabase_audio_dataset_export_2026-09-30,V01,unresolved,,,NO_PROJECT_MATCH,,,,,lumad_lingua_pronunciation_v0.2,
REF_022,Paroda.WAV,ovdwgowtnlujnbcyldkk,audio,dataset/Paroda.WAV,false,staging/supabase_audio_dataset/Paroda.WAV,raw/reference/REF_022.WAV,64cc499b8b9db0c5f48f4235c472bdcdc3db99ebc3fcdc51d4ab0dc7f9f383f5,118862,wave,pcm,44100,2,16,0.673,true,VG073,paroda,,1,validated,supabase_audio_dataset_export_2026-09-30,V01,unresolved,,,MULTIPLE_TAKE_CANDIDATE,,,,,lumad_lingua_pronunciation_v0.2,
REF_023,Sapi.WAV,ovdwgowtnlujnbcyldkk,audio,dataset/Sapi.WAV,false,staging/supabase_audio_dataset/Sapi.WAV,raw/reference/REF_023.WAV,56284cda216d983abce98fc916a3afd4dc8f5fa2f812da7a01cc94ead4572841,127054,wave,pcm,44100,2,16,0.72,true,VG080,sapi,,1,validated,supabase_audio_dataset_export_2026-09-30,V01,unresolved,,,NO_PROJECT_MATCH,,,,,lumad_lingua_pronunciation_v0.2,
REF_024,Usug.WAV,ovdwgowtnlujnbcyldkk,audio,dataset/Usug.WAV,false,staging/supabase_audio_dataset/Usug.WAV,raw/reference/REF_024.WAV,5a252b8e5d83e350271d421a505216eb10518ab50820500b8a04f6615531ed02,118862,wave,pcm,44100,2,16,0.673,true,VG094,usug,,1,validated,supabase_audio_dataset_export_2026-09-30,V01,unresolved,,,NO_PROJECT_MATCH,,,,,lumad_lingua_pronunciation_v0.2,
REF_025,Wara ako akurutuy.WAV,ovdwgowtnlujnbcyldkk,audio,dataset/Wara ako akurutuy.WAV,false,staging/supabase_audio_dataset/Wara ako akurutuy.WAV,raw/reference/REF_025.WAV,ce18861b9ce64ed8bcd993f42c7ebdb0fd4742e59d7c64a9fe3961227690f07f,274510,wave,pcm,44100,2,16,1.556,true,VG095,wara ako akurutuy,,1,validated,supabase_audio_dataset_export_2026-09-30,V01,unresolved,,,PARTIAL_TOKEN_CANDIDATE,,,,,lumad_lingua_pronunciation_v0.2,
REF_026,Wara ko akaani yang pinggan.WAV,ovdwgowtnlujnbcyldkk,audio,dataset/Wara ko akaani yang pinggan.WAV,false,staging/supabase_audio_dataset/Wara ko akaani yang pinggan.WAV,raw/reference/REF_026.WAV,1a5b26d0c57001b0718f640b8014f85a4c0931afc303a3e9141c4beb1c076f82,335950,wave,pcm,44100,2,16,1.904,true,VG096,wara ko akaani yang pinggan,,1,validated,supabase_audio_dataset_export_2026-09-30,V01,unresolved,,,PARTIAL_TOKEN_CANDIDATE,,,,,lumad_lingua_pronunciation_v0.2,
REF_027,Yaabay ko kamangun(1).WAV,ovdwgowtnlujnbcyldkk,audio,dataset/Yaabay ko kamangun(1).WAV,false,staging/supabase_audio_dataset/Yaabay ko kamangun(1).WAV,raw/reference/REF_027.WAV,747e8dbce93913b283364f64ca7b82776448f2cf84ba1c99439a4944e6e13954,249934,wave,pcm,44100,2,16,1.416,true,VG098,yaabay ko kamangun,1,2,validated,supabase_audio_dataset_export_2026-09-30,V01,unresolved,,,MULTIPLE_TAKE_CANDIDATE,,,,,lumad_lingua_pronunciation_v0.2,
REF_028,Yaabay ko kamangun.WAV,ovdwgowtnlujnbcyldkk,audio,dataset/Yaabay ko kamangun.WAV,false,staging/supabase_audio_dataset/Yaabay ko kamangun.WAV,raw/reference/REF_028.WAV,72bdb75db31bb0bdf72935ed7b07d58c82fe43b59946dd71c1c3a3445764c1f8,225358,wave,pcm,44100,2,16,1.277,true,VG098,yaabay ko kamangun,,1,validated,supabase_audio_dataset_export_2026-09-30,V01,unresolved,,,MULTIPLE_TAKE_CANDIDATE,,,,,lumad_lingua_pronunciation_v0.2,
REF_029,Yaga-agung ako na yaturog.WAV,ovdwgowtnlujnbcyldkk,audio,dataset/Yaga-agung ako na yaturog.WAV,false,staging/supabase_audio_dataset/Yaga-agung ako na yaturog.WAV,raw/reference/REF_029.WAV,63b02864b8f6491c50bf321581a9701fdd16b1cadb71238768afbdf7e782dabc,356430,wave,pcm,44100,2,16,2.02,true,VG100,yaga-agung ako na yaturog,,1,validated,supabase_audio_dataset_export_2026-09-30,V01,unresolved,,,PARTIAL_TOKEN_CANDIDATE,,,,,lumad_lingua_pronunciation_v0.2,
REF_030,Yaginurom Da kaw.WAV,ovdwgowtnlujnbcyldkk,audio,dataset/Yaginurom Da kaw.WAV,false,staging/supabase_audio_dataset/Yaginurom Da kaw.WAV,raw/reference/REF_030.WAV,aa1f5d53de0c9f45533102ad738096ed95def2c9f3bcba1360219418435ec3b9,208974,wave,pcm,44100,2,16,1.184,true,VG107,yaginurom da kaw,,1,validated,supabase_audio_dataset_export_2026-09-30,V01,unresolved,,,PARTIAL_TOKEN_CANDIDATE,,,,,lumad_lingua_pronunciation_v0.2,
REF_031,Yanag-aruk yang mangaysu(1).WAV,ovdwgowtnlujnbcyldkk,audio,dataset/Yanag-aruk yang mangaysu(1).WAV,false,staging/supabase_audio_dataset/Yanag-aruk yang mangaysu(1).WAV,raw/reference/REF_031.WAV,1c32f539103a0fbe64940012d6add3c23230dcc4866d4587037d31f9d7e9852f,249934,wave,pcm,44100,2,16,1.416,true,VG110,yanag-aruk yang mangaysu,1,2,validated,supabase_audio_dataset_export_2026-09-30,V01,unresolved,,,MULTIPLE_TAKE_CANDIDATE,,,,,lumad_lingua_pronunciation_v0.2,
REF_032,Yanag-aruk yang mangaysu.WAV,ovdwgowtnlujnbcyldkk,audio,dataset/Yanag-aruk yang mangaysu.WAV,false,staging/supabase_audio_dataset/Yanag-aruk yang mangaysu.WAV,raw/reference/REF_032.WAV,3cbeb9291e2240720042d2ee5f54b4cd97fcef23b4d4e2bc6187679735a469d6,274510,wave,pcm,44100,2,16,1.556,true,VG110,yanag-aruk yang mangaysu,,1,validated,supabase_audio_dataset_export_2026-09-30,V01,unresolved,,,MULTIPLE_TAKE_CANDIDATE,,,,,lumad_lingua_pronunciation_v0.2,
REF_033,agtura tura ng ugbos .WAV,ovdwgowtnlujnbcyldkk,audio,dataset/agtura tura ng ugbos .WAV,false,staging/supabase_audio_dataset/agtura tura ng ugbos .WAV,raw/reference/REF_033.WAV,90c59afc79552574f6e2d2bb88e939d3bb957e2913e919b2894dc2bc8e29e354,331854,wave,pcm,44100,2,16,1.881,true,VG001,agtura tura ng ugbos,,1,validated,supabase_audio_dataset_export_2026-09-30,V01,unresolved,,,NO_PROJECT_MATCH,,,,,lumad_lingua_pronunciation_v0.2,
REF_034,ama.WAV,ovdwgowtnlujnbcyldkk,audio,dataset/ama.WAV,false,staging/supabase_audio_dataset/ama.WAV,raw/reference/REF_034.WAV,ac93510872965a1cf4bcd20a71078d0e6be59e124f59c1beb3fb53ac6140b659,118862,wave,pcm,44100,2,16,0.673,true,VG002,ama,,1,validated,supabase_audio_dataset_export_2026-09-30,V01,unresolved,,,NORMALIZED_TEXT_CANDIDATE,,,,,lumad_lingua_pronunciation_v0.2,
REF_035,amanting.WAV,ovdwgowtnlujnbcyldkk,audio,dataset/amanting.WAV,false,staging/supabase_audio_dataset/amanting.WAV,raw/reference/REF_035.WAV,40cbf81f0e61255ea8b74d1d1d7af793f6827b9adde9814dfb40216885aca8d4,172110,wave,pcm,44100,2,16,0.975,true,VG003,amanting,,1,validated,supabase_audio_dataset_export_2026-09-30,V01,unresolved,,,NO_PROJECT_MATCH,,,,,lumad_lingua_pronunciation_v0.2,
REF_036,arayon.WAV,ovdwgowtnlujnbcyldkk,audio,dataset/arayon.WAV,false,staging/supabase_audio_dataset/arayon.WAV,raw/reference/REF_036.WAV,68fa0eeeebef396ee7a4bf19d8e6731428453fed52172b45b3da8b081953cab3,168014,wave,pcm,44100,2,16,0.952,true,VG006,arayon,,1,validated,supabase_audio_dataset_export_2026-09-30,V01,mapped,W003,firestore_exact_term,EXACT_TERM_UNIQUE,words:A1wLuJfWky5Crrg9cBBi,A1wLuJfWky5Crrg9cBBi,,,lumad_lingua_pronunciation_v0.2,
REF_037,baboo.WAV,ovdwgowtnlujnbcyldkk,audio,dataset/baboo.WAV,false,staging/supabase_audio_dataset/baboo.WAV,raw/reference/REF_037.WAV,a9312190c0400d91c27b0cb267a65dd7ed38186aad9afa612ccebc8ba1b95e45,106574,wave,pcm,44100,2,16,0.604,true,VG007,baboo,,1,validated,supabase_audio_dataset_export_2026-09-30,V01,unresolved,,,NO_PROJECT_MATCH,,,,,lumad_lingua_pronunciation_v0.2,
REF_038,bapa.WAV,ovdwgowtnlujnbcyldkk,audio,dataset/bapa.WAV,false,staging/supabase_audio_dataset/bapa.WAV,raw/reference/REF_038.WAV,d22adf1d796f90b31f81fc32161c41fa98cced337aaa22a978d1122e280e09f5,180302,wave,pcm,44100,2,16,1.022,true,VG008,bapa,,1,validated,supabase_audio_dataset_export_2026-09-30,V01,mapped,W004,firestore_exact_term,EXACT_TERM_UNIQUE,words:ior1V7Dho3n5PPv7hJux,ior1V7Dho3n5PPv7hJux,,,lumad_lingua_pronunciation_v0.2,
REF_039,batad.WAV,ovdwgowtnlujnbcyldkk,audio,dataset/batad.WAV,false,staging/supabase_audio_dataset/batad.WAV,raw/reference/REF_039.WAV,cb1e97e1101daf589809efd3565a4107adb501fa7b1932883d51583e3954df05,118862,wave,pcm,44100,2,16,0.673,true,VG010,batad,,1,validated,supabase_audio_dataset_export_2026-09-30,V01,mapped,W006,firestore_exact_term,EXACT_TERM_UNIQUE,words:w7amVxl3HlYNLFXLBx6W,w7amVxl3HlYNLFXLBx6W,,,lumad_lingua_pronunciation_v0.2,
REF_040,dako ra yang bilas mo .WAV,ovdwgowtnlujnbcyldkk,audio,dataset/dako ra yang bilas mo .WAV,false,staging/supabase_audio_dataset/dako ra yang bilas mo .WAV,raw/reference/REF_040.WAV,92611a8757c5925d61c22c3351264091b8185ad5c59b97205c0948b8535311b5,278606,wave,pcm,44100,2,16,1.579,true,VG014,dako ra yang bilas mo,,1,validated,supabase_audio_dataset_export_2026-09-30,V01,unresolved,,,PARTIAL_TOKEN_CANDIDATE,,,,,lumad_lingua_pronunciation_v0.2,
REF_041,dakurat.WAV,ovdwgowtnlujnbcyldkk,audio,dataset/dakurat.WAV,false,staging/supabase_audio_dataset/dakurat.WAV,raw/reference/REF_041.WAV,6a0633f139c1e88a3ab3274a4e5de66699d7c5153ef503877c807ece6f05e063,143438,wave,pcm,44100,2,16,0.813,true,VG015,dakurat,,1,validated,supabase_audio_dataset_export_2026-09-30,V01,unresolved,,,NO_PROJECT_MATCH,,,,,lumad_lingua_pronunciation_v0.2,
REF_042,duor.WAV,ovdwgowtnlujnbcyldkk,audio,dataset/duor.WAV,false,staging/supabase_audio_dataset/duor.WAV,raw/reference/REF_042.WAV,78c4c423f88e7a1d60a1d19a954bee6f3aaedeed21097d88854afba11ea001dc,172110,wave,pcm,44100,2,16,0.975,true,VG017,duor,,1,validated,supabase_audio_dataset_export_2026-09-30,V01,unresolved,,,NO_PROJECT_MATCH,,,,,lumad_lingua_pronunciation_v0.2,
REF_043,duwambuok(1).WAV,ovdwgowtnlujnbcyldkk,audio,dataset/duwambuok(1).WAV,false,staging/supabase_audio_dataset/duwambuok(1).WAV,raw/reference/REF_043.WAV,509747c4c42424ef41591fa5620793bb5e3f49f63c0e378d8113aa09276f1348,254030,wave,pcm,44100,2,16,1.44,true,VG018,duwambuok,1,2,validated,supabase_audio_dataset_export_2026-09-30,V01,unresolved,,,MULTIPLE_TAKE_CANDIDATE,,,,,lumad_lingua_pronunciation_v0.2,
REF_044,duwambuok.WAV,ovdwgowtnlujnbcyldkk,audio,dataset/duwambuok.WAV,false,staging/supabase_audio_dataset/duwambuok.WAV,raw/reference/REF_044.WAV,3d5b7afea1c04ba02a2ee398982e1be694eb18f3fbab798e1d910181baf121b0,143438,wave,pcm,44100,2,16,0.813,true,VG018,duwambuok,,1,validated,supabase_audio_dataset_export_2026-09-30,V01,unresolved,,,MULTIPLE_TAKE_CANDIDATE,,,,,lumad_lingua_pronunciation_v0.2,
REF_045,gaakbu ako disang bintana.WAV,ovdwgowtnlujnbcyldkk,audio,dataset/gaakbu ako disang bintana.WAV,false,staging/supabase_audio_dataset/gaakbu ako disang bintana.WAV,raw/reference/REF_045.WAV,7a98fc076ccdd1c05779b364fbfdc8233dd770023889e8589ee2383e71fd4ed7,491598,wave,pcm,44100,2,16,2.786,true,VG020,gaakbu ako disang bintana,,1,validated,supabase_audio_dataset_export_2026-09-30,V01,unresolved,,,PARTIAL_TOKEN_CANDIDATE,,,,,lumad_lingua_pronunciation_v0.2,
REF_046,gauma.WAV,ovdwgowtnlujnbcyldkk,audio,dataset/gauma.WAV,false,staging/supabase_audio_dataset/gauma.WAV,raw/reference/REF_046.WAV,57b7346dbd9e2cefa0bffd4fcb3c098ad2f4b3df8cb0d42126cc98a234df9067,131150,wave,pcm,44100,2,16,0.743,true,VG021,gauma,,1,validated,supabase_audio_dataset_export_2026-09-30,V01,unresolved,,,NO_PROJECT_MATCH,,,,,lumad_lingua_pronunciation_v0.2,
REF_047,gyaring.WAV,ovdwgowtnlujnbcyldkk,audio,dataset/gyaring.WAV,false,staging/supabase_audio_dataset/gyaring.WAV,raw/reference/REF_047.WAV,403ed73f04eb35d021d46448b1972dba8f693ad1838a2590ac86b0d927ce6326,180302,wave,pcm,44100,2,16,1.022,true,VG022,gyaring,,1,validated,supabase_audio_dataset_export_2026-09-30,V01,unresolved,,,NO_PROJECT_MATCH,,,,,lumad_lingua_pronunciation_v0.2,
REF_048,ina.WAV,ovdwgowtnlujnbcyldkk,audio,dataset/ina.WAV,false,staging/supabase_audio_dataset/ina.WAV,raw/reference/REF_048.WAV,ab5e3d95c2e06dc3929960f4be5f0ae986858e14b0da173be802cbfe144c1a59,127054,wave,pcm,44100,2,16,0.72,true,VG023,ina,,1,validated,supabase_audio_dataset_export_2026-09-30,V01,unresolved,,,NO_PROJECT_MATCH,,,,,lumad_lingua_pronunciation_v0.2,
REF_049,isa.WAV,ovdwgowtnlujnbcyldkk,audio,dataset/isa.WAV,false,staging/supabase_audio_dataset/isa.WAV,raw/reference/REF_049.WAV,91a91294fa9af64280963582f0b2c045a0bcc18076b8ec25d51bb44ff3941f22,118862,wave,pcm,44100,2,16,0.673,true,VG025,isa,,1,validated,supabase_audio_dataset_export_2026-09-30,V01,unresolved,,,NO_PROJECT_MATCH,,,,,lumad_lingua_pronunciation_v0.2,
REF_050,isu.WAV,ovdwgowtnlujnbcyldkk,audio,dataset/isu.WAV,false,staging/supabase_audio_dataset/isu.WAV,raw/reference/REF_050.WAV,f84ed655a8d1a2ff7205a0e6e7c79af1e52d22b6a7d4277bbc4d2055fbd7374d,114766,wave,pcm,44100,2,16,0.65,true,VG026,isu,,1,validated,supabase_audio_dataset_export_2026-09-30,V01,unresolved,,,NO_PROJECT_MATCH,,,,,lumad_lingua_pronunciation_v0.2,
REF_051,kamanggud.WAV,ovdwgowtnlujnbcyldkk,audio,dataset/kamanggud.WAV,false,staging/supabase_audio_dataset/kamanggud.WAV,raw/reference/REF_051.WAV,7994ab1898e5fafd7c384adbf3be5074fd765210bed79ec04f019192822b3a60,168014,wave,pcm,44100,2,16,0.952,true,VG029,kamanggud,,1,validated,supabase_audio_dataset_export_2026-09-30,V01,unresolved,,,NO_PROJECT_MATCH,,,,,lumad_lingua_pronunciation_v0.2,
REF_052,karapi.WAV,ovdwgowtnlujnbcyldkk,audio,dataset/karapi.WAV,false,staging/supabase_audio_dataset/karapi.WAV,raw/reference/REF_052.WAV,84282bc978210e18bb17ea9e77d3f1d8d9085d3fc31432e9471a23e7b4269a7f,159822,wave,pcm,44100,2,16,0.906,true,VG030,karapi,,1,validated,supabase_audio_dataset_export_2026-09-30,V01,mapped,W010,firestore_exact_term,EXACT_TERM_UNIQUE,words:dwRUTVf9nAaw2fRpLtpr,dwRUTVf9nAaw2fRpLtpr,,,lumad_lingua_pronunciation_v0.2,
REF_053,katumbar.WAV,ovdwgowtnlujnbcyldkk,audio,dataset/katumbar.WAV,false,staging/supabase_audio_dataset/katumbar.WAV,raw/reference/REF_053.WAV,99f53a21e064598ab9d21d80005ec1efaa6c40b75e260ea0bf3b884ce4cdedd8,127054,wave,pcm,44100,2,16,0.72,true,VG031,katumbar,,1,validated,supabase_audio_dataset_export_2026-09-30,V01,unresolved,,,NO_PROJECT_MATCH,,,,,lumad_lingua_pronunciation_v0.2,
REF_054,kimod.WAV,ovdwgowtnlujnbcyldkk,audio,dataset/kimod.WAV,false,staging/supabase_audio_dataset/kimod.WAV,raw/reference/REF_054.WAV,dd1c49ee32e5db3155ca6de574c9eb49a1621c9a7231adda7ee6c787bbf97f9e,155726,wave,pcm,44100,2,16,0.882,true,VG032,kimod,,1,validated,supabase_audio_dataset_export_2026-09-30,V01,mapped,W011,firestore_exact_term,EXACT_TERM_UNIQUE,words:WvotzMcPJqYRVSZOz68O,WvotzMcPJqYRVSZOz68O,,,lumad_lingua_pronunciation_v0.2,
REF_055,kinuraw muuri.WAV,ovdwgowtnlujnbcyldkk,audio,dataset/kinuraw muuri.WAV,false,staging/supabase_audio_dataset/kinuraw muuri.WAV,raw/reference/REF_055.WAV,772f94209fa7501c1a399b0c357744cc6c8337835e156acd96f691fc1a8b40fd,196686,wave,pcm,44100,2,16,1.115,true,VG033,kinuraw muuri,,1,validated,supabase_audio_dataset_export_2026-09-30,V01,unresolved,,,NO_PROJECT_MATCH,,,,,lumad_lingua_pronunciation_v0.2,
REF_056,kyumaan da kamo.WAV,ovdwgowtnlujnbcyldkk,audio,dataset/kyumaan da kamo.WAV,false,staging/supabase_audio_dataset/kyumaan da kamo.WAV,raw/reference/REF_056.WAV,64c24139c91e820a84fa6a09b13338f90e739ec35fb5e6cfed08e62e418076ab,208974,wave,pcm,44100,2,16,1.184,true,VG034,kyumaan da kamo,,1,validated,supabase_audio_dataset_export_2026-09-30,V01,unresolved,,,NO_PROJECT_MATCH,,,,,lumad_lingua_pronunciation_v0.2,
REF_057,lima.WAV,ovdwgowtnlujnbcyldkk,audio,dataset/lima.WAV,false,staging/supabase_audio_dataset/lima.WAV,raw/reference/REF_057.WAV,34c5f01852560186d69bc4ebaaf6ef4ba905327574521b8eed381fa4c45f3c74,118862,wave,pcm,44100,2,16,0.673,true,VG036,lima,,1,validated,supabase_audio_dataset_export_2026-09-30,V01,unresolved,,,NO_PROJECT_MATCH,,,,,lumad_lingua_pronunciation_v0.2,
REF_058,lumon na bobay.WAV,ovdwgowtnlujnbcyldkk,audio,dataset/lumon na bobay.WAV,false,staging/supabase_audio_dataset/lumon na bobay.WAV,raw/reference/REF_058.WAV,689168bce8220c835eee046f27e31c5eb09b5b93c6cadb32672574563fdbca45,213070,wave,pcm,44100,2,16,1.207,true,VG037,lumon na bobay,,1,validated,supabase_audio_dataset_export_2026-09-30,V01,unresolved,,,SPELLING_VARIANT_CANDIDATE,,,,,lumad_lingua_pronunciation_v0.2,
REF_059,lumon na usug.WAV,ovdwgowtnlujnbcyldkk,audio,dataset/lumon na usug.WAV,false,staging/supabase_audio_dataset/lumon na usug.WAV,raw/reference/REF_059.WAV,bdb6890af9b3b31116e62adfe7cb69f0d75699af3f6a31cce8f62ad64a3fe162,200782,wave,pcm,44100,2,16,1.138,true,VG038,lumon na usug,,1,validated,supabase_audio_dataset_export_2026-09-30,V01,unresolved,,,NO_PROJECT_MATCH,,,,,lumad_lingua_pronunciation_v0.2,
REF_060,lutya.WAV,ovdwgowtnlujnbcyldkk,audio,dataset/lutya.WAV,false,staging/supabase_audio_dataset/lutya.WAV,raw/reference/REF_060.WAV,c2d8c1d32dc1c0791308741c7f2a393ae1539bb698019be8982a40a1d7842a51,139342,wave,pcm,44100,2,16,0.789,true,VG039,lutya,,1,validated,supabase_audio_dataset_export_2026-09-30,V01,unresolved,,,NO_PROJECT_MATCH,,,,,lumad_lingua_pronunciation_v0.2,
REF_061,lyurot.WAV,ovdwgowtnlujnbcyldkk,audio,dataset/lyurot.WAV,false,staging/supabase_audio_dataset/lyurot.WAV,raw/reference/REF_061.WAV,f9d25af6551714844f5d5a04d6e1933f4e78a689e6f04b23f6f47fad86f69d0f,131150,wave,pcm,44100,2,16,0.743,true,VG040,lyurot,,1,validated,supabase_audio_dataset_export_2026-09-30,V01,unresolved,,,NO_PROJECT_MATCH,,,,,lumad_lingua_pronunciation_v0.2,
REF_062,maanog.WAV,ovdwgowtnlujnbcyldkk,audio,dataset/maanog.WAV,false,staging/supabase_audio_dataset/maanog.WAV,raw/reference/REF_062.WAV,7c199c61fb2c88c1c7e20539fa3d1b3d951871016f9c8bcc47ab213739c7b910,139342,wave,pcm,44100,2,16,0.789,true,VG041,maanog,,1,validated,supabase_audio_dataset_export_2026-09-30,V01,unresolved,,,NO_PROJECT_MATCH,,,,,lumad_lingua_pronunciation_v0.2,
REF_063,madayaw.WAV,ovdwgowtnlujnbcyldkk,audio,dataset/madayaw.WAV,false,staging/supabase_audio_dataset/madayaw.WAV,raw/reference/REF_063.WAV,024aa2820649479dff3c80ef6b03ff33abd204e3e258dbd76969194a5ae864f6,147534,wave,pcm,44100,2,16,0.836,true,VG044,madayaw,,1,validated,supabase_audio_dataset_export_2026-09-30,V01,unresolved,,,SPELLING_VARIANT_CANDIDATE,,,,,lumad_lingua_pronunciation_v0.2,
REF_064,madyaw na allaw.WAV,ovdwgowtnlujnbcyldkk,audio,dataset/madyaw na allaw.WAV,false,staging/supabase_audio_dataset/madyaw na allaw.WAV,raw/reference/REF_064.WAV,423c43279fb22d5c6a345e87a43f40fee275401274e06ce5077610925699cfed,249934,wave,pcm,44100,2,16,1.416,true,VG046,madyaw na allaw,,1,validated,supabase_audio_dataset_export_2026-09-30,V01,unresolved,,,VOICE_SUBMISSION_TRANSCRIPT_CANDIDATE,,,,,lumad_lingua_pronunciation_v0.2,
REF_065,madyaw na gabi.WAV,ovdwgowtnlujnbcyldkk,audio,dataset/madyaw na gabi.WAV,false,staging/supabase_audio_dataset/madyaw na gabi.WAV,raw/reference/REF_065.WAV,2c8a5efac231e45d85b4c47c37a87107c5a8b4df2ea078dbb51bcdb97ab42145,221262,wave,pcm,44100,2,16,1.254,true,VG047,madyaw na gabi,,1,validated,supabase_audio_dataset_export_2026-09-30,V01,mapped,W015,project_record_exact,EXACT_LESSON_ITEM_UNIQUE,lesson_item:madyaw na gabi,,,,lumad_lingua_pronunciation_v0.2,
REF_066,madyaw na gabila(1).WAV,ovdwgowtnlujnbcyldkk,audio,dataset/madyaw na gabila(1).WAV,false,staging/supabase_audio_dataset/madyaw na gabila(1).WAV,raw/reference/REF_066.WAV,dfe66507e7f7e6fd992377e36311818328ca747257abb4efaf1f99b11c8757cb,225358,wave,pcm,44100,2,16,1.277,true,VG048,madyaw na gabila,1,2,validated,supabase_audio_dataset_export_2026-09-30,V01,unresolved,,,MULTIPLE_TAKE_CANDIDATE,,,,,lumad_lingua_pronunciation_v0.2,
REF_067,madyaw na gabila.WAV,ovdwgowtnlujnbcyldkk,audio,dataset/madyaw na gabila.WAV,false,staging/supabase_audio_dataset/madyaw na gabila.WAV,raw/reference/REF_067.WAV,9c44d0978bb0183c655a7675bec1a6af91c62f76e9bde0089e33130bd64cc833,229454,wave,pcm,44100,2,16,1.3,true,VG048,madyaw na gabila,,1,validated,supabase_audio_dataset_export_2026-09-30,V01,unresolved,,,MULTIPLE_TAKE_CANDIDATE,,,,,lumad_lingua_pronunciation_v0.2,
REF_068,madyaw na masurom kariko.WAV,ovdwgowtnlujnbcyldkk,audio,dataset/madyaw na masurom kariko.WAV,false,staging/supabase_audio_dataset/madyaw na masurom kariko.WAV,raw/reference/REF_068.WAV,330f91275e4bcf9d6875708910a4f924b24bd7ee34ee9fd3fab51db08c216c4d,368718,wave,pcm,44100,2,16,2.09,true,VG050,madyaw na masurom kariko,,1,validated,supabase_audio_dataset_export_2026-09-30,V01,unresolved,,,NO_PROJECT_MATCH,,,,,lumad_lingua_pronunciation_v0.2,
REF_069,madyaw na masurom(1).WAV,ovdwgowtnlujnbcyldkk,audio,dataset/madyaw na masurom(1).WAV,false,staging/supabase_audio_dataset/madyaw na masurom(1).WAV,raw/reference/REF_069.WAV,b4a56dd4cd2d1894e13300fd109d5110d63416890bcb342676f5fffbdd318aa9,221262,wave,pcm,44100,2,16,1.254,true,VG049,madyaw na masurom,1,2,validated,supabase_audio_dataset_export_2026-09-30,V01,unresolved,,,MULTIPLE_TAKE_CANDIDATE,,,,,lumad_lingua_pronunciation_v0.2,
REF_070,madyaw na masurom(2).WAV,ovdwgowtnlujnbcyldkk,audio,dataset/madyaw na masurom(2).WAV,false,staging/supabase_audio_dataset/madyaw na masurom(2).WAV,raw/reference/REF_070.WAV,c591c4456e3fdaa137723cda3782a01ba432ba8a78b0b3c333f6fc9265312f4e,221262,wave,pcm,44100,2,16,1.254,true,VG049,madyaw na masurom,2,3,validated,supabase_audio_dataset_export_2026-09-30,V01,unresolved,,,MULTIPLE_TAKE_CANDIDATE,,,,,lumad_lingua_pronunciation_v0.2,
REF_071,madyaw na masurom(3).WAV,ovdwgowtnlujnbcyldkk,audio,dataset/madyaw na masurom(3).WAV,false,staging/supabase_audio_dataset/madyaw na masurom(3).WAV,raw/reference/REF_071.WAV,ed7af6fb3b0cb2a080c0c8649e76f46156a8c1edb5de746118dd177b957a71d3,241742,wave,pcm,44100,2,16,1.37,true,VG049,madyaw na masurom,3,4,validated,supabase_audio_dataset_export_2026-09-30,V01,unresolved,,,MULTIPLE_TAKE_CANDIDATE,,,,,lumad_lingua_pronunciation_v0.2,
REF_072,madyaw na masurom.WAV,ovdwgowtnlujnbcyldkk,audio,dataset/madyaw na masurom.WAV,false,staging/supabase_audio_dataset/madyaw na masurom.WAV,raw/reference/REF_072.WAV,07cade712969ee589e22c837ee06776ede95621c39194d30772965ec177b2938,249934,wave,pcm,44100,2,16,1.416,true,VG049,madyaw na masurom,,1,validated,supabase_audio_dataset_export_2026-09-30,V01,unresolved,,,MULTIPLE_TAKE_CANDIDATE,,,,,lumad_lingua_pronunciation_v0.2,
REF_073,magsandayong pa ko atong tubod.WAV,ovdwgowtnlujnbcyldkk,audio,dataset/magsandayong pa ko atong tubod.WAV,false,staging/supabase_audio_dataset/magsandayong pa ko atong tubod.WAV,raw/reference/REF_073.WAV,1d7c8d4fff802bf798314cd8ad9d77a99f106b5d088111ef256fd1c96acb3dac,344142,wave,pcm,44100,2,16,1.95,true,VG052,magsandayong pa ko atong tubod,,1,validated,supabase_audio_dataset_export_2026-09-30,V01,unresolved,,,PARTIAL_TOKEN_CANDIDATE,,,,,lumad_lingua_pronunciation_v0.2,
REF_074,makagwas.WAV,ovdwgowtnlujnbcyldkk,audio,dataset/makagwas.WAV,false,staging/supabase_audio_dataset/makagwas.WAV,raw/reference/REF_074.WAV,c5224c6065714ba2850c9eee6d129089e72158e892ace452e7b1cee8c7b83436,184398,wave,pcm,44100,2,16,1.045,true,VG054,makagwas,,1,validated,supabase_audio_dataset_export_2026-09-30,V01,unresolved,,,NO_PROJECT_MATCH,,,,,lumad_lingua_pronunciation_v0.2,
REF_075,makator yang ulo ko.WAV,ovdwgowtnlujnbcyldkk,audio,dataset/makator yang ulo ko.WAV,false,staging/supabase_audio_dataset/makator yang ulo ko.WAV,raw/reference/REF_075.WAV,0ed0839184414195afc01e76fe426bc2126012b72ff6e7dbc8a5805e68e28a5a,237646,wave,pcm,44100,2,16,1.347,true,VG055,makator yang ulo ko,,1,validated,supabase_audio_dataset_export_2026-09-30,V01,unresolved,,,PARTIAL_TOKEN_CANDIDATE,,,,,lumad_lingua_pronunciation_v0.2,
REF_076,mangud(1).WAV,ovdwgowtnlujnbcyldkk,audio,dataset/mangud(1).WAV,false,staging/supabase_audio_dataset/mangud(1).WAV,raw/reference/REF_076.WAV,2f43d4d01678db3b507015bc9ca9880a8fba140af5bb774b038765e0e615dd0f,139342,wave,pcm,44100,2,16,0.789,true,VG056,mangud,1,2,validated,supabase_audio_dataset_export_2026-09-30,V01,unresolved,,,MULTIPLE_TAKE_CANDIDATE,,,,,lumad_lingua_pronunciation_v0.2,
REF_077,mangud.WAV,ovdwgowtnlujnbcyldkk,audio,dataset/mangud.WAV,false,staging/supabase_audio_dataset/mangud.WAV,raw/reference/REF_077.WAV,e24eac8fa70ecbcd2bc856ca6dcc8f2121ee68c76b455e4c66f5559865fb03c0,172110,wave,pcm,44100,2,16,0.975,true,VG056,mangud,,1,validated,supabase_audio_dataset_export_2026-09-30,V01,unresolved,,,MULTIPLE_TAKE_CANDIDATE,,,,,lumad_lingua_pronunciation_v0.2,
REF_078,maparaat.WAV,ovdwgowtnlujnbcyldkk,audio,dataset/maparaat.WAV,false,staging/supabase_audio_dataset/maparaat.WAV,raw/reference/REF_078.WAV,031df9353e89f6b5fe9f9ff793c6664e8f874d974457765588592573b9a266fa,147534,wave,pcm,44100,2,16,0.836,true,VG057,maparaat,,1,validated,supabase_audio_dataset_export_2026-09-30,V01,unresolved,,,NO_PROJECT_MATCH,,,,,lumad_lingua_pronunciation_v0.2,
REF_079,marutuy.WAV,ovdwgowtnlujnbcyldkk,audio,dataset/marutuy.WAV,false,staging/supabase_audio_dataset/marutuy.WAV,raw/reference/REF_079.WAV,60cbcc90115483bbbf9f8783caa3fcc544d42f77475aaf0f823d2422a2e20f54,180302,wave,pcm,44100,2,16,1.022,true,VG058,marutuy,,1,validated,supabase_audio_dataset_export_2026-09-30,V01,unresolved,,,NO_PROJECT_MATCH,,,,,lumad_lingua_pronunciation_v0.2,
REF_080,mataba.WAV,ovdwgowtnlujnbcyldkk,audio,dataset/mataba.WAV,false,staging/supabase_audio_dataset/mataba.WAV,raw/reference/REF_080.WAV,afd08071d96c837c9a301566b68eb7a8a0eca90c92ac5922ef9de46d4ed500c7,114766,wave,pcm,44100,2,16,0.65,true,VG059,mataba,,1,validated,supabase_audio_dataset_export_2026-09-30,V01,unresolved,,,NO_PROJECT_MATCH,,,,,lumad_lingua_pronunciation_v0.2,
REF_081,na naan.WAV,ovdwgowtnlujnbcyldkk,audio,dataset/na naan.WAV,false,staging/supabase_audio_dataset/na naan.WAV,raw/reference/REF_081.WAV,3527d0a4bce97b050a74023a27ee39df68b8266d74093378f212cda5c0bd75c4,172110,wave,pcm,44100,2,16,0.975,true,VG060,na naan,,1,validated,supabase_audio_dataset_export_2026-09-30,V01,unresolved,,,NO_PROJECT_MATCH,,,,,lumad_lingua_pronunciation_v0.2,
REF_082,nanang gawbok.WAV,ovdwgowtnlujnbcyldkk,audio,dataset/nanang gawbok.WAV,false,staging/supabase_audio_dataset/nanang gawbok.WAV,raw/reference/REF_082.WAV,b852e6ecf25c0c48c0d1ddb29a90c3737b022391f1a39d460399c9dd630bcc7f,188494,wave,pcm,44100,2,16,1.068,true,VG062,nanang gawbok,,1,validated,supabase_audio_dataset_export_2026-09-30,V01,unresolved,,,NO_PROJECT_MATCH,,,,,lumad_lingua_pronunciation_v0.2,
REF_083,nanang tuod parandong.WAV,ovdwgowtnlujnbcyldkk,audio,dataset/nanang tuod parandong.WAV,false,staging/supabase_audio_dataset/nanang tuod parandong.WAV,raw/reference/REF_083.WAV,d62441a9e77ec0fd81b81160fe847572442af01e15d5c4f852b59d1f40271965,397390,wave,pcm,44100,2,16,2.252,true,VG064,nanang tuod parandong,,1,validated,supabase_audio_dataset_export_2026-09-30,V01,unresolved,,,NO_PROJECT_MATCH,,,,,lumad_lingua_pronunciation_v0.2,
REF_084,nanang uram mayo(1).WAV,ovdwgowtnlujnbcyldkk,audio,dataset/nanang uram mayo(1).WAV,false,staging/supabase_audio_dataset/nanang uram mayo(1).WAV,raw/reference/REF_084.WAV,9738eaf020a876363b07c747c5b71c5b0d8ae035931f1683b82599be9e9ce8c1,188494,wave,pcm,44100,2,16,1.068,true,VG065,nanang uram mayo,1,2,validated,supabase_audio_dataset_export_2026-09-30,V01,unresolved,,,MULTIPLE_TAKE_CANDIDATE,,,,,lumad_lingua_pronunciation_v0.2,
REF_085,nanang uram mayo.WAV,ovdwgowtnlujnbcyldkk,audio,dataset/nanang uram mayo.WAV,false,staging/supabase_audio_dataset/nanang uram mayo.WAV,raw/reference/REF_085.WAV,1165f0c327f0832c394da0ce3675357b513dafb0b651b241127c0618114ac5b0,200782,wave,pcm,44100,2,16,1.138,true,VG065,nanang uram mayo,,1,validated,supabase_audio_dataset_export_2026-09-30,V01,unresolved,,,MULTIPLE_TAKE_CANDIDATE,,,,,lumad_lingua_pronunciation_v0.2,
REF_086,nangakaw.WAV,ovdwgowtnlujnbcyldkk,audio,dataset/nangakaw.WAV,false,staging/supabase_audio_dataset/nangakaw.WAV,raw/reference/REF_086.WAV,644bceaaf8a3553dc29981c35f13cb81f70cbd630a0a6be40efe4129f39f1590,180302,wave,pcm,44100,2,16,1.022,true,VG066,nangakaw,,1,validated,supabase_audio_dataset_export_2026-09-30,V01,unresolved,,,NO_PROJECT_MATCH,,,,,lumad_lingua_pronunciation_v0.2,
REF_087,nangamang pak ng kayamas.WAV,ovdwgowtnlujnbcyldkk,audio,dataset/nangamang pak ng kayamas.WAV,false,staging/supabase_audio_dataset/nangamang pak ng kayamas.WAV,raw/reference/REF_087.WAV,2e2145c24917fd3cfdfc72b0fc6e5cd7fc91381ba2c69c4f8ab3816b049f1d0c,409678,wave,pcm,44100,2,16,2.322,true,VG067,nangamang pak ng kayamas,,1,validated,supabase_audio_dataset_export_2026-09-30,V01,unresolved,,,NO_PROJECT_MATCH,,,,,lumad_lingua_pronunciation_v0.2,
REF_088,niyanluluto ng ina mo .WAV,ovdwgowtnlujnbcyldkk,audio,dataset/niyanluluto ng ina mo .WAV,false,staging/supabase_audio_dataset/niyanluluto ng ina mo .WAV,raw/reference/REF_088.WAV,d0be003563e396de8e281ebc140e2209e7209e66cea99f5d76872b660afe0dee,331854,wave,pcm,44100,2,16,1.881,true,VG068,niyanluluto ng ina mo,,1,validated,supabase_audio_dataset_export_2026-09-30,V01,unresolved,,,NO_PROJECT_MATCH,,,,,lumad_lingua_pronunciation_v0.2,
REF_089,pagarungan(1).WAV,ovdwgowtnlujnbcyldkk,audio,dataset/pagarungan(1).WAV,false,staging/supabase_audio_dataset/pagarungan(1).WAV,raw/reference/REF_089.WAV,3223233f487c60c144f1349b8829864088fb10e912b13b7b872ce67fb742c8f5,213070,wave,pcm,44100,2,16,1.207,true,VG069,pagarungan,1,2,validated,supabase_audio_dataset_export_2026-09-30,V01,unresolved,,,MULTIPLE_TAKE_CANDIDATE,,,,,lumad_lingua_pronunciation_v0.2,
REF_090,pagsugbo.WAV,ovdwgowtnlujnbcyldkk,audio,dataset/pagsugbo.WAV,false,staging/supabase_audio_dataset/pagsugbo.WAV,raw/reference/REF_090.WAV,148f00eddf038ea8043fd1c4d87fbef03f7070a70ca8748d9bb4cc3543abcf67,172110,wave,pcm,44100,2,16,0.975,true,VG070,pagsugbo,,1,validated,supabase_audio_dataset_export_2026-09-30,V01,unresolved,,,NO_PROJECT_MATCH,,,,,lumad_lingua_pronunciation_v0.2,
REF_091,pakal.WAV,ovdwgowtnlujnbcyldkk,audio,dataset/pakal.WAV,false,staging/supabase_audio_dataset/pakal.WAV,raw/reference/REF_091.WAV,64d822b6a2708050bd3c96c1e2cfd3fd91e5b437497df0e31067744780c6df5f,159822,wave,pcm,44100,2,16,0.906,true,VG071,pakal,,1,validated,supabase_audio_dataset_export_2026-09-30,V01,unresolved,,,NO_PROJECT_MATCH,,,,,lumad_lingua_pronunciation_v0.2,
REF_092,paroda(1).WAV,ovdwgowtnlujnbcyldkk,audio,dataset/paroda(1).WAV,false,staging/supabase_audio_dataset/paroda(1).WAV,raw/reference/REF_092.WAV,497d6a37cd3d24664ae871402706e85966e8bc20ac5dc4f8c0c8d1d68b469a84,102478,wave,pcm,44100,2,16,0.58,true,VG073,paroda,1,2,validated,supabase_audio_dataset_export_2026-09-30,V01,unresolved,,,MULTIPLE_TAKE_CANDIDATE,,,,,lumad_lingua_pronunciation_v0.2,
REF_093,pasaylowak doon.WAV,ovdwgowtnlujnbcyldkk,audio,dataset/pasaylowak doon.WAV,false,staging/supabase_audio_dataset/pasaylowak doon.WAV,raw/reference/REF_093.WAV,0b02522cbc68ae45aa2d893f7d53058a3710adfcf088e252a73c9dbbb4769762,221262,wave,pcm,44100,2,16,1.254,true,VG074,pasaylowak doon,,1,validated,supabase_audio_dataset_export_2026-09-30,V01,unresolved,,,SPELLING_VARIANT_CANDIDATE,,,,,lumad_lingua_pronunciation_v0.2,
REF_094,pasayluwak doon.WAV,ovdwgowtnlujnbcyldkk,audio,dataset/pasayluwak doon.WAV,false,staging/supabase_audio_dataset/pasayluwak doon.WAV,raw/reference/REF_094.WAV,a025e9880750e97d2b4fc7827bb010c7ef3eef495b0a5be4126b1b53562083b6,221262,wave,pcm,44100,2,16,1.254,true,VG075,pasayluwak doon,,1,validated,supabase_audio_dataset_export_2026-09-30,V01,unresolved,,,SPELLING_VARIANT_CANDIDATE,,,,,lumad_lingua_pronunciation_v0.2,
REF_095,pito.WAV,ovdwgowtnlujnbcyldkk,audio,dataset/pito.WAV,false,staging/supabase_audio_dataset/pito.WAV,raw/reference/REF_095.WAV,16288432a5d23873b83eeb277ff02656d7d279a86a188bed258bf5824b277226,94286,wave,pcm,44100,2,16,0.534,true,VG076,pito,,1,validated,supabase_audio_dataset_export_2026-09-30,V01,unresolved,,,NO_PROJECT_MATCH,,,,,lumad_lingua_pronunciation_v0.2,
REF_096,sampuro.WAV,ovdwgowtnlujnbcyldkk,audio,dataset/sampuro.WAV,false,staging/supabase_audio_dataset/sampuro.WAV,raw/reference/REF_096.WAV,e02ddefc0dcddf8c70ad28a197207d19f6c35e1bd7812433c6dab10a365de156,168014,wave,pcm,44100,2,16,0.952,true,VG077,sampuro,,1,validated,supabase_audio_dataset_export_2026-09-30,V01,unresolved,,,NO_PROJECT_MATCH,,,,,lumad_lingua_pronunciation_v0.2,
REF_097,sandok.WAV,ovdwgowtnlujnbcyldkk,audio,dataset/sandok.WAV,false,staging/supabase_audio_dataset/sandok.WAV,raw/reference/REF_097.WAV,fb264ceea813d340dde6910623d1454cbd03f63e440c7437aa155c96d9b57b9a,147534,wave,pcm,44100,2,16,0.836,true,VG078,sandok,,1,validated,supabase_audio_dataset_export_2026-09-30,V01,unresolved,,,NO_PROJECT_MATCH,,,,,lumad_lingua_pronunciation_v0.2,
REF_098,sang kanlaw.WAV,ovdwgowtnlujnbcyldkk,audio,dataset/sang kanlaw.WAV,false,staging/supabase_audio_dataset/sang kanlaw.WAV,raw/reference/REF_098.WAV,74f972c25093bb75a52874b959ccd19b2c3daddbfef2cbd04ea2187b86d376f2,221262,wave,pcm,44100,2,16,1.254,true,VG079,sang kanlaw,,1,validated,supabase_audio_dataset_export_2026-09-30,V01,unresolved,,,NO_PROJECT_MATCH,,,,,lumad_lingua_pronunciation_v0.2,
REF_099,saramat.WAV,ovdwgowtnlujnbcyldkk,audio,dataset/saramat.WAV,false,staging/supabase_audio_dataset/saramat.WAV,raw/reference/REF_099.WAV,ee8d9e0e4ce3da053c303147a756696bac69c84d0fc9e2725998cabe15fe062d,159822,wave,pcm,44100,2,16,0.906,true,VG081,saramat,,1,validated,supabase_audio_dataset_export_2026-09-30,V01,mapped,W016,project_record_exact,EXACT_LESSON_ITEM_UNIQUE,lesson_item:saramat,,,,lumad_lingua_pronunciation_v0.2,
REF_100,sining bapa mo(1).WAV,ovdwgowtnlujnbcyldkk,audio,dataset/sining bapa mo(1).WAV,false,staging/supabase_audio_dataset/sining bapa mo(1).WAV,raw/reference/REF_100.WAV,e74a42aedf466afb1016522d88807850b3fe27b67ff21f9f219506c9eadd4ea9,229454,wave,pcm,44100,2,16,1.3,true,VG082,sining bapa mo,1,2,validated,supabase_audio_dataset_export_2026-09-30,V01,unresolved,,,MULTIPLE_TAKE_CANDIDATE,,,,,lumad_lingua_pronunciation_v0.2,
REF_101,sining bapa mo.WAV,ovdwgowtnlujnbcyldkk,audio,dataset/sining bapa mo.WAV,false,staging/supabase_audio_dataset/sining bapa mo.WAV,raw/reference/REF_101.WAV,34865a2c1e9a84b667d9abb3d25617dd3868e1a3095461945cea0e4e5c161755,229454,wave,pcm,44100,2,16,1.3,true,VG082,sining bapa mo,,1,validated,supabase_audio_dataset_export_2026-09-30,V01,unresolved,,,MULTIPLE_TAKE_CANDIDATE,,,,,lumad_lingua_pronunciation_v0.2,
REF_102,sining gadiyaga kanmo.WAV,ovdwgowtnlujnbcyldkk,audio,dataset/sining gadiyaga kanmo.WAV,false,staging/supabase_audio_dataset/sining gadiyaga kanmo.WAV,raw/reference/REF_102.WAV,2fc7e8a5d2c4b9e3131d2dd861262ce961d7cb6d71ceaf608a6bf1227b4c97a6,307278,wave,pcm,44100,2,16,1.741,true,VG083,sining gadiyaga kanmo,,1,validated,supabase_audio_dataset_export_2026-09-30,V01,unresolved,,,PARTIAL_TOKEN_CANDIDATE,,,,,lumad_lingua_pronunciation_v0.2,
REF_103,siyam.WAV,ovdwgowtnlujnbcyldkk,audio,dataset/siyam.WAV,false,staging/supabase_audio_dataset/siyam.WAV,raw/reference/REF_103.WAV,6e484c885ae2fefe2a1380aa558f2477bb68b9ed74485d9ffb3514d8367cbbec,147534,wave,pcm,44100,2,16,0.836,true,VG084,siyam,,1,validated,supabase_audio_dataset_export_2026-09-30,V01,unresolved,,,NO_PROJECT_MATCH,,,,,lumad_lingua_pronunciation_v0.2,
REF_104,tabi di saan.WAV,ovdwgowtnlujnbcyldkk,audio,dataset/tabi di saan.WAV,false,staging/supabase_audio_dataset/tabi di saan.WAV,raw/reference/REF_104.WAV,e19719cfccf139755d788b27722b8fbc4fb4bcb6f8988543c84e1d1249dc1e22,221262,wave,pcm,44100,2,16,1.254,true,VG085,tabi di saan,,1,validated,supabase_audio_dataset_export_2026-09-30,V01,unresolved,,,NO_PROJECT_MATCH,,,,,lumad_lingua_pronunciation_v0.2,
REF_105,tabi kanmo.WAV,ovdwgowtnlujnbcyldkk,audio,dataset/tabi kanmo.WAV,false,staging/supabase_audio_dataset/tabi kanmo.WAV,raw/reference/REF_105.WAV,aeff91ec07517593ac8486576e32c4759699a30bfbc7381647581552031de051,188494,wave,pcm,44100,2,16,1.068,true,VG086,tabi kanmo,,1,validated,supabase_audio_dataset_export_2026-09-30,V01,unresolved,,,PARTIAL_TOKEN_CANDIDATE,,,,,lumad_lingua_pronunciation_v0.2,
REF_106,tabidak.WAV,ovdwgowtnlujnbcyldkk,audio,dataset/tabidak.WAV,false,staging/supabase_audio_dataset/tabidak.WAV,raw/reference/REF_106.WAV,3c7095f300ad9b85cbdbbc29eb0c6073b0cac7601dd51aea13a5095b028b3eb8,143438,wave,pcm,44100,2,16,0.813,true,VG087,tabidak,,1,validated,supabase_audio_dataset_export_2026-09-30,V01,unresolved,,,NO_PROJECT_MATCH,,,,,lumad_lingua_pronunciation_v0.2,
REF_107,turo(1).WAV,ovdwgowtnlujnbcyldkk,audio,dataset/turo(1).WAV,false,staging/supabase_audio_dataset/turo(1).WAV,raw/reference/REF_107.WAV,6f75cc9051a8906681818dd80a299792487352dcc0f5df09df054a575a61a834,184398,wave,pcm,44100,2,16,1.045,true,VG088,turo,1,2,validated,supabase_audio_dataset_export_2026-09-30,V01,unresolved,,,MULTIPLE_TAKE_CANDIDATE,,,,,lumad_lingua_pronunciation_v0.2,
REF_108,turo.WAV,ovdwgowtnlujnbcyldkk,audio,dataset/turo.WAV,false,staging/supabase_audio_dataset/turo.WAV,raw/reference/REF_108.WAV,98fdec3c025c59bf3c1033aea01f96d5a1f24a7cbe361a01012fa59f9ff03cbb,127054,wave,pcm,44100,2,16,0.72,true,VG088,turo,,1,validated,supabase_audio_dataset_export_2026-09-30,V01,unresolved,,,MULTIPLE_TAKE_CANDIDATE,,,,,lumad_lingua_pronunciation_v0.2,
REF_109,ulloy.WAV,ovdwgowtnlujnbcyldkk,audio,dataset/ulloy.WAV,false,staging/supabase_audio_dataset/ulloy.WAV,raw/reference/REF_109.WAV,e9f7b5065b42d8870e044d1f434bbe238930153a489688214363215e34bc77fa,131150,wave,pcm,44100,2,16,0.743,true,VG089,ulloy,,1,validated,supabase_audio_dataset_export_2026-09-30,V01,unresolved,,,NO_PROJECT_MATCH,,,,,lumad_lingua_pronunciation_v0.2,
REF_110,umpo na bobay.WAV,ovdwgowtnlujnbcyldkk,audio,dataset/umpo na bobay.WAV,false,staging/supabase_audio_dataset/umpo na bobay.WAV,raw/reference/REF_110.WAV,ec33ade42510a502d07ef70545b0a92bce07ea9c5efb0fd39cb79f640d682d3a,159822,wave,pcm,44100,2,16,0.906,true,VG090,umpo na bobay,,1,validated,supabase_audio_dataset_export_2026-09-30,V01,unresolved,,,SPELLING_VARIANT_CANDIDATE,,,,,lumad_lingua_pronunciation_v0.2,
REF_111,umpu na usug.WAV,ovdwgowtnlujnbcyldkk,audio,dataset/umpu na usug.WAV,false,staging/supabase_audio_dataset/umpu na usug.WAV,raw/reference/REF_111.WAV,ae263039b4fd2945163d4400b7eaa73246f1ab4694ea63e76edf0e2bd4d3b25a,184398,wave,pcm,44100,2,16,1.045,true,VG091,umpu na usug,,1,validated,supabase_audio_dataset_export_2026-09-30,V01,unresolved,,,NO_PROJECT_MATCH,,,,,lumad_lingua_pronunciation_v0.2,
REF_112,unom.WAV,ovdwgowtnlujnbcyldkk,audio,dataset/unom.WAV,false,staging/supabase_audio_dataset/unom.WAV,raw/reference/REF_112.WAV,6961a10f7cca9870c6ad80604cf81240044e0bbcc58f60c6651ab1217a83da77,94286,wave,pcm,44100,2,16,0.534,true,VG092,unom,,1,validated,supabase_audio_dataset_export_2026-09-30,V01,unresolved,,,NO_PROJECT_MATCH,,,,,lumad_lingua_pronunciation_v0.2,
REF_113,upat(1).WAV,ovdwgowtnlujnbcyldkk,audio,dataset/upat(1).WAV,false,staging/supabase_audio_dataset/upat(1).WAV,raw/reference/REF_113.WAV,7248133322f1e0e75dfc373f581f63403d28d0b5caec8fd75bc1d83fed49f61c,94286,wave,pcm,44100,2,16,0.534,true,VG093,upat,1,2,validated,supabase_audio_dataset_export_2026-09-30,V01,unresolved,,,MULTIPLE_TAKE_CANDIDATE,,,,,lumad_lingua_pronunciation_v0.2,
REF_114,upat(2).WAV,ovdwgowtnlujnbcyldkk,audio,dataset/upat(2).WAV,false,staging/supabase_audio_dataset/upat(2).WAV,raw/reference/REF_114.WAV,a5e950826e7310d96f0abf24daebed36f5fba32bd9f0ffcb1a4f183b8680ce57,159822,wave,pcm,44100,2,16,0.906,true,VG093,upat,2,3,validated,supabase_audio_dataset_export_2026-09-30,V01,unresolved,,,MULTIPLE_TAKE_CANDIDATE,,,,,lumad_lingua_pronunciation_v0.2,
REF_115,upat.WAV,ovdwgowtnlujnbcyldkk,audio,dataset/upat.WAV,false,staging/supabase_audio_dataset/upat.WAV,raw/reference/REF_115.WAV,72ec9246663d3801c82005878db1ffd50c37b50bc51f9e6fb62f32a5c1c04b4f,127054,wave,pcm,44100,2,16,0.72,true,VG093,upat,,1,validated,supabase_audio_dataset_export_2026-09-30,V01,unresolved,,,MULTIPLE_TAKE_CANDIDATE,,,,,lumad_lingua_pronunciation_v0.2,
REF_116,waro.WAV,ovdwgowtnlujnbcyldkk,audio,dataset/waro.WAV,false,staging/supabase_audio_dataset/waro.WAV,raw/reference/REF_116.WAV,b31ae0b9c969b13f9a67084899851188a466f435211f180dc1652e3cd6cd17ab,143438,wave,pcm,44100,2,16,0.813,true,VG097,waro,,1,validated,supabase_audio_dataset_export_2026-09-30,V01,unresolved,,,NO_PROJECT_MATCH,,,,,lumad_lingua_pronunciation_v0.2,
REF_117,yadaragan.WAV,ovdwgowtnlujnbcyldkk,audio,dataset/yadaragan.WAV,false,staging/supabase_audio_dataset/yadaragan.WAV,raw/reference/REF_117.WAV,c12da1b134517370224be7cae090168ca0c433358b6b3bed5c3c355160c1b3e1,159822,wave,pcm,44100,2,16,0.906,true,VG099,yadaragan,,1,validated,supabase_audio_dataset_export_2026-09-30,V01,unresolved,,,NO_PROJECT_MATCH,,,,,lumad_lingua_pronunciation_v0.2,
REF_118,yagabasa.WAV,ovdwgowtnlujnbcyldkk,audio,dataset/yagabasa.WAV,false,staging/supabase_audio_dataset/yagabasa.WAV,raw/reference/REF_118.WAV,7a6b505d8659eb5e66bff90143dcc8bfbeb41774a2d1fc652993d4708b35597c,172110,wave,pcm,44100,2,16,0.975,true,VG101,yagabasa,,1,validated,supabase_audio_dataset_export_2026-09-30,V01,unresolved,,,NO_PROJECT_MATCH,,,,,lumad_lingua_pronunciation_v0.2,
REF_119,yagakanta.WAV,ovdwgowtnlujnbcyldkk,audio,dataset/yagakanta.WAV,false,staging/supabase_audio_dataset/yagakanta.WAV,raw/reference/REF_119.WAV,0ec0d3f3c478e5ed8095facc2478dd7ed867c6b42910361593d6c4732962d8a8,172110,wave,pcm,44100,2,16,0.975,true,VG102,yagakanta,,1,validated,supabase_audio_dataset_export_2026-09-30,V01,unresolved,,,NO_PROJECT_MATCH,,,,,lumad_lingua_pronunciation_v0.2,
REF_120,yagasagda.WAV,ovdwgowtnlujnbcyldkk,audio,dataset/yagasagda.WAV,false,staging/supabase_audio_dataset/yagasagda.WAV,raw/reference/REF_120.WAV,ec3ed72a6661747c5f944afcb6c263eb0da5e2e6020cc803b41cd36ce6fca6cf,188494,wave,pcm,44100,2,16,1.068,true,VG103,yagasagda,,1,validated,supabase_audio_dataset_export_2026-09-30,V01,unresolved,,,NO_PROJECT_MATCH,,,,,lumad_lingua_pronunciation_v0.2,
REF_121,yagasayaw.WAV,ovdwgowtnlujnbcyldkk,audio,dataset/yagasayaw.WAV,false,staging/supabase_audio_dataset/yagasayaw.WAV,raw/reference/REF_121.WAV,f215d2709befa4b9bf8fa2769553c61c94546cd2497c07a981792cf78f442525,180302,wave,pcm,44100,2,16,1.022,true,VG104,yagasayaw,,1,validated,supabase_audio_dataset_export_2026-09-30,V01,unresolved,,,NO_PROJECT_MATCH,,,,,lumad_lingua_pronunciation_v0.2,
REF_122,yagasurat.WAV,ovdwgowtnlujnbcyldkk,audio,dataset/yagasurat.WAV,false,staging/supabase_audio_dataset/yagasurat.WAV,raw/reference/REF_122.WAV,526b2c125fd611b43079261037f6a476fce4de72d77afe73427120a98de0b4e5,155726,wave,pcm,44100,2,16,0.882,true,VG105,yagasurat,,1,validated,supabase_audio_dataset_export_2026-09-30,V01,unresolved,,,NO_PROJECT_MATCH,,,,,lumad_lingua_pronunciation_v0.2,
REF_123,yagaugas.WAV,ovdwgowtnlujnbcyldkk,audio,dataset/yagaugas.WAV,false,staging/supabase_audio_dataset/yagaugas.WAV,raw/reference/REF_123.WAV,f667b8bb938ac68473c7897b53309b27f967b5258b207d8787bd2eb35b982f4e,200782,wave,pcm,44100,2,16,1.138,true,VG106,yagaugas,,1,validated,supabase_audio_dataset_export_2026-09-30,V01,unresolved,,,NO_PROJECT_MATCH,,,,,lumad_lingua_pronunciation_v0.2,
REF_124,yakaan.WAV,ovdwgowtnlujnbcyldkk,audio,dataset/yakaan.WAV,false,staging/supabase_audio_dataset/yakaan.WAV,raw/reference/REF_124.WAV,43f067cea1aa5612455d85fa38f3cd34f39c941613517f71c116832cc27d7388,118862,wave,pcm,44100,2,16,0.673,true,VG108,yakaan,,1,validated,supabase_audio_dataset_export_2026-09-30,V01,unresolved,,,NO_PROJECT_MATCH,,,,,lumad_lingua_pronunciation_v0.2,
REF_125,yamadaman kaw kanak.WAV,ovdwgowtnlujnbcyldkk,audio,dataset/yamadaman kaw kanak.WAV,false,staging/supabase_audio_dataset/yamadaman kaw kanak.WAV,raw/reference/REF_125.WAV,5208419ee0f9c12429f088f8b12ece5f4fd9aef8a536ff24a6549d6f5287699f,249934,wave,pcm,44100,2,16,1.416,true,VG109,yamadaman kaw kanak,,1,validated,supabase_audio_dataset_export_2026-09-30,V01,unresolved,,,PARTIAL_TOKEN_CANDIDATE,,,,,lumad_lingua_pronunciation_v0.2,
REF_126,yasagob kaw.WAV,ovdwgowtnlujnbcyldkk,audio,dataset/yasagob kaw.WAV,false,staging/supabase_audio_dataset/yasagob kaw.WAV,raw/reference/REF_126.WAV,d11d5dee3a68788b395e6fe6068c7e283e8ac8982b699f805ea6d2f0883df93d,184398,wave,pcm,44100,2,16,1.045,true,VG111,yasagob kaw,,1,validated,supabase_audio_dataset_export_2026-09-30,V01,unresolved,,,PARTIAL_TOKEN_CANDIDATE,,,,,lumad_lingua_pronunciation_v0.2,
REF_127,yasagub.WAV,ovdwgowtnlujnbcyldkk,audio,dataset/yasagub.WAV,false,staging/supabase_audio_dataset/yasagub.WAV,raw/reference/REF_127.WAV,7589ab882f38785dc583a92b6f941ac17c15640112519d9cb369155f75d16958,168014,wave,pcm,44100,2,16,0.952,true,VG112,yasagub,,1,validated,supabase_audio_dataset_export_2026-09-30,V01,unresolved,,,NO_PROJECT_MATCH,,,,,lumad_lingua_pronunciation_v0.2,
REF_128,yulugpat.WAV,ovdwgowtnlujnbcyldkk,audio,dataset/yulugpat.WAV,false,staging/supabase_audio_dataset/yulugpat.WAV,raw/reference/REF_128.WAV,cd8ce9b786e57cfd65e6eedf213ddfcc350145387fef169174cf5a787460d753,180302,wave,pcm,44100,2,16,1.022,true,VG113,yulugpat,,1,validated,supabase_audio_dataset_export_2026-09-30,V01,unresolved,,,NO_PROJECT_MATCH,,,,,lumad_lingua_pronunciation_v0.2,
