source_storage_bucket,source_storage_path,object_name,size_bytes,mimetype,last_modified,listing_date,staged_path,staged_sha256,mapped_word_id,notes
audio,dataset/Antik.WAV,Antik.WAV,139342,audio/wav,2026-09-30T10:17:18,2026-09-30,staging/supabase_audio_dataset/Antik.WAV,1b219700b02dea627d47485fb80b5c50eb82562fafae695cd7eb29dd976dfaa8,,from archive 96741bfc-dataset.zip
audio,dataset/Arabat.WAV,Arabat.WAV,118862,audio/wav,2026-09-30T10:17:18,2026-09-30,staging/supabase_audio_dataset/Arabat.WAV,e6d00af79a0d1745e1d13a5e623c42614b6ab2b8c26e3aaa7ae5d6341952e6bd,,from archive 96741bfc-dataset.zip
audio,dataset/Barangaw.WAV,Barangaw.WAV,147534,audio/wav,2026-09-30T10:17:18,2026-09-30,staging/supabase_audio_dataset/Barangaw.WAV,cdde9df7907e0bc555bb87b86156449aadb2b55e92e66c13d394c81f71b90e8a,,from archive 96741bfc-dataset.zip
audio,dataset/Bobay.WAV,Bobay.WAV,139342,audio/wav,2026-09-30T10:17:18,2026-09-30,staging/supabase_audio_dataset/Bobay.WAV,fac9ed91bedbe1bc6320bab7a868141239953c707242ea0bb38f0030a6c3c69c,,from archive 96741bfc-dataset.zip
audio,dataset/Bugsak.WAV,Bugsak.WAV,106574,audio/wav,2026-09-30T10:17:18,2026-09-30,staging/supabase_audio_dataset/Bugsak.WAV,d7947be7ae6c3a1b50ec14a0a2b1eea861add28e94fc853853314e6b92551f4f,,from archive 96741bfc-dataset.zip
audio,dataset/Dagom.WAV,Dagom.WAV,114766,audio/wav,2026-09-30T10:17:18,2026-09-30,staging/supabase_audio_dataset/Dagom.WAV,547833a488ce84dfd5f78f43b9304466256bef781491ed95da019b522ed23ae8,,from archive 96741bfc-dataset.zip
audio,dataset/Diin kaw padlog.WAV,Diin kaw padlog.WAV,290894,audio/wav,2026-09-30T10:17:18,2026-09-30,staging/supabase_audio_dataset/Diin kaw padlog.WAV,277ee45e4948eb75279f52ca8f2bd70a5a3e036cfd65bf55e19039eab03b6aaa,,from archive 96741bfc-dataset.zip
audio,dataset/Gaagod yang baboy .WAV,Gaagod yang baboy .WAV,229454,audio/wav,2026-09-30T10:17:18,2026-09-30,staging/supabase_audio_dataset/Gaagod yang baboy .WAV,b09e85da665e252bf0999b95f9e822f4a2ac6ee4a431d6bd1c72d46b1664aa55,,from archive 96741bfc-dataset.zip
audio,dataset/Ingkod.WAV,Ingkod.WAV,106574,audio/wav,2026-09-30T10:17:18,2026-09-30,staging/supabase_audio_dataset/Ingkod.WAV,7d52cafa4116c4e77f621d131a0f44873025785af7cf6ac0f99b8e41f7360efb,,from archive 96741bfc-dataset.zip
audio,dataset/Kaana yang manok.WAV,Kaana yang manok.WAV,221262,audio/wav,2026-09-30T10:17:18,2026-09-30,staging/supabase_audio_dataset/Kaana yang manok.WAV,1fadf367a160faa54ad503afede1ed7b830c3e0732743c9b8df83da46b237ea5,,from archive 96741bfc-dataset.zip
audio,dataset/Kadyawan.WAV,Kadyawan.WAV,106574,audio/wav,2026-09-30T10:17:18,2026-09-30,staging/supabase_audio_dataset/Kadyawan.WAV,37b64eb6d9c56ebe1f086d4650376ff90e906dbd711a8b693d6f2e2de38f6ac8,,from archive 96741bfc-dataset.zip
audio,dataset/Larad.WAV,Larad.WAV,106574,audio/wav,2026-09-30T10:17:18,2026-09-30,staging/supabase_audio_dataset/Larad.WAV,4e69413ea5db00c2f115149a9e42c31920b64230e0b6d9ff10cb846c22f7ea15,,from archive 96741bfc-dataset.zip
audio,dataset/Madaig.WAV,Madaig.WAV,139342,audio/wav,2026-09-30T10:17:20,2026-09-30,staging/supabase_audio_dataset/Madaig.WAV,bc8314eea0e3d27b5d20fe12285bd6f9cf280bd87f1925d4efa7de8d38b4d16f,,from archive 96741bfc-dataset.zip
audio,dataset/Madakmul yang abol.WAV,Madakmul yang abol.WAV,213070,audio/wav,2026-09-30T10:17:20,2026-09-30,staging/supabase_audio_dataset/Madakmul yang abol.WAV,2c46da1e02502614f910b574d69b34b1d54d1f318cd751bed525cf6f1ce764b2,,from archive 96741bfc-dataset.zip
audio,dataset/Madyaw.WAV,Madyaw.WAV,147534,audio/wav,2026-09-30T10:17:20,2026-09-30,staging/supabase_audio_dataset/Madyaw.WAV,5aced0554ca584b38d6eeaff8277bf9b306e246bd7a86edb37d637f5982d064c,,from archive 96741bfc-dataset.zip
audio,dataset/Magasogbo.WAV,Magasogbo.WAV,147534,audio/wav,2026-09-30T10:17:20,2026-09-30,staging/supabase_audio_dataset/Magasogbo.WAV,bc1bc357c88bf1c3bbffd8fc9245f07f86e237a659c3bbe76415ac8bf647ce6e,,from archive 96741bfc-dataset.zip
audio,dataset/Makaan Da kita.WAV,Makaan Da kita.WAV,200782,audio/wav,2026-09-30T10:17:20,2026-09-30,staging/supabase_audio_dataset/Makaan Da kita.WAV,27a096a8fe027eaaa46e037355382aca17f75b0ea9196e59c95ead0821bf7bec,,from archive 96741bfc-dataset.zip
audio,dataset/Nana yang kammo tuod.WAV,Nana yang kammo tuod.WAV,315470,audio/wav,2026-09-30T10:17:20,2026-09-30,staging/supabase_audio_dataset/Nana yang kammo tuod.WAV,07181c16e104de6dfc369d414bf9212a43950b5d86e757c15e30de6d837df6be,,from archive 96741bfc-dataset.zip
audio,dataset/Nanang iyambong mo.WAV,Nanang iyambong mo.WAV,225358,audio/wav,2026-09-30T10:17:20,2026-09-30,staging/supabase_audio_dataset/Nanang iyambong mo.WAV,bdf3cd668e030b4ac3458710df93d575a55e8692be981c86c1faf3a2e582d8c4,,from archive 96741bfc-dataset.zip
audio,dataset/Pagarungan.WAV,Pagarungan.WAV,155726,audio/wav,2026-09-30T10:17:20,2026-09-30,staging/supabase_audio_dataset/Pagarungan.WAV,5c420b7b79c26a15af85d65cd3d4f40fd02e0208ffd6109383b88eb320afb119,,from archive 96741bfc-dataset.zip
audio,dataset/Pangiyakan Ta.WAV,Pangiyakan Ta.WAV,200782,audio/wav,2026-09-30T10:17:20,2026-09-30,staging/supabase_audio_dataset/Pangiyakan Ta.WAV,6d2008b2a88c5df194916b7bc3718bd2b0784a32128074696601b3b46a5a257e,,from archive 96741bfc-dataset.zip
audio,dataset/Paroda.WAV,Paroda.WAV,118862,audio/wav,2026-09-30T10:17:20,2026-09-30,staging/supabase_audio_dataset/Paroda.WAV,64cc499b8b9db0c5f48f4235c472bdcdc3db99ebc3fcdc51d4ab0dc7f9f383f5,,from archive 96741bfc-dataset.zip
audio,dataset/Sapi.WAV,Sapi.WAV,127054,audio/wav,2026-09-30T10:17:20,2026-09-30,staging/supabase_audio_dataset/Sapi.WAV,56284cda216d983abce98fc916a3afd4dc8f5fa2f812da7a01cc94ead4572841,,from archive 96741bfc-dataset.zip
audio,dataset/Usug.WAV,Usug.WAV,118862,audio/wav,2026-09-30T10:17:20,2026-09-30,staging/supabase_audio_dataset/Usug.WAV,5a252b8e5d83e350271d421a505216eb10518ab50820500b8a04f6615531ed02,,from archive 96741bfc-dataset.zip
audio,dataset/Wara ako akurutuy.WAV,Wara ako akurutuy.WAV,274510,audio/wav,2026-09-30T10:17:20,2026-09-30,staging/supabase_audio_dataset/Wara ako akurutuy.WAV,ce18861b9ce64ed8bcd993f42c7ebdb0fd4742e59d7c64a9fe3961227690f07f,,from archive 96741bfc-dataset.zip
audio,dataset/Wara ko akaani yang pinggan.WAV,Wara ko akaani yang pinggan.WAV,335950,audio/wav,2026-09-30T10:17:20,2026-09-30,staging/supabase_audio_dataset/Wara ko akaani yang pinggan.WAV,1a5b26d0c57001b0718f640b8014f85a4c0931afc303a3e9141c4beb1c076f82,,from archive 96741bfc-dataset.zip
audio,dataset/Yaabay ko kamangun(1).WAV,Yaabay ko kamangun(1).WAV,249934,audio/wav,2026-09-30T10:17:20,2026-09-30,staging/supabase_audio_dataset/Yaabay ko kamangun(1).WAV,747e8dbce93913b283364f64ca7b82776448f2cf84ba1c99439a4944e6e13954,,from archive 96741bfc-dataset.zip
audio,dataset/Yaabay ko kamangun.WAV,Yaabay ko kamangun.WAV,225358,audio/wav,2026-09-30T10:17:20,2026-09-30,staging/supabase_audio_dataset/Yaabay ko kamangun.WAV,72bdb75db31bb0bdf72935ed7b07d58c82fe43b59946dd71c1c3a3445764c1f8,,from archive 96741bfc-dataset.zip
audio,dataset/Yaga-agung ako na yaturog.WAV,Yaga-agung ako na yaturog.WAV,356430,audio/wav,2026-09-30T10:17:20,2026-09-30,staging/supabase_audio_dataset/Yaga-agung ako na yaturog.WAV,63b02864b8f6491c50bf321581a9701fdd16b1cadb71238768afbdf7e782dabc,,from archive 96741bfc-dataset.zip
audio,dataset/Yaginurom Da kaw.WAV,Yaginurom Da kaw.WAV,208974,audio/wav,2026-09-30T10:17:20,2026-09-30,staging/supabase_audio_dataset/Yaginurom Da kaw.WAV,aa1f5d53de0c9f45533102ad738096ed95def2c9f3bcba1360219418435ec3b9,,from archive 96741bfc-dataset.zip
audio,dataset/Yanag-aruk yang mangaysu(1).WAV,Yanag-aruk yang mangaysu(1).WAV,249934,audio/wav,2026-09-30T10:17:20,2026-09-30,staging/supabase_audio_dataset/Yanag-aruk yang mangaysu(1).WAV,1c32f539103a0fbe64940012d6add3c23230dcc4866d4587037d31f9d7e9852f,,from archive 96741bfc-dataset.zip
audio,dataset/Yanag-aruk yang mangaysu.WAV,Yanag-aruk yang mangaysu.WAV,274510,audio/wav,2026-09-30T10:17:20,2026-09-30,staging/supabase_audio_dataset/Yanag-aruk yang mangaysu.WAV,3cbeb9291e2240720042d2ee5f54b4cd97fcef23b4d4e2bc6187679735a469d6,,from archive 96741bfc-dataset.zip
audio,dataset/agtura tura ng ugbos .WAV,agtura tura ng ugbos .WAV,331854,audio/wav,2026-09-30T10:17:18,2026-09-30,staging/supabase_audio_dataset/agtura tura ng ugbos .WAV,90c59afc79552574f6e2d2bb88e939d3bb957e2913e919b2894dc2bc8e29e354,,from archive 96741bfc-dataset.zip
audio,dataset/ama.WAV,ama.WAV,118862,audio/wav,2026-09-30T10:17:18,2026-09-30,staging/supabase_audio_dataset/ama.WAV,ac93510872965a1cf4bcd20a71078d0e6be59e124f59c1beb3fb53ac6140b659,,from archive 96741bfc-dataset.zip
audio,dataset/amanting.WAV,amanting.WAV,172110,audio/wav,2026-09-30T10:17:18,2026-09-30,staging/supabase_audio_dataset/amanting.WAV,40cbf81f0e61255ea8b74d1d1d7af793f6827b9adde9814dfb40216885aca8d4,,from archive 96741bfc-dataset.zip
audio,dataset/arayon.WAV,arayon.WAV,168014,audio/wav,2026-09-30T10:17:18,2026-09-30,staging/supabase_audio_dataset/arayon.WAV,68fa0eeeebef396ee7a4bf19d8e6731428453fed52172b45b3da8b081953cab3,,from archive 96741bfc-dataset.zip
audio,dataset/baboo.WAV,baboo.WAV,106574,audio/wav,2026-09-30T10:17:18,2026-09-30,staging/supabase_audio_dataset/baboo.WAV,a9312190c0400d91c27b0cb267a65dd7ed38186aad9afa612ccebc8ba1b95e45,,from archive 96741bfc-dataset.zip
audio,dataset/bapa.WAV,bapa.WAV,180302,audio/wav,2026-09-30T10:17:18,2026-09-30,staging/supabase_audio_dataset/bapa.WAV,d22adf1d796f90b31f81fc32161c41fa98cced337aaa22a978d1122e280e09f5,,from archive 96741bfc-dataset.zip
audio,dataset/batad.WAV,batad.WAV,118862,audio/wav,2026-09-30T10:17:18,2026-09-30,staging/supabase_audio_dataset/batad.WAV,cb1e97e1101daf589809efd3565a4107adb501fa7b1932883d51583e3954df05,,from archive 96741bfc-dataset.zip
audio,dataset/dako ra yang bilas mo .WAV,dako ra yang bilas mo .WAV,278606,audio/wav,2026-09-30T10:17:18,2026-09-30,staging/supabase_audio_dataset/dako ra yang bilas mo .WAV,92611a8757c5925d61c22c3351264091b8185ad5c59b97205c0948b8535311b5,,from archive 96741bfc-dataset.zip
audio,dataset/dakurat.WAV,dakurat.WAV,143438,audio/wav,2026-09-30T10:17:18,2026-09-30,staging/supabase_audio_dataset/dakurat.WAV,6a0633f139c1e88a3ab3274a4e5de66699d7c5153ef503877c807ece6f05e063,,from archive 96741bfc-dataset.zip
audio,dataset/duor.WAV,duor.WAV,172110,audio/wav,2026-09-30T10:17:18,2026-09-30,staging/supabase_audio_dataset/duor.WAV,78c4c423f88e7a1d60a1d19a954bee6f3aaedeed21097d88854afba11ea001dc,,from archive 96741bfc-dataset.zip
audio,dataset/duwambuok(1).WAV,duwambuok(1).WAV,254030,audio/wav,2026-09-30T10:17:18,2026-09-30,staging/supabase_audio_dataset/duwambuok(1).WAV,509747c4c42424ef41591fa5620793bb5e3f49f63c0e378d8113aa09276f1348,,from archive 96741bfc-dataset.zip
audio,dataset/duwambuok.WAV,duwambuok.WAV,143438,audio/wav,2026-09-30T10:17:18,2026-09-30,staging/supabase_audio_dataset/duwambuok.WAV,3d5b7afea1c04ba02a2ee398982e1be694eb18f3fbab798e1d910181baf121b0,,from archive 96741bfc-dataset.zip
audio,dataset/gaakbu ako disang bintana.WAV,gaakbu ako disang bintana.WAV,491598,audio/wav,2026-09-30T10:17:18,2026-09-30,staging/supabase_audio_dataset/gaakbu ako disang bintana.WAV,7a98fc076ccdd1c05779b364fbfdc8233dd770023889e8589ee2383e71fd4ed7,,from archive 96741bfc-dataset.zip
audio,dataset/gauma.WAV,gauma.WAV,131150,audio/wav,2026-09-30T10:17:18,2026-09-30,staging/supabase_audio_dataset/gauma.WAV,57b7346dbd9e2cefa0bffd4fcb3c098ad2f4b3df8cb0d42126cc98a234df9067,,from archive 96741bfc-dataset.zip
audio,dataset/gyaring.WAV,gyaring.WAV,180302,audio/wav,2026-09-30T10:17:18,2026-09-30,staging/supabase_audio_dataset/gyaring.WAV,403ed73f04eb35d021d46448b1972dba8f693ad1838a2590ac86b0d927ce6326,,from archive 96741bfc-dataset.zip
audio,dataset/ina.WAV,ina.WAV,127054,audio/wav,2026-09-30T10:17:18,2026-09-30,staging/supabase_audio_dataset/ina.WAV,ab5e3d95c2e06dc3929960f4be5f0ae986858e14b0da173be802cbfe144c1a59,,from archive 96741bfc-dataset.zip
audio,dataset/isa.WAV,isa.WAV,118862,audio/wav,2026-09-30T10:17:18,2026-09-30,staging/supabase_audio_dataset/isa.WAV,91a91294fa9af64280963582f0b2c045a0bcc18076b8ec25d51bb44ff3941f22,,from archive 96741bfc-dataset.zip
audio,dataset/isu.WAV,isu.WAV,114766,audio/wav,2026-09-30T10:17:18,2026-09-30,staging/supabase_audio_dataset/isu.WAV,f84ed655a8d1a2ff7205a0e6e7c79af1e52d22b6a7d4277bbc4d2055fbd7374d,,from archive 96741bfc-dataset.zip
audio,dataset/kamanggud.WAV,kamanggud.WAV,168014,audio/wav,2026-09-30T10:17:18,2026-09-30,staging/supabase_audio_dataset/kamanggud.WAV,7994ab1898e5fafd7c384adbf3be5074fd765210bed79ec04f019192822b3a60,,from archive 96741bfc-dataset.zip
audio,dataset/karapi.WAV,karapi.WAV,159822,audio/wav,2026-09-30T10:17:18,2026-09-30,staging/supabase_audio_dataset/karapi.WAV,84282bc978210e18bb17ea9e77d3f1d8d9085d3fc31432e9471a23e7b4269a7f,,from archive 96741bfc-dataset.zip
audio,dataset/katumbar.WAV,katumbar.WAV,127054,audio/wav,2026-09-30T10:17:18,2026-09-30,staging/supabase_audio_dataset/katumbar.WAV,99f53a21e064598ab9d21d80005ec1efaa6c40b75e260ea0bf3b884ce4cdedd8,,from archive 96741bfc-dataset.zip
audio,dataset/kimod.WAV,kimod.WAV,155726,audio/wav,2026-09-30T10:17:18,2026-09-30,staging/supabase_audio_dataset/kimod.WAV,dd1c49ee32e5db3155ca6de574c9eb49a1621c9a7231adda7ee6c787bbf97f9e,,from archive 96741bfc-dataset.zip
audio,dataset/kinuraw muuri.WAV,kinuraw muuri.WAV,196686,audio/wav,2026-09-30T10:17:18,2026-09-30,staging/supabase_audio_dataset/kinuraw muuri.WAV,772f94209fa7501c1a399b0c357744cc6c8337835e156acd96f691fc1a8b40fd,,from archive 96741bfc-dataset.zip
audio,dataset/kyumaan da kamo.WAV,kyumaan da kamo.WAV,208974,audio/wav,2026-09-30T10:17:18,2026-09-30,staging/supabase_audio_dataset/kyumaan da kamo.WAV,64c24139c91e820a84fa6a09b13338f90e739ec35fb5e6cfed08e62e418076ab,,from archive 96741bfc-dataset.zip
audio,dataset/lima.WAV,lima.WAV,118862,audio/wav,2026-09-30T10:17:20,2026-09-30,staging/supabase_audio_dataset/lima.WAV,34c5f01852560186d69bc4ebaaf6ef4ba905327574521b8eed381fa4c45f3c74,,from archive 96741bfc-dataset.zip
audio,dataset/lumon na bobay.WAV,lumon na bobay.WAV,213070,audio/wav,2026-09-30T10:17:20,2026-09-30,staging/supabase_audio_dataset/lumon na bobay.WAV,689168bce8220c835eee046f27e31c5eb09b5b93c6cadb32672574563fdbca45,,from archive 96741bfc-dataset.zip
audio,dataset/lumon na usug.WAV,lumon na usug.WAV,200782,audio/wav,2026-09-30T10:17:20,2026-09-30,staging/supabase_audio_dataset/lumon na usug.WAV,bdb6890af9b3b31116e62adfe7cb69f0d75699af3f6a31cce8f62ad64a3fe162,,from archive 96741bfc-dataset.zip
audio,dataset/lutya.WAV,lutya.WAV,139342,audio/wav,2026-09-30T10:17:20,2026-09-30,staging/supabase_audio_dataset/lutya.WAV,c2d8c1d32dc1c0791308741c7f2a393ae1539bb698019be8982a40a1d7842a51,,from archive 96741bfc-dataset.zip
audio,dataset/lyurot.WAV,lyurot.WAV,131150,audio/wav,2026-09-30T10:17:20,2026-09-30,staging/supabase_audio_dataset/lyurot.WAV,f9d25af6551714844f5d5a04d6e1933f4e78a689e6f04b23f6f47fad86f69d0f,,from archive 96741bfc-dataset.zip
audio,dataset/maanog.WAV,maanog.WAV,139342,audio/wav,2026-09-30T10:17:20,2026-09-30,staging/supabase_audio_dataset/maanog.WAV,7c199c61fb2c88c1c7e20539fa3d1b3d951871016f9c8bcc47ab213739c7b910,,from archive 96741bfc-dataset.zip
audio,dataset/madayaw.WAV,madayaw.WAV,147534,audio/wav,2026-09-30T10:17:20,2026-09-30,staging/supabase_audio_dataset/madayaw.WAV,024aa2820649479dff3c80ef6b03ff33abd204e3e258dbd76969194a5ae864f6,,from archive 96741bfc-dataset.zip
audio,dataset/madyaw na allaw.WAV,madyaw na allaw.WAV,249934,audio/wav,2026-09-30T10:17:20,2026-09-30,staging/supabase_audio_dataset/madyaw na allaw.WAV,423c43279fb22d5c6a345e87a43f40fee275401274e06ce5077610925699cfed,,from archive 96741bfc-dataset.zip
audio,dataset/madyaw na gabi.WAV,madyaw na gabi.WAV,221262,audio/wav,2026-09-30T10:17:20,2026-09-30,staging/supabase_audio_dataset/madyaw na gabi.WAV,2c8a5efac231e45d85b4c47c37a87107c5a8b4df2ea078dbb51bcdb97ab42145,,from archive 96741bfc-dataset.zip
audio,dataset/madyaw na gabila(1).WAV,madyaw na gabila(1).WAV,225358,audio/wav,2026-09-30T10:17:20,2026-09-30,staging/supabase_audio_dataset/madyaw na gabila(1).WAV,dfe66507e7f7e6fd992377e36311818328ca747257abb4efaf1f99b11c8757cb,,from archive 96741bfc-dataset.zip
audio,dataset/madyaw na gabila.WAV,madyaw na gabila.WAV,229454,audio/wav,2026-09-30T10:17:20,2026-09-30,staging/supabase_audio_dataset/madyaw na gabila.WAV,9c44d0978bb0183c655a7675bec1a6af91c62f76e9bde0089e33130bd64cc833,,from archive 96741bfc-dataset.zip
audio,dataset/madyaw na masurom kariko.WAV,madyaw na masurom kariko.WAV,368718,audio/wav,2026-09-30T10:17:20,2026-09-30,staging/supabase_audio_dataset/madyaw na masurom kariko.WAV,330f91275e4bcf9d6875708910a4f924b24bd7ee34ee9fd3fab51db08c216c4d,,from archive 96741bfc-dataset.zip
audio,dataset/madyaw na masurom(1).WAV,madyaw na masurom(1).WAV,221262,audio/wav,2026-09-30T10:17:20,2026-09-30,staging/supabase_audio_dataset/madyaw na masurom(1).WAV,b4a56dd4cd2d1894e13300fd109d5110d63416890bcb342676f5fffbdd318aa9,,from archive 96741bfc-dataset.zip
audio,dataset/madyaw na masurom(2).WAV,madyaw na masurom(2).WAV,221262,audio/wav,2026-09-30T10:17:20,2026-09-30,staging/supabase_audio_dataset/madyaw na masurom(2).WAV,c591c4456e3fdaa137723cda3782a01ba432ba8a78b0b3c333f6fc9265312f4e,,from archive 96741bfc-dataset.zip
audio,dataset/madyaw na masurom(3).WAV,madyaw na masurom(3).WAV,241742,audio/wav,2026-09-30T10:17:20,2026-09-30,staging/supabase_audio_dataset/madyaw na masurom(3).WAV,ed7af6fb3b0cb2a080c0c8649e76f46156a8c1edb5de746118dd177b957a71d3,,from archive 96741bfc-dataset.zip
audio,dataset/madyaw na masurom.WAV,madyaw na masurom.WAV,249934,audio/wav,2026-09-30T10:17:20,2026-09-30,staging/supabase_audio_dataset/madyaw na masurom.WAV,07cade712969ee589e22c837ee06776ede95621c39194d30772965ec177b2938,,from archive 96741bfc-dataset.zip
audio,dataset/magsandayong pa ko atong tubod.WAV,magsandayong pa ko atong tubod.WAV,344142,audio/wav,2026-09-30T10:17:20,2026-09-30,staging/supabase_audio_dataset/magsandayong pa ko atong tubod.WAV,1d7c8d4fff802bf798314cd8ad9d77a99f106b5d088111ef256fd1c96acb3dac,,from archive 96741bfc-dataset.zip
audio,dataset/makagwas.WAV,makagwas.WAV,184398,audio/wav,2026-09-30T10:17:20,2026-09-30,staging/supabase_audio_dataset/makagwas.WAV,c5224c6065714ba2850c9eee6d129089e72158e892ace452e7b1cee8c7b83436,,from archive 96741bfc-dataset.zip
audio,dataset/makator yang ulo ko.WAV,makator yang ulo ko.WAV,237646,audio/wav,2026-09-30T10:17:20,2026-09-30,staging/supabase_audio_dataset/makator yang ulo ko.WAV,0ed0839184414195afc01e76fe426bc2126012b72ff6e7dbc8a5805e68e28a5a,,from archive 96741bfc-dataset.zip
audio,dataset/mangud(1).WAV,mangud(1).WAV,139342,audio/wav,2026-09-30T10:17:20,2026-09-30,staging/supabase_audio_dataset/mangud(1).WAV,2f43d4d01678db3b507015bc9ca9880a8fba140af5bb774b038765e0e615dd0f,,from archive 96741bfc-dataset.zip
audio,dataset/mangud.WAV,mangud.WAV,172110,audio/wav,2026-09-30T10:17:20,2026-09-30,staging/supabase_audio_dataset/mangud.WAV,e24eac8fa70ecbcd2bc856ca6dcc8f2121ee68c76b455e4c66f5559865fb03c0,,from archive 96741bfc-dataset.zip
audio,dataset/maparaat.WAV,maparaat.WAV,147534,audio/wav,2026-09-30T10:17:20,2026-09-30,staging/supabase_audio_dataset/maparaat.WAV,031df9353e89f6b5fe9f9ff793c6664e8f874d974457765588592573b9a266fa,,from archive 96741bfc-dataset.zip
audio,dataset/marutuy.WAV,marutuy.WAV,180302,audio/wav,2026-09-30T10:17:20,2026-09-30,staging/supabase_audio_dataset/marutuy.WAV,60cbcc90115483bbbf9f8783caa3fcc544d42f77475aaf0f823d2422a2e20f54,,from archive 96741bfc-dataset.zip
audio,dataset/mataba.WAV,mataba.WAV,114766,audio/wav,2026-09-30T10:17:20,2026-09-30,staging/supabase_audio_dataset/mataba.WAV,afd08071d96c837c9a301566b68eb7a8a0eca90c92ac5922ef9de46d4ed500c7,,from archive 96741bfc-dataset.zip
audio,dataset/na naan.WAV,na naan.WAV,172110,audio/wav,2026-09-30T10:17:20,2026-09-30,staging/supabase_audio_dataset/na naan.WAV,3527d0a4bce97b050a74023a27ee39df68b8266d74093378f212cda5c0bd75c4,,from archive 96741bfc-dataset.zip
audio,dataset/nanang gawbok.WAV,nanang gawbok.WAV,188494,audio/wav,2026-09-30T10:17:20,2026-09-30,staging/supabase_audio_dataset/nanang gawbok.WAV,b852e6ecf25c0c48c0d1ddb29a90c3737b022391f1a39d460399c9dd630bcc7f,,from archive 96741bfc-dataset.zip
audio,dataset/nanang tuod parandong.WAV,nanang tuod parandong.WAV,397390,audio/wav,2026-09-30T10:17:20,2026-09-30,staging/supabase_audio_dataset/nanang tuod parandong.WAV,d62441a9e77ec0fd81b81160fe847572442af01e15d5c4f852b59d1f40271965,,from archive 96741bfc-dataset.zip
audio,dataset/nanang uram mayo(1).WAV,nanang uram mayo(1).WAV,188494,audio/wav,2026-09-30T10:17:20,2026-09-30,staging/supabase_audio_dataset/nanang uram mayo(1).WAV,9738eaf020a876363b07c747c5b71c5b0d8ae035931f1683b82599be9e9ce8c1,,from archive 96741bfc-dataset.zip
audio,dataset/nanang uram mayo.WAV,nanang uram mayo.WAV,200782,audio/wav,2026-09-30T10:17:20,2026-09-30,staging/supabase_audio_dataset/nanang uram mayo.WAV,1165f0c327f0832c394da0ce3675357b513dafb0b651b241127c0618114ac5b0,,from archive 96741bfc-dataset.zip
audio,dataset/nangakaw.WAV,nangakaw.WAV,180302,audio/wav,2026-09-30T10:17:20,2026-09-30,staging/supabase_audio_dataset/nangakaw.WAV,644bceaaf8a3553dc29981c35f13cb81f70cbd630a0a6be40efe4129f39f1590,,from archive 96741bfc-dataset.zip
audio,dataset/nangamang pak ng kayamas.WAV,nangamang pak ng kayamas.WAV,409678,audio/wav,2026-09-30T10:17:20,2026-09-30,staging/supabase_audio_dataset/nangamang pak ng kayamas.WAV,2e2145c24917fd3cfdfc72b0fc6e5cd7fc91381ba2c69c4f8ab3816b049f1d0c,,from archive 96741bfc-dataset.zip
audio,dataset/niyanluluto ng ina mo .WAV,niyanluluto ng ina mo .WAV,331854,audio/wav,2026-09-30T10:17:20,2026-09-30,staging/supabase_audio_dataset/niyanluluto ng ina mo .WAV,d0be003563e396de8e281ebc140e2209e7209e66cea99f5d76872b660afe0dee,,from archive 96741bfc-dataset.zip
audio,dataset/pagarungan(1).WAV,pagarungan(1).WAV,213070,audio/wav,2026-09-30T10:17:20,2026-09-30,staging/supabase_audio_dataset/pagarungan(1).WAV,3223233f487c60c144f1349b8829864088fb10e912b13b7b872ce67fb742c8f5,,from archive 96741bfc-dataset.zip
audio,dataset/pagsugbo.WAV,pagsugbo.WAV,172110,audio/wav,2026-09-30T10:17:20,2026-09-30,staging/supabase_audio_dataset/pagsugbo.WAV,148f00eddf038ea8043fd1c4d87fbef03f7070a70ca8748d9bb4cc3543abcf67,,from archive 96741bfc-dataset.zip
audio,dataset/pakal.WAV,pakal.WAV,159822,audio/wav,2026-09-30T10:17:20,2026-09-30,staging/supabase_audio_dataset/pakal.WAV,64d822b6a2708050bd3c96c1e2cfd3fd91e5b437497df0e31067744780c6df5f,,from archive 96741bfc-dataset.zip
audio,dataset/paroda(1).WAV,paroda(1).WAV,102478,audio/wav,2026-09-30T10:17:20,2026-09-30,staging/supabase_audio_dataset/paroda(1).WAV,497d6a37cd3d24664ae871402706e85966e8bc20ac5dc4f8c0c8d1d68b469a84,,from archive 96741bfc-dataset.zip
audio,dataset/pasaylowak doon.WAV,pasaylowak doon.WAV,221262,audio/wav,2026-09-30T10:17:20,2026-09-30,staging/supabase_audio_dataset/pasaylowak doon.WAV,0b02522cbc68ae45aa2d893f7d53058a3710adfcf088e252a73c9dbbb4769762,,from archive 96741bfc-dataset.zip
audio,dataset/pasayluwak doon.WAV,pasayluwak doon.WAV,221262,audio/wav,2026-09-30T10:17:20,2026-09-30,staging/supabase_audio_dataset/pasayluwak doon.WAV,a025e9880750e97d2b4fc7827bb010c7ef3eef495b0a5be4126b1b53562083b6,,from archive 96741bfc-dataset.zip
audio,dataset/pito.WAV,pito.WAV,94286,audio/wav,2026-09-30T10:17:20,2026-09-30,staging/supabase_audio_dataset/pito.WAV,16288432a5d23873b83eeb277ff02656d7d279a86a188bed258bf5824b277226,,from archive 96741bfc-dataset.zip
audio,dataset/sampuro.WAV,sampuro.WAV,168014,audio/wav,2026-09-30T10:17:20,2026-09-30,staging/supabase_audio_dataset/sampuro.WAV,e02ddefc0dcddf8c70ad28a197207d19f6c35e1bd7812433c6dab10a365de156,,from archive 96741bfc-dataset.zip
audio,dataset/sandok.WAV,sandok.WAV,147534,audio/wav,2026-09-30T10:17:20,2026-09-30,staging/supabase_audio_dataset/sandok.WAV,fb264ceea813d340dde6910623d1454cbd03f63e440c7437aa155c96d9b57b9a,,from archive 96741bfc-dataset.zip
audio,dataset/sang kanlaw.WAV,sang kanlaw.WAV,221262,audio/wav,2026-09-30T10:17:20,2026-09-30,staging/supabase_audio_dataset/sang kanlaw.WAV,74f972c25093bb75a52874b959ccd19b2c3daddbfef2cbd04ea2187b86d376f2,,from archive 96741bfc-dataset.zip
audio,dataset/saramat.WAV,saramat.WAV,159822,audio/wav,2026-09-30T10:17:20,2026-09-30,staging/supabase_audio_dataset/saramat.WAV,ee8d9e0e4ce3da053c303147a756696bac69c84d0fc9e2725998cabe15fe062d,,from archive 96741bfc-dataset.zip
audio,dataset/sining bapa mo(1).WAV,sining bapa mo(1).WAV,229454,audio/wav,2026-09-30T10:17:20,2026-09-30,staging/supabase_audio_dataset/sining bapa mo(1).WAV,e74a42aedf466afb1016522d88807850b3fe27b67ff21f9f219506c9eadd4ea9,,from archive 96741bfc-dataset.zip
audio,dataset/sining bapa mo.WAV,sining bapa mo.WAV,229454,audio/wav,2026-09-30T10:17:20,2026-09-30,staging/supabase_audio_dataset/sining bapa mo.WAV,34865a2c1e9a84b667d9abb3d25617dd3868e1a3095461945cea0e4e5c161755,,from archive 96741bfc-dataset.zip
audio,dataset/sining gadiyaga kanmo.WAV,sining gadiyaga kanmo.WAV,307278,audio/wav,2026-09-30T10:17:20,2026-09-30,staging/supabase_audio_dataset/sining gadiyaga kanmo.WAV,2fc7e8a5d2c4b9e3131d2dd861262ce961d7cb6d71ceaf608a6bf1227b4c97a6,,from archive 96741bfc-dataset.zip
audio,dataset/siyam.WAV,siyam.WAV,147534,audio/wav,2026-09-30T10:17:20,2026-09-30,staging/supabase_audio_dataset/siyam.WAV,6e484c885ae2fefe2a1380aa558f2477bb68b9ed74485d9ffb3514d8367cbbec,,from archive 96741bfc-dataset.zip
audio,dataset/tabi di saan.WAV,tabi di saan.WAV,221262,audio/wav,2026-09-30T10:17:20,2026-09-30,staging/supabase_audio_dataset/tabi di saan.WAV,e19719cfccf139755d788b27722b8fbc4fb4bcb6f8988543c84e1d1249dc1e22,,from archive 96741bfc-dataset.zip
audio,dataset/tabi kanmo.WAV,tabi kanmo.WAV,188494,audio/wav,2026-09-30T10:17:20,2026-09-30,staging/supabase_audio_dataset/tabi kanmo.WAV,aeff91ec07517593ac8486576e32c4759699a30bfbc7381647581552031de051,,from archive 96741bfc-dataset.zip
audio,dataset/tabidak.WAV,tabidak.WAV,143438,audio/wav,2026-09-30T10:17:20,2026-09-30,staging/supabase_audio_dataset/tabidak.WAV,3c7095f300ad9b85cbdbbc29eb0c6073b0cac7601dd51aea13a5095b028b3eb8,,from archive 96741bfc-dataset.zip
audio,dataset/turo(1).WAV,turo(1).WAV,184398,audio/wav,2026-09-30T10:17:20,2026-09-30,staging/supabase_audio_dataset/turo(1).WAV,6f75cc9051a8906681818dd80a299792487352dcc0f5df09df054a575a61a834,,from archive 96741bfc-dataset.zip
audio,dataset/turo.WAV,turo.WAV,127054,audio/wav,2026-09-30T10:17:20,2026-09-30,staging/supabase_audio_dataset/turo.WAV,98fdec3c025c59bf3c1033aea01f96d5a1f24a7cbe361a01012fa59f9ff03cbb,,from archive 96741bfc-dataset.zip
audio,dataset/ulloy.WAV,ulloy.WAV,131150,audio/wav,2026-09-30T10:17:20,2026-09-30,staging/supabase_audio_dataset/ulloy.WAV,e9f7b5065b42d8870e044d1f434bbe238930153a489688214363215e34bc77fa,,from archive 96741bfc-dataset.zip
audio,dataset/umpo na bobay.WAV,umpo na bobay.WAV,159822,audio/wav,2026-09-30T10:17:20,2026-09-30,staging/supabase_audio_dataset/umpo na bobay.WAV,ec33ade42510a502d07ef70545b0a92bce07ea9c5efb0fd39cb79f640d682d3a,,from archive 96741bfc-dataset.zip
audio,dataset/umpu na usug.WAV,umpu na usug.WAV,184398,audio/wav,2026-09-30T10:17:20,2026-09-30,staging/supabase_audio_dataset/umpu na usug.WAV,ae263039b4fd2945163d4400b7eaa73246f1ab4694ea63e76edf0e2bd4d3b25a,,from archive 96741bfc-dataset.zip
audio,dataset/unom.WAV,unom.WAV,94286,audio/wav,2026-09-30T10:17:20,2026-09-30,staging/supabase_audio_dataset/unom.WAV,6961a10f7cca9870c6ad80604cf81240044e0bbcc58f60c6651ab1217a83da77,,from archive 96741bfc-dataset.zip
audio,dataset/upat(1).WAV,upat(1).WAV,94286,audio/wav,2026-09-30T10:17:20,2026-09-30,staging/supabase_audio_dataset/upat(1).WAV,7248133322f1e0e75dfc373f581f63403d28d0b5caec8fd75bc1d83fed49f61c,,from archive 96741bfc-dataset.zip
audio,dataset/upat(2).WAV,upat(2).WAV,159822,audio/wav,2026-09-30T10:17:20,2026-09-30,staging/supabase_audio_dataset/upat(2).WAV,a5e950826e7310d96f0abf24daebed36f5fba32bd9f0ffcb1a4f183b8680ce57,,from archive 96741bfc-dataset.zip
audio,dataset/upat.WAV,upat.WAV,127054,audio/wav,2026-09-30T10:17:20,2026-09-30,staging/supabase_audio_dataset/upat.WAV,72ec9246663d3801c82005878db1ffd50c37b50bc51f9e6fb62f32a5c1c04b4f,,from archive 96741bfc-dataset.zip
audio,dataset/waro.WAV,waro.WAV,143438,audio/wav,2026-09-30T10:17:20,2026-09-30,staging/supabase_audio_dataset/waro.WAV,b31ae0b9c969b13f9a67084899851188a466f435211f180dc1652e3cd6cd17ab,,from archive 96741bfc-dataset.zip
audio,dataset/yadaragan.WAV,yadaragan.WAV,159822,audio/wav,2026-09-30T10:17:20,2026-09-30,staging/supabase_audio_dataset/yadaragan.WAV,c12da1b134517370224be7cae090168ca0c433358b6b3bed5c3c355160c1b3e1,,from archive 96741bfc-dataset.zip
audio,dataset/yagabasa.WAV,yagabasa.WAV,172110,audio/wav,2026-09-30T10:17:20,2026-09-30,staging/supabase_audio_dataset/yagabasa.WAV,7a6b505d8659eb5e66bff90143dcc8bfbeb41774a2d1fc652993d4708b35597c,,from archive 96741bfc-dataset.zip
audio,dataset/yagakanta.WAV,yagakanta.WAV,172110,audio/wav,2026-09-30T10:17:20,2026-09-30,staging/supabase_audio_dataset/yagakanta.WAV,0ec0d3f3c478e5ed8095facc2478dd7ed867c6b42910361593d6c4732962d8a8,,from archive 96741bfc-dataset.zip
audio,dataset/yagasagda.WAV,yagasagda.WAV,188494,audio/wav,2026-09-30T10:17:20,2026-09-30,staging/supabase_audio_dataset/yagasagda.WAV,ec3ed72a6661747c5f944afcb6c263eb0da5e2e6020cc803b41cd36ce6fca6cf,,from archive 96741bfc-dataset.zip
audio,dataset/yagasayaw.WAV,yagasayaw.WAV,180302,audio/wav,2026-09-30T10:17:20,2026-09-30,staging/supabase_audio_dataset/yagasayaw.WAV,f215d2709befa4b9bf8fa2769553c61c94546cd2497c07a981792cf78f442525,,from archive 96741bfc-dataset.zip
audio,dataset/yagasurat.WAV,yagasurat.WAV,155726,audio/wav,2026-09-30T10:17:20,2026-09-30,staging/supabase_audio_dataset/yagasurat.WAV,526b2c125fd611b43079261037f6a476fce4de72d77afe73427120a98de0b4e5,,from archive 96741bfc-dataset.zip
audio,dataset/yagaugas.WAV,yagaugas.WAV,200782,audio/wav,2026-09-30T10:17:20,2026-09-30,staging/supabase_audio_dataset/yagaugas.WAV,f667b8bb938ac68473c7897b53309b27f967b5258b207d8787bd2eb35b982f4e,,from archive 96741bfc-dataset.zip
audio,dataset/yakaan.WAV,yakaan.WAV,118862,audio/wav,2026-09-30T10:17:20,2026-09-30,staging/supabase_audio_dataset/yakaan.WAV,43f067cea1aa5612455d85fa38f3cd34f39c941613517f71c116832cc27d7388,,from archive 96741bfc-dataset.zip
audio,dataset/yamadaman kaw kanak.WAV,yamadaman kaw kanak.WAV,249934,audio/wav,2026-09-30T10:17:20,2026-09-30,staging/supabase_audio_dataset/yamadaman kaw kanak.WAV,5208419ee0f9c12429f088f8b12ece5f4fd9aef8a536ff24a6549d6f5287699f,,from archive 96741bfc-dataset.zip
audio,dataset/yasagob kaw.WAV,yasagob kaw.WAV,184398,audio/wav,2026-09-30T10:17:20,2026-09-30,staging/supabase_audio_dataset/yasagob kaw.WAV,d11d5dee3a68788b395e6fe6068c7e283e8ac8982b699f805ea6d2f0883df93d,,from archive 96741bfc-dataset.zip
audio,dataset/yasagub.WAV,yasagub.WAV,168014,audio/wav,2026-09-30T10:17:20,2026-09-30,staging/supabase_audio_dataset/yasagub.WAV,7589ab882f38785dc583a92b6f941ac17c15640112519d9cb369155f75d16958,,from archive 96741bfc-dataset.zip
audio,dataset/yulugpat.WAV,yulugpat.WAV,180302,audio/wav,2026-09-30T10:17:20,2026-09-30,staging/supabase_audio_dataset/yulugpat.WAV,cd8ce9b786e57cfd65e6eedf213ddfcc350145387fef169174cf5a787460d753,,from archive 96741bfc-dataset.zip
