object_name,source_storage_path,staged_path,file_size_bytes,sha256,container,codec,sample_rate_hz,channels,bit_depth,duration_sec,bitrate_kbps,readable,probe_tool,probe_notes,base_name,variant_suffix,variant_group_id,variant_group_size,sha256_duplicate_group,firestore_exact_term_match_ids,firestore_match_count,token_count,notes
Antik.WAV,dataset/Antik.WAV,staging/supabase_audio_dataset/Antik.WAV,139342,1b219700b02dea627d47485fb80b5c50eb82562fafae695cd7eb29dd976dfaa8,wave,pcm,44100,2,16,0.789,1411.2,true,mutagen,,antik,,VG004,1,,9wYfRCZDf3elrtSWzbe4,1,1,
Arabat.WAV,dataset/Arabat.WAV,staging/supabase_audio_dataset/Arabat.WAV,118862,e6d00af79a0d1745e1d13a5e623c42614b6ab2b8c26e3aaa7ae5d6341952e6bd,wave,pcm,44100,2,16,0.673,1411.2,true,mutagen,,arabat,,VG005,1,,YPqMHKvZT0jQTX8jNr1S,1,1,
Barangaw.WAV,dataset/Barangaw.WAV,staging/supabase_audio_dataset/Barangaw.WAV,147534,cdde9df7907e0bc555bb87b86156449aadb2b55e92e66c13d394c81f71b90e8a,wave,pcm,44100,2,16,0.836,1411.2,true,mutagen,,barangaw,,VG009,1,,c6CO9DECOzrPNuyLgKO2,1,1,
Bobay.WAV,dataset/Bobay.WAV,staging/supabase_audio_dataset/Bobay.WAV,139342,fac9ed91bedbe1bc6320bab7a868141239953c707242ea0bb38f0030a6c3c69c,wave,pcm,44100,2,16,0.789,1411.2,true,mutagen,,bobay,,VG011,1,,fry54dN7LhkUoDCBVnEh,1,1,
Bugsak.WAV,dataset/Bugsak.WAV,staging/supabase_audio_dataset/Bugsak.WAV,106574,d7947be7ae6c3a1b50ec14a0a2b1eea861add28e94fc853853314e6b92551f4f,wave,pcm,44100,2,16,0.604,1411.2,true,mutagen,,bugsak,,VG012,1,,0KEq4c3IEDne7WUkiADa,1,1,
Dagom.WAV,dataset/Dagom.WAV,staging/supabase_audio_dataset/Dagom.WAV,114766,547833a488ce84dfd5f78f43b9304466256bef781491ed95da019b522ed23ae8,wave,pcm,44100,2,16,0.65,1411.2,true,mutagen,,dagom,,VG013,1,,,0,1,
Diin kaw padlog.WAV,dataset/Diin kaw padlog.WAV,staging/supabase_audio_dataset/Diin kaw padlog.WAV,290894,277ee45e4948eb75279f52ca8f2bd70a5a3e036cfd65bf55e19039eab03b6aaa,wave,pcm,44100,2,16,1.649,1411.2,true,mutagen,,diin kaw padlog,,VG016,1,,,0,3,
Gaagod yang baboy .WAV,dataset/Gaagod yang baboy .WAV,staging/supabase_audio_dataset/Gaagod yang baboy .WAV,229454,b09e85da665e252bf0999b95f9e822f4a2ac6ee4a431d6bd1c72d46b1664aa55,wave,pcm,44100,2,16,1.3,1411.2,true,mutagen,,gaagod yang baboy,,VG019,1,,,0,3,
Ingkod.WAV,dataset/Ingkod.WAV,staging/supabase_audio_dataset/Ingkod.WAV,106574,7d52cafa4116c4e77f621d131a0f44873025785af7cf6ac0f99b8e41f7360efb,wave,pcm,44100,2,16,0.604,1411.2,true,mutagen,,ingkod,,VG024,1,,,0,1,
Kaana yang manok.WAV,dataset/Kaana yang manok.WAV,staging/supabase_audio_dataset/Kaana yang manok.WAV,221262,1fadf367a160faa54ad503afede1ed7b830c3e0732743c9b8df83da46b237ea5,wave,pcm,44100,2,16,1.254,1411.2,true,mutagen,,kaana yang manok,,VG027,1,,,0,3,
Kadyawan.WAV,dataset/Kadyawan.WAV,staging/supabase_audio_dataset/Kadyawan.WAV,106574,37b64eb6d9c56ebe1f086d4650376ff90e906dbd711a8b693d6f2e2de38f6ac8,wave,pcm,44100,2,16,0.604,1411.2,true,mutagen,,kadyawan,,VG028,1,,tPSO95ipLwxJQ4KhVJtj,1,1,
Larad.WAV,dataset/Larad.WAV,staging/supabase_audio_dataset/Larad.WAV,106574,4e69413ea5db00c2f115149a9e42c31920b64230e0b6d9ff10cb846c22f7ea15,wave,pcm,44100,2,16,0.604,1411.2,true,mutagen,,larad,,VG035,1,,,0,1,
Madaig.WAV,dataset/Madaig.WAV,staging/supabase_audio_dataset/Madaig.WAV,139342,bc8314eea0e3d27b5d20fe12285bd6f9cf280bd87f1925d4efa7de8d38b4d16f,wave,pcm,44100,2,16,0.789,1411.2,true,mutagen,,madaig,,VG042,1,,,0,1,
Madakmul yang abol.WAV,dataset/Madakmul yang abol.WAV,staging/supabase_audio_dataset/Madakmul yang abol.WAV,213070,2c46da1e02502614f910b574d69b34b1d54d1f318cd751bed525cf6f1ce764b2,wave,pcm,44100,2,16,1.207,1411.2,true,mutagen,,madakmul yang abol,,VG043,1,,,0,3,
Madyaw.WAV,dataset/Madyaw.WAV,staging/supabase_audio_dataset/Madyaw.WAV,147534,5aced0554ca584b38d6eeaff8277bf9b306e246bd7a86edb37d637f5982d064c,wave,pcm,44100,2,16,0.836,1411.2,true,mutagen,,madyaw,,VG045,1,,,0,1,
Magasogbo.WAV,dataset/Magasogbo.WAV,staging/supabase_audio_dataset/Magasogbo.WAV,147534,bc1bc357c88bf1c3bbffd8fc9245f07f86e237a659c3bbe76415ac8bf647ce6e,wave,pcm,44100,2,16,0.836,1411.2,true,mutagen,,magasogbo,,VG051,1,,,0,1,
Makaan Da kita.WAV,dataset/Makaan Da kita.WAV,staging/supabase_audio_dataset/Makaan Da kita.WAV,200782,27a096a8fe027eaaa46e037355382aca17f75b0ea9196e59c95ead0821bf7bec,wave,pcm,44100,2,16,1.138,1411.2,true,mutagen,,makaan da kita,,VG053,1,,,0,3,
Nana yang kammo tuod.WAV,dataset/Nana yang kammo tuod.WAV,staging/supabase_audio_dataset/Nana yang kammo tuod.WAV,315470,07181c16e104de6dfc369d414bf9212a43950b5d86e757c15e30de6d837df6be,wave,pcm,44100,2,16,1.788,1411.2,true,mutagen,,nana yang kammo tuod,,VG061,1,,,0,4,
Nanang iyambong mo.WAV,dataset/Nanang iyambong mo.WAV,staging/supabase_audio_dataset/Nanang iyambong mo.WAV,225358,bdf3cd668e030b4ac3458710df93d575a55e8692be981c86c1faf3a2e582d8c4,wave,pcm,44100,2,16,1.277,1411.2,true,mutagen,,nanang iyambong mo,,VG063,1,,,0,3,
Pagarungan.WAV,dataset/Pagarungan.WAV,staging/supabase_audio_dataset/Pagarungan.WAV,155726,5c420b7b79c26a15af85d65cd3d4f40fd02e0208ffd6109383b88eb320afb119,wave,pcm,44100,2,16,0.882,1411.2,true,mutagen,,pagarungan,,VG069,2,,,0,1,
Pangiyakan Ta.WAV,dataset/Pangiyakan Ta.WAV,staging/supabase_audio_dataset/Pangiyakan Ta.WAV,200782,6d2008b2a88c5df194916b7bc3718bd2b0784a32128074696601b3b46a5a257e,wave,pcm,44100,2,16,1.138,1411.2,true,mutagen,,pangiyakan ta,,VG072,1,,,0,2,
Paroda.WAV,dataset/Paroda.WAV,staging/supabase_audio_dataset/Paroda.WAV,118862,64cc499b8b9db0c5f48f4235c472bdcdc3db99ebc3fcdc51d4ab0dc7f9f383f5,wave,pcm,44100,2,16,0.673,1411.2,true,mutagen,,paroda,,VG073,2,,,0,1,
Sapi.WAV,dataset/Sapi.WAV,staging/supabase_audio_dataset/Sapi.WAV,127054,56284cda216d983abce98fc916a3afd4dc8f5fa2f812da7a01cc94ead4572841,wave,pcm,44100,2,16,0.72,1411.2,true,mutagen,,sapi,,VG080,1,,,0,1,
Usug.WAV,dataset/Usug.WAV,staging/supabase_audio_dataset/Usug.WAV,118862,5a252b8e5d83e350271d421a505216eb10518ab50820500b8a04f6615531ed02,wave,pcm,44100,2,16,0.673,1411.2,true,mutagen,,usug,,VG094,1,,,0,1,
Wara ako akurutuy.WAV,dataset/Wara ako akurutuy.WAV,staging/supabase_audio_dataset/Wara ako akurutuy.WAV,274510,ce18861b9ce64ed8bcd993f42c7ebdb0fd4742e59d7c64a9fe3961227690f07f,wave,pcm,44100,2,16,1.556,1411.2,true,mutagen,,wara ako akurutuy,,VG095,1,,,0,3,
Wara ko akaani yang pinggan.WAV,dataset/Wara ko akaani yang pinggan.WAV,staging/supabase_audio_dataset/Wara ko akaani yang pinggan.WAV,335950,1a5b26d0c57001b0718f640b8014f85a4c0931afc303a3e9141c4beb1c076f82,wave,pcm,44100,2,16,1.904,1411.2,true,mutagen,,wara ko akaani yang pinggan,,VG096,1,,,0,5,
Yaabay ko kamangun(1).WAV,dataset/Yaabay ko kamangun(1).WAV,staging/supabase_audio_dataset/Yaabay ko kamangun(1).WAV,249934,747e8dbce93913b283364f64ca7b82776448f2cf84ba1c99439a4944e6e13954,wave,pcm,44100,2,16,1.416,1411.2,true,mutagen,,yaabay ko kamangun,1,VG098,2,,,0,3,
Yaabay ko kamangun.WAV,dataset/Yaabay ko kamangun.WAV,staging/supabase_audio_dataset/Yaabay ko kamangun.WAV,225358,72bdb75db31bb0bdf72935ed7b07d58c82fe43b59946dd71c1c3a3445764c1f8,wave,pcm,44100,2,16,1.277,1411.2,true,mutagen,,yaabay ko kamangun,,VG098,2,,,0,3,
Yaga-agung ako na yaturog.WAV,dataset/Yaga-agung ako na yaturog.WAV,staging/supabase_audio_dataset/Yaga-agung ako na yaturog.WAV,356430,63b02864b8f6491c50bf321581a9701fdd16b1cadb71238768afbdf7e782dabc,wave,pcm,44100,2,16,2.02,1411.2,true,mutagen,,yaga-agung ako na yaturog,,VG100,1,,,0,4,
Yaginurom Da kaw.WAV,dataset/Yaginurom Da kaw.WAV,staging/supabase_audio_dataset/Yaginurom Da kaw.WAV,208974,aa1f5d53de0c9f45533102ad738096ed95def2c9f3bcba1360219418435ec3b9,wave,pcm,44100,2,16,1.184,1411.2,true,mutagen,,yaginurom da kaw,,VG107,1,,,0,3,
Yanag-aruk yang mangaysu(1).WAV,dataset/Yanag-aruk yang mangaysu(1).WAV,staging/supabase_audio_dataset/Yanag-aruk yang mangaysu(1).WAV,249934,1c32f539103a0fbe64940012d6add3c23230dcc4866d4587037d31f9d7e9852f,wave,pcm,44100,2,16,1.416,1411.2,true,mutagen,,yanag-aruk yang mangaysu,1,VG110,2,,,0,3,
Yanag-aruk yang mangaysu.WAV,dataset/Yanag-aruk yang mangaysu.WAV,staging/supabase_audio_dataset/Yanag-aruk yang mangaysu.WAV,274510,3cbeb9291e2240720042d2ee5f54b4cd97fcef23b4d4e2bc6187679735a469d6,wave,pcm,44100,2,16,1.556,1411.2,true,mutagen,,yanag-aruk yang mangaysu,,VG110,2,,,0,3,
agtura tura ng ugbos .WAV,dataset/agtura tura ng ugbos .WAV,staging/supabase_audio_dataset/agtura tura ng ugbos .WAV,331854,90c59afc79552574f6e2d2bb88e939d3bb957e2913e919b2894dc2bc8e29e354,wave,pcm,44100,2,16,1.881,1411.2,true,mutagen,,agtura tura ng ugbos,,VG001,1,,,0,4,
ama.WAV,dataset/ama.WAV,staging/supabase_audio_dataset/ama.WAV,118862,ac93510872965a1cf4bcd20a71078d0e6be59e124f59c1beb3fb53ac6140b659,wave,pcm,44100,2,16,0.673,1411.2,true,mutagen,,ama,,VG002,1,,,0,1,
amanting.WAV,dataset/amanting.WAV,staging/supabase_audio_dataset/amanting.WAV,172110,40cbf81f0e61255ea8b74d1d1d7af793f6827b9adde9814dfb40216885aca8d4,wave,pcm,44100,2,16,0.975,1411.2,true,mutagen,,amanting,,VG003,1,,,0,1,
arayon.WAV,dataset/arayon.WAV,staging/supabase_audio_dataset/arayon.WAV,168014,68fa0eeeebef396ee7a4bf19d8e6731428453fed52172b45b3da8b081953cab3,wave,pcm,44100,2,16,0.952,1411.2,true,mutagen,,arayon,,VG006,1,,A1wLuJfWky5Crrg9cBBi,1,1,
baboo.WAV,dataset/baboo.WAV,staging/supabase_audio_dataset/baboo.WAV,106574,a9312190c0400d91c27b0cb267a65dd7ed38186aad9afa612ccebc8ba1b95e45,wave,pcm,44100,2,16,0.604,1411.2,true,mutagen,,baboo,,VG007,1,,,0,1,
bapa.WAV,dataset/bapa.WAV,staging/supabase_audio_dataset/bapa.WAV,180302,d22adf1d796f90b31f81fc32161c41fa98cced337aaa22a978d1122e280e09f5,wave,pcm,44100,2,16,1.022,1411.2,true,mutagen,,bapa,,VG008,1,,ior1V7Dho3n5PPv7hJux,1,1,
batad.WAV,dataset/batad.WAV,staging/supabase_audio_dataset/batad.WAV,118862,cb1e97e1101daf589809efd3565a4107adb501fa7b1932883d51583e3954df05,wave,pcm,44100,2,16,0.673,1411.2,true,mutagen,,batad,,VG010,1,,w7amVxl3HlYNLFXLBx6W,1,1,
dako ra yang bilas mo .WAV,dataset/dako ra yang bilas mo .WAV,staging/supabase_audio_dataset/dako ra yang bilas mo .WAV,278606,92611a8757c5925d61c22c3351264091b8185ad5c59b97205c0948b8535311b5,wave,pcm,44100,2,16,1.579,1411.2,true,mutagen,,dako ra yang bilas mo,,VG014,1,,,0,5,
dakurat.WAV,dataset/dakurat.WAV,staging/supabase_audio_dataset/dakurat.WAV,143438,6a0633f139c1e88a3ab3274a4e5de66699d7c5153ef503877c807ece6f05e063,wave,pcm,44100,2,16,0.813,1411.2,true,mutagen,,dakurat,,VG015,1,,,0,1,
duor.WAV,dataset/duor.WAV,staging/supabase_audio_dataset/duor.WAV,172110,78c4c423f88e7a1d60a1d19a954bee6f3aaedeed21097d88854afba11ea001dc,wave,pcm,44100,2,16,0.975,1411.2,true,mutagen,,duor,,VG017,1,,,0,1,
duwambuok(1).WAV,dataset/duwambuok(1).WAV,staging/supabase_audio_dataset/duwambuok(1).WAV,254030,509747c4c42424ef41591fa5620793bb5e3f49f63c0e378d8113aa09276f1348,wave,pcm,44100,2,16,1.44,1411.2,true,mutagen,,duwambuok,1,VG018,2,,,0,1,
duwambuok.WAV,dataset/duwambuok.WAV,staging/supabase_audio_dataset/duwambuok.WAV,143438,3d5b7afea1c04ba02a2ee398982e1be694eb18f3fbab798e1d910181baf121b0,wave,pcm,44100,2,16,0.813,1411.2,true,mutagen,,duwambuok,,VG018,2,,,0,1,
gaakbu ako disang bintana.WAV,dataset/gaakbu ako disang bintana.WAV,staging/supabase_audio_dataset/gaakbu ako disang bintana.WAV,491598,7a98fc076ccdd1c05779b364fbfdc8233dd770023889e8589ee2383e71fd4ed7,wave,pcm,44100,2,16,2.786,1411.2,true,mutagen,,gaakbu ako disang bintana,,VG020,1,,,0,4,
gauma.WAV,dataset/gauma.WAV,staging/supabase_audio_dataset/gauma.WAV,131150,57b7346dbd9e2cefa0bffd4fcb3c098ad2f4b3df8cb0d42126cc98a234df9067,wave,pcm,44100,2,16,0.743,1411.2,true,mutagen,,gauma,,VG021,1,,,0,1,
gyaring.WAV,dataset/gyaring.WAV,staging/supabase_audio_dataset/gyaring.WAV,180302,403ed73f04eb35d021d46448b1972dba8f693ad1838a2590ac86b0d927ce6326,wave,pcm,44100,2,16,1.022,1411.2,true,mutagen,,gyaring,,VG022,1,,,0,1,
ina.WAV,dataset/ina.WAV,staging/supabase_audio_dataset/ina.WAV,127054,ab5e3d95c2e06dc3929960f4be5f0ae986858e14b0da173be802cbfe144c1a59,wave,pcm,44100,2,16,0.72,1411.2,true,mutagen,,ina,,VG023,1,,,0,1,
isa.WAV,dataset/isa.WAV,staging/supabase_audio_dataset/isa.WAV,118862,91a91294fa9af64280963582f0b2c045a0bcc18076b8ec25d51bb44ff3941f22,wave,pcm,44100,2,16,0.673,1411.2,true,mutagen,,isa,,VG025,1,,,0,1,
isu.WAV,dataset/isu.WAV,staging/supabase_audio_dataset/isu.WAV,114766,f84ed655a8d1a2ff7205a0e6e7c79af1e52d22b6a7d4277bbc4d2055fbd7374d,wave,pcm,44100,2,16,0.65,1411.2,true,mutagen,,isu,,VG026,1,,,0,1,
kamanggud.WAV,dataset/kamanggud.WAV,staging/supabase_audio_dataset/kamanggud.WAV,168014,7994ab1898e5fafd7c384adbf3be5074fd765210bed79ec04f019192822b3a60,wave,pcm,44100,2,16,0.952,1411.2,true,mutagen,,kamanggud,,VG029,1,,,0,1,
karapi.WAV,dataset/karapi.WAV,staging/supabase_audio_dataset/karapi.WAV,159822,84282bc978210e18bb17ea9e77d3f1d8d9085d3fc31432e9471a23e7b4269a7f,wave,pcm,44100,2,16,0.906,1411.2,true,mutagen,,karapi,,VG030,1,,dwRUTVf9nAaw2fRpLtpr,1,1,
katumbar.WAV,dataset/katumbar.WAV,staging/supabase_audio_dataset/katumbar.WAV,127054,99f53a21e064598ab9d21d80005ec1efaa6c40b75e260ea0bf3b884ce4cdedd8,wave,pcm,44100,2,16,0.72,1411.2,true,mutagen,,katumbar,,VG031,1,,,0,1,
kimod.WAV,dataset/kimod.WAV,staging/supabase_audio_dataset/kimod.WAV,155726,dd1c49ee32e5db3155ca6de574c9eb49a1621c9a7231adda7ee6c787bbf97f9e,wave,pcm,44100,2,16,0.882,1411.2,true,mutagen,,kimod,,VG032,1,,WvotzMcPJqYRVSZOz68O,1,1,
kinuraw muuri.WAV,dataset/kinuraw muuri.WAV,staging/supabase_audio_dataset/kinuraw muuri.WAV,196686,772f94209fa7501c1a399b0c357744cc6c8337835e156acd96f691fc1a8b40fd,wave,pcm,44100,2,16,1.115,1411.2,true,mutagen,,kinuraw muuri,,VG033,1,,,0,2,
kyumaan da kamo.WAV,dataset/kyumaan da kamo.WAV,staging/supabase_audio_dataset/kyumaan da kamo.WAV,208974,64c24139c91e820a84fa6a09b13338f90e739ec35fb5e6cfed08e62e418076ab,wave,pcm,44100,2,16,1.184,1411.2,true,mutagen,,kyumaan da kamo,,VG034,1,,,0,3,
lima.WAV,dataset/lima.WAV,staging/supabase_audio_dataset/lima.WAV,118862,34c5f01852560186d69bc4ebaaf6ef4ba905327574521b8eed381fa4c45f3c74,wave,pcm,44100,2,16,0.673,1411.2,true,mutagen,,lima,,VG036,1,,,0,1,
lumon na bobay.WAV,dataset/lumon na bobay.WAV,staging/supabase_audio_dataset/lumon na bobay.WAV,213070,689168bce8220c835eee046f27e31c5eb09b5b93c6cadb32672574563fdbca45,wave,pcm,44100,2,16,1.207,1411.2,true,mutagen,,lumon na bobay,,VG037,1,,,0,3,
lumon na usug.WAV,dataset/lumon na usug.WAV,staging/supabase_audio_dataset/lumon na usug.WAV,200782,bdb6890af9b3b31116e62adfe7cb69f0d75699af3f6a31cce8f62ad64a3fe162,wave,pcm,44100,2,16,1.138,1411.2,true,mutagen,,lumon na usug,,VG038,1,,,0,3,
lutya.WAV,dataset/lutya.WAV,staging/supabase_audio_dataset/lutya.WAV,139342,c2d8c1d32dc1c0791308741c7f2a393ae1539bb698019be8982a40a1d7842a51,wave,pcm,44100,2,16,0.789,1411.2,true,mutagen,,lutya,,VG039,1,,,0,1,
lyurot.WAV,dataset/lyurot.WAV,staging/supabase_audio_dataset/lyurot.WAV,131150,f9d25af6551714844f5d5a04d6e1933f4e78a689e6f04b23f6f47fad86f69d0f,wave,pcm,44100,2,16,0.743,1411.2,true,mutagen,,lyurot,,VG040,1,,,0,1,
maanog.WAV,dataset/maanog.WAV,staging/supabase_audio_dataset/maanog.WAV,139342,7c199c61fb2c88c1c7e20539fa3d1b3d951871016f9c8bcc47ab213739c7b910,wave,pcm,44100,2,16,0.789,1411.2,true,mutagen,,maanog,,VG041,1,,,0,1,
madayaw.WAV,dataset/madayaw.WAV,staging/supabase_audio_dataset/madayaw.WAV,147534,024aa2820649479dff3c80ef6b03ff33abd204e3e258dbd76969194a5ae864f6,wave,pcm,44100,2,16,0.836,1411.2,true,mutagen,,madayaw,,VG044,1,,,0,1,
madyaw na allaw.WAV,dataset/madyaw na allaw.WAV,staging/supabase_audio_dataset/madyaw na allaw.WAV,249934,423c43279fb22d5c6a345e87a43f40fee275401274e06ce5077610925699cfed,wave,pcm,44100,2,16,1.416,1411.2,true,mutagen,,madyaw na allaw,,VG046,1,,,0,3,
madyaw na gabi.WAV,dataset/madyaw na gabi.WAV,staging/supabase_audio_dataset/madyaw na gabi.WAV,221262,2c8a5efac231e45d85b4c47c37a87107c5a8b4df2ea078dbb51bcdb97ab42145,wave,pcm,44100,2,16,1.254,1411.2,true,mutagen,,madyaw na gabi,,VG047,1,,,0,3,
madyaw na gabila(1).WAV,dataset/madyaw na gabila(1).WAV,staging/supabase_audio_dataset/madyaw na gabila(1).WAV,225358,dfe66507e7f7e6fd992377e36311818328ca747257abb4efaf1f99b11c8757cb,wave,pcm,44100,2,16,1.277,1411.2,true,mutagen,,madyaw na gabila,1,VG048,2,,,0,3,
madyaw na gabila.WAV,dataset/madyaw na gabila.WAV,staging/supabase_audio_dataset/madyaw na gabila.WAV,229454,9c44d0978bb0183c655a7675bec1a6af91c62f76e9bde0089e33130bd64cc833,wave,pcm,44100,2,16,1.3,1411.2,true,mutagen,,madyaw na gabila,,VG048,2,,,0,3,
madyaw na masurom kariko.WAV,dataset/madyaw na masurom kariko.WAV,staging/supabase_audio_dataset/madyaw na masurom kariko.WAV,368718,330f91275e4bcf9d6875708910a4f924b24bd7ee34ee9fd3fab51db08c216c4d,wave,pcm,44100,2,16,2.09,1411.2,true,mutagen,,madyaw na masurom kariko,,VG050,1,,,0,4,
madyaw na masurom(1).WAV,dataset/madyaw na masurom(1).WAV,staging/supabase_audio_dataset/madyaw na masurom(1).WAV,221262,b4a56dd4cd2d1894e13300fd109d5110d63416890bcb342676f5fffbdd318aa9,wave,pcm,44100,2,16,1.254,1411.2,true,mutagen,,madyaw na masurom,1,VG049,4,,,0,3,
madyaw na masurom(2).WAV,dataset/madyaw na masurom(2).WAV,staging/supabase_audio_dataset/madyaw na masurom(2).WAV,221262,c591c4456e3fdaa137723cda3782a01ba432ba8a78b0b3c333f6fc9265312f4e,wave,pcm,44100,2,16,1.254,1411.2,true,mutagen,,madyaw na masurom,2,VG049,4,,,0,3,
madyaw na masurom(3).WAV,dataset/madyaw na masurom(3).WAV,staging/supabase_audio_dataset/madyaw na masurom(3).WAV,241742,ed7af6fb3b0cb2a080c0c8649e76f46156a8c1edb5de746118dd177b957a71d3,wave,pcm,44100,2,16,1.37,1411.2,true,mutagen,,madyaw na masurom,3,VG049,4,,,0,3,
madyaw na masurom.WAV,dataset/madyaw na masurom.WAV,staging/supabase_audio_dataset/madyaw na masurom.WAV,249934,07cade712969ee589e22c837ee06776ede95621c39194d30772965ec177b2938,wave,pcm,44100,2,16,1.416,1411.2,true,mutagen,,madyaw na masurom,,VG049,4,,,0,3,
magsandayong pa ko atong tubod.WAV,dataset/magsandayong pa ko atong tubod.WAV,staging/supabase_audio_dataset/magsandayong pa ko atong tubod.WAV,344142,1d7c8d4fff802bf798314cd8ad9d77a99f106b5d088111ef256fd1c96acb3dac,wave,pcm,44100,2,16,1.95,1411.2,true,mutagen,,magsandayong pa ko atong tubod,,VG052,1,,,0,5,
makagwas.WAV,dataset/makagwas.WAV,staging/supabase_audio_dataset/makagwas.WAV,184398,c5224c6065714ba2850c9eee6d129089e72158e892ace452e7b1cee8c7b83436,wave,pcm,44100,2,16,1.045,1411.2,true,mutagen,,makagwas,,VG054,1,,,0,1,
makator yang ulo ko.WAV,dataset/makator yang ulo ko.WAV,staging/supabase_audio_dataset/makator yang ulo ko.WAV,237646,0ed0839184414195afc01e76fe426bc2126012b72ff6e7dbc8a5805e68e28a5a,wave,pcm,44100,2,16,1.347,1411.2,true,mutagen,,makator yang ulo ko,,VG055,1,,,0,4,
mangud(1).WAV,dataset/mangud(1).WAV,staging/supabase_audio_dataset/mangud(1).WAV,139342,2f43d4d01678db3b507015bc9ca9880a8fba140af5bb774b038765e0e615dd0f,wave,pcm,44100,2,16,0.789,1411.2,true,mutagen,,mangud,1,VG056,2,,,0,1,
mangud.WAV,dataset/mangud.WAV,staging/supabase_audio_dataset/mangud.WAV,172110,e24eac8fa70ecbcd2bc856ca6dcc8f2121ee68c76b455e4c66f5559865fb03c0,wave,pcm,44100,2,16,0.975,1411.2,true,mutagen,,mangud,,VG056,2,,,0,1,
maparaat.WAV,dataset/maparaat.WAV,staging/supabase_audio_dataset/maparaat.WAV,147534,031df9353e89f6b5fe9f9ff793c6664e8f874d974457765588592573b9a266fa,wave,pcm,44100,2,16,0.836,1411.2,true,mutagen,,maparaat,,VG057,1,,,0,1,
marutuy.WAV,dataset/marutuy.WAV,staging/supabase_audio_dataset/marutuy.WAV,180302,60cbcc90115483bbbf9f8783caa3fcc544d42f77475aaf0f823d2422a2e20f54,wave,pcm,44100,2,16,1.022,1411.2,true,mutagen,,marutuy,,VG058,1,,,0,1,
mataba.WAV,dataset/mataba.WAV,staging/supabase_audio_dataset/mataba.WAV,114766,afd08071d96c837c9a301566b68eb7a8a0eca90c92ac5922ef9de46d4ed500c7,wave,pcm,44100,2,16,0.65,1411.2,true,mutagen,,mataba,,VG059,1,,,0,1,
na naan.WAV,dataset/na naan.WAV,staging/supabase_audio_dataset/na naan.WAV,172110,3527d0a4bce97b050a74023a27ee39df68b8266d74093378f212cda5c0bd75c4,wave,pcm,44100,2,16,0.975,1411.2,true,mutagen,,na naan,,VG060,1,,,0,2,
nanang gawbok.WAV,dataset/nanang gawbok.WAV,staging/supabase_audio_dataset/nanang gawbok.WAV,188494,b852e6ecf25c0c48c0d1ddb29a90c3737b022391f1a39d460399c9dd630bcc7f,wave,pcm,44100,2,16,1.068,1411.2,true,mutagen,,nanang gawbok,,VG062,1,,,0,2,
nanang tuod parandong.WAV,dataset/nanang tuod parandong.WAV,staging/supabase_audio_dataset/nanang tuod parandong.WAV,397390,d62441a9e77ec0fd81b81160fe847572442af01e15d5c4f852b59d1f40271965,wave,pcm,44100,2,16,2.252,1411.2,true,mutagen,,nanang tuod parandong,,VG064,1,,,0,3,
nanang uram mayo(1).WAV,dataset/nanang uram mayo(1).WAV,staging/supabase_audio_dataset/nanang uram mayo(1).WAV,188494,9738eaf020a876363b07c747c5b71c5b0d8ae035931f1683b82599be9e9ce8c1,wave,pcm,44100,2,16,1.068,1411.2,true,mutagen,,nanang uram mayo,1,VG065,2,,,0,3,
nanang uram mayo.WAV,dataset/nanang uram mayo.WAV,staging/supabase_audio_dataset/nanang uram mayo.WAV,200782,1165f0c327f0832c394da0ce3675357b513dafb0b651b241127c0618114ac5b0,wave,pcm,44100,2,16,1.138,1411.2,true,mutagen,,nanang uram mayo,,VG065,2,,,0,3,
nangakaw.WAV,dataset/nangakaw.WAV,staging/supabase_audio_dataset/nangakaw.WAV,180302,644bceaaf8a3553dc29981c35f13cb81f70cbd630a0a6be40efe4129f39f1590,wave,pcm,44100,2,16,1.022,1411.2,true,mutagen,,nangakaw,,VG066,1,,,0,1,
nangamang pak ng kayamas.WAV,dataset/nangamang pak ng kayamas.WAV,staging/supabase_audio_dataset/nangamang pak ng kayamas.WAV,409678,2e2145c24917fd3cfdfc72b0fc6e5cd7fc91381ba2c69c4f8ab3816b049f1d0c,wave,pcm,44100,2,16,2.322,1411.2,true,mutagen,,nangamang pak ng kayamas,,VG067,1,,,0,4,
niyanluluto ng ina mo .WAV,dataset/niyanluluto ng ina mo .WAV,staging/supabase_audio_dataset/niyanluluto ng ina mo .WAV,331854,d0be003563e396de8e281ebc140e2209e7209e66cea99f5d76872b660afe0dee,wave,pcm,44100,2,16,1.881,1411.2,true,mutagen,,niyanluluto ng ina mo,,VG068,1,,,0,4,
pagarungan(1).WAV,dataset/pagarungan(1).WAV,staging/supabase_audio_dataset/pagarungan(1).WAV,213070,3223233f487c60c144f1349b8829864088fb10e912b13b7b872ce67fb742c8f5,wave,pcm,44100,2,16,1.207,1411.2,true,mutagen,,pagarungan,1,VG069,2,,,0,1,
pagsugbo.WAV,dataset/pagsugbo.WAV,staging/supabase_audio_dataset/pagsugbo.WAV,172110,148f00eddf038ea8043fd1c4d87fbef03f7070a70ca8748d9bb4cc3543abcf67,wave,pcm,44100,2,16,0.975,1411.2,true,mutagen,,pagsugbo,,VG070,1,,,0,1,
pakal.WAV,dataset/pakal.WAV,staging/supabase_audio_dataset/pakal.WAV,159822,64d822b6a2708050bd3c96c1e2cfd3fd91e5b437497df0e31067744780c6df5f,wave,pcm,44100,2,16,0.906,1411.2,true,mutagen,,pakal,,VG071,1,,,0,1,
paroda(1).WAV,dataset/paroda(1).WAV,staging/supabase_audio_dataset/paroda(1).WAV,102478,497d6a37cd3d24664ae871402706e85966e8bc20ac5dc4f8c0c8d1d68b469a84,wave,pcm,44100,2,16,0.58,1411.2,true,mutagen,,paroda,1,VG073,2,,,0,1,
pasaylowak doon.WAV,dataset/pasaylowak doon.WAV,staging/supabase_audio_dataset/pasaylowak doon.WAV,221262,0b02522cbc68ae45aa2d893f7d53058a3710adfcf088e252a73c9dbbb4769762,wave,pcm,44100,2,16,1.254,1411.2,true,mutagen,,pasaylowak doon,,VG074,1,,,0,2,
pasayluwak doon.WAV,dataset/pasayluwak doon.WAV,staging/supabase_audio_dataset/pasayluwak doon.WAV,221262,a025e9880750e97d2b4fc7827bb010c7ef3eef495b0a5be4126b1b53562083b6,wave,pcm,44100,2,16,1.254,1411.2,true,mutagen,,pasayluwak doon,,VG075,1,,,0,2,
pito.WAV,dataset/pito.WAV,staging/supabase_audio_dataset/pito.WAV,94286,16288432a5d23873b83eeb277ff02656d7d279a86a188bed258bf5824b277226,wave,pcm,44100,2,16,0.534,1411.2,true,mutagen,,pito,,VG076,1,,,0,1,
sampuro.WAV,dataset/sampuro.WAV,staging/supabase_audio_dataset/sampuro.WAV,168014,e02ddefc0dcddf8c70ad28a197207d19f6c35e1bd7812433c6dab10a365de156,wave,pcm,44100,2,16,0.952,1411.2,true,mutagen,,sampuro,,VG077,1,,,0,1,
sandok.WAV,dataset/sandok.WAV,staging/supabase_audio_dataset/sandok.WAV,147534,fb264ceea813d340dde6910623d1454cbd03f63e440c7437aa155c96d9b57b9a,wave,pcm,44100,2,16,0.836,1411.2,true,mutagen,,sandok,,VG078,1,,,0,1,
sang kanlaw.WAV,dataset/sang kanlaw.WAV,staging/supabase_audio_dataset/sang kanlaw.WAV,221262,74f972c25093bb75a52874b959ccd19b2c3daddbfef2cbd04ea2187b86d376f2,wave,pcm,44100,2,16,1.254,1411.2,true,mutagen,,sang kanlaw,,VG079,1,,,0,2,
saramat.WAV,dataset/saramat.WAV,staging/supabase_audio_dataset/saramat.WAV,159822,ee8d9e0e4ce3da053c303147a756696bac69c84d0fc9e2725998cabe15fe062d,wave,pcm,44100,2,16,0.906,1411.2,true,mutagen,,saramat,,VG081,1,,,0,1,
sining bapa mo(1).WAV,dataset/sining bapa mo(1).WAV,staging/supabase_audio_dataset/sining bapa mo(1).WAV,229454,e74a42aedf466afb1016522d88807850b3fe27b67ff21f9f219506c9eadd4ea9,wave,pcm,44100,2,16,1.3,1411.2,true,mutagen,,sining bapa mo,1,VG082,2,,,0,3,
sining bapa mo.WAV,dataset/sining bapa mo.WAV,staging/supabase_audio_dataset/sining bapa mo.WAV,229454,34865a2c1e9a84b667d9abb3d25617dd3868e1a3095461945cea0e4e5c161755,wave,pcm,44100,2,16,1.3,1411.2,true,mutagen,,sining bapa mo,,VG082,2,,,0,3,
sining gadiyaga kanmo.WAV,dataset/sining gadiyaga kanmo.WAV,staging/supabase_audio_dataset/sining gadiyaga kanmo.WAV,307278,2fc7e8a5d2c4b9e3131d2dd861262ce961d7cb6d71ceaf608a6bf1227b4c97a6,wave,pcm,44100,2,16,1.741,1411.2,true,mutagen,,sining gadiyaga kanmo,,VG083,1,,,0,3,
siyam.WAV,dataset/siyam.WAV,staging/supabase_audio_dataset/siyam.WAV,147534,6e484c885ae2fefe2a1380aa558f2477bb68b9ed74485d9ffb3514d8367cbbec,wave,pcm,44100,2,16,0.836,1411.2,true,mutagen,,siyam,,VG084,1,,,0,1,
tabi di saan.WAV,dataset/tabi di saan.WAV,staging/supabase_audio_dataset/tabi di saan.WAV,221262,e19719cfccf139755d788b27722b8fbc4fb4bcb6f8988543c84e1d1249dc1e22,wave,pcm,44100,2,16,1.254,1411.2,true,mutagen,,tabi di saan,,VG085,1,,,0,3,
tabi kanmo.WAV,dataset/tabi kanmo.WAV,staging/supabase_audio_dataset/tabi kanmo.WAV,188494,aeff91ec07517593ac8486576e32c4759699a30bfbc7381647581552031de051,wave,pcm,44100,2,16,1.068,1411.2,true,mutagen,,tabi kanmo,,VG086,1,,,0,2,
tabidak.WAV,dataset/tabidak.WAV,staging/supabase_audio_dataset/tabidak.WAV,143438,3c7095f300ad9b85cbdbbc29eb0c6073b0cac7601dd51aea13a5095b028b3eb8,wave,pcm,44100,2,16,0.813,1411.2,true,mutagen,,tabidak,,VG087,1,,,0,1,
turo(1).WAV,dataset/turo(1).WAV,staging/supabase_audio_dataset/turo(1).WAV,184398,6f75cc9051a8906681818dd80a299792487352dcc0f5df09df054a575a61a834,wave,pcm,44100,2,16,1.045,1411.2,true,mutagen,,turo,1,VG088,2,,,0,1,
turo.WAV,dataset/turo.WAV,staging/supabase_audio_dataset/turo.WAV,127054,98fdec3c025c59bf3c1033aea01f96d5a1f24a7cbe361a01012fa59f9ff03cbb,wave,pcm,44100,2,16,0.72,1411.2,true,mutagen,,turo,,VG088,2,,,0,1,
ulloy.WAV,dataset/ulloy.WAV,staging/supabase_audio_dataset/ulloy.WAV,131150,e9f7b5065b42d8870e044d1f434bbe238930153a489688214363215e34bc77fa,wave,pcm,44100,2,16,0.743,1411.2,true,mutagen,,ulloy,,VG089,1,,,0,1,
umpo na bobay.WAV,dataset/umpo na bobay.WAV,staging/supabase_audio_dataset/umpo na bobay.WAV,159822,ec33ade42510a502d07ef70545b0a92bce07ea9c5efb0fd39cb79f640d682d3a,wave,pcm,44100,2,16,0.906,1411.2,true,mutagen,,umpo na bobay,,VG090,1,,,0,3,
umpu na usug.WAV,dataset/umpu na usug.WAV,staging/supabase_audio_dataset/umpu na usug.WAV,184398,ae263039b4fd2945163d4400b7eaa73246f1ab4694ea63e76edf0e2bd4d3b25a,wave,pcm,44100,2,16,1.045,1411.2,true,mutagen,,umpu na usug,,VG091,1,,,0,3,
unom.WAV,dataset/unom.WAV,staging/supabase_audio_dataset/unom.WAV,94286,6961a10f7cca9870c6ad80604cf81240044e0bbcc58f60c6651ab1217a83da77,wave,pcm,44100,2,16,0.534,1411.2,true,mutagen,,unom,,VG092,1,,,0,1,
upat(1).WAV,dataset/upat(1).WAV,staging/supabase_audio_dataset/upat(1).WAV,94286,7248133322f1e0e75dfc373f581f63403d28d0b5caec8fd75bc1d83fed49f61c,wave,pcm,44100,2,16,0.534,1411.2,true,mutagen,,upat,1,VG093,3,,,0,1,
upat(2).WAV,dataset/upat(2).WAV,staging/supabase_audio_dataset/upat(2).WAV,159822,a5e950826e7310d96f0abf24daebed36f5fba32bd9f0ffcb1a4f183b8680ce57,wave,pcm,44100,2,16,0.906,1411.2,true,mutagen,,upat,2,VG093,3,,,0,1,
upat.WAV,dataset/upat.WAV,staging/supabase_audio_dataset/upat.WAV,127054,72ec9246663d3801c82005878db1ffd50c37b50bc51f9e6fb62f32a5c1c04b4f,wave,pcm,44100,2,16,0.72,1411.2,true,mutagen,,upat,,VG093,3,,,0,1,
waro.WAV,dataset/waro.WAV,staging/supabase_audio_dataset/waro.WAV,143438,b31ae0b9c969b13f9a67084899851188a466f435211f180dc1652e3cd6cd17ab,wave,pcm,44100,2,16,0.813,1411.2,true,mutagen,,waro,,VG097,1,,,0,1,
yadaragan.WAV,dataset/yadaragan.WAV,staging/supabase_audio_dataset/yadaragan.WAV,159822,c12da1b134517370224be7cae090168ca0c433358b6b3bed5c3c355160c1b3e1,wave,pcm,44100,2,16,0.906,1411.2,true,mutagen,,yadaragan,,VG099,1,,,0,1,
yagabasa.WAV,dataset/yagabasa.WAV,staging/supabase_audio_dataset/yagabasa.WAV,172110,7a6b505d8659eb5e66bff90143dcc8bfbeb41774a2d1fc652993d4708b35597c,wave,pcm,44100,2,16,0.975,1411.2,true,mutagen,,yagabasa,,VG101,1,,,0,1,
yagakanta.WAV,dataset/yagakanta.WAV,staging/supabase_audio_dataset/yagakanta.WAV,172110,0ec0d3f3c478e5ed8095facc2478dd7ed867c6b42910361593d6c4732962d8a8,wave,pcm,44100,2,16,0.975,1411.2,true,mutagen,,yagakanta,,VG102,1,,,0,1,
yagasagda.WAV,dataset/yagasagda.WAV,staging/supabase_audio_dataset/yagasagda.WAV,188494,ec3ed72a6661747c5f944afcb6c263eb0da5e2e6020cc803b41cd36ce6fca6cf,wave,pcm,44100,2,16,1.068,1411.2,true,mutagen,,yagasagda,,VG103,1,,,0,1,
yagasayaw.WAV,dataset/yagasayaw.WAV,staging/supabase_audio_dataset/yagasayaw.WAV,180302,f215d2709befa4b9bf8fa2769553c61c94546cd2497c07a981792cf78f442525,wave,pcm,44100,2,16,1.022,1411.2,true,mutagen,,yagasayaw,,VG104,1,,,0,1,
yagasurat.WAV,dataset/yagasurat.WAV,staging/supabase_audio_dataset/yagasurat.WAV,155726,526b2c125fd611b43079261037f6a476fce4de72d77afe73427120a98de0b4e5,wave,pcm,44100,2,16,0.882,1411.2,true,mutagen,,yagasurat,,VG105,1,,,0,1,
yagaugas.WAV,dataset/yagaugas.WAV,staging/supabase_audio_dataset/yagaugas.WAV,200782,f667b8bb938ac68473c7897b53309b27f967b5258b207d8787bd2eb35b982f4e,wave,pcm,44100,2,16,1.138,1411.2,true,mutagen,,yagaugas,,VG106,1,,,0,1,
yakaan.WAV,dataset/yakaan.WAV,staging/supabase_audio_dataset/yakaan.WAV,118862,43f067cea1aa5612455d85fa38f3cd34f39c941613517f71c116832cc27d7388,wave,pcm,44100,2,16,0.673,1411.2,true,mutagen,,yakaan,,VG108,1,,,0,1,
yamadaman kaw kanak.WAV,dataset/yamadaman kaw kanak.WAV,staging/supabase_audio_dataset/yamadaman kaw kanak.WAV,249934,5208419ee0f9c12429f088f8b12ece5f4fd9aef8a536ff24a6549d6f5287699f,wave,pcm,44100,2,16,1.416,1411.2,true,mutagen,,yamadaman kaw kanak,,VG109,1,,,0,3,
yasagob kaw.WAV,dataset/yasagob kaw.WAV,staging/supabase_audio_dataset/yasagob kaw.WAV,184398,d11d5dee3a68788b395e6fe6068c7e283e8ac8982b699f805ea6d2f0883df93d,wave,pcm,44100,2,16,1.045,1411.2,true,mutagen,,yasagob kaw,,VG111,1,,,0,2,
yasagub.WAV,dataset/yasagub.WAV,staging/supabase_audio_dataset/yasagub.WAV,168014,7589ab882f38785dc583a92b6f941ac17c15640112519d9cb369155f75d16958,wave,pcm,44100,2,16,0.952,1411.2,true,mutagen,,yasagub,,VG112,1,,,0,1,
yulugpat.WAV,dataset/yulugpat.WAV,staging/supabase_audio_dataset/yulugpat.WAV,180302,cd8ce9b786e57cfd65e6eedf213ddfcc350145387fef169174cf5a787460d753,wave,pcm,44100,2,16,1.022,1411.2,true,mutagen,,yulugpat,,VG113,1,,,0,1,
