word_id,item_key,item_type,mansaka_text,alternate_forms,translation_en,translation_fil,phonetic,part_of_speech,firestore_word_doc_id,source_collection,source_doc_id,source_field,dictionary_headword,dictionary_entry_ids,dictionary_pos,dictionary_definition,dictionary_book_page,dictionary_homonym_count,gloss_conflict,corroboration,mapping_evidence,evidence_category,reference_recording_ids,reference_count,mapping_confirmed_by,mapping_confirmation_date,dataset_version,notes
W001,words:9wYfRCZDf3elrtSWzbe4,word,antik,,n. Ant.,,,noun,9wYfRCZDf3elrtSWzbe4,svelmoe1990,A:277,headword (book p. 23; transcriptions A),antik,,n.,n. Ant.,23,1,,firestore words 9wYfRCZDf3elrtSWzbe4,firestore_exact_term,EXACT_TERM_UNIQUE,REF_001,1,,,lumad_lingua_pronunciation_v0.2,
W002,words:YPqMHKvZT0jQTX8jNr1S,word,arabat,,n. Wall. | nm.,,,noun,YPqMHKvZT0jQTX8jNr1S,svelmoe1990,M00321,headword (book p. 29; transcriptions AB),arabat,M00321,n.,n. Wall. | nm.,29,1,,firestore words YPqMHKvZT0jQTX8jNr1S,firestore_exact_term,EXACT_TERM_UNIQUE,REF_002,1,,,lumad_lingua_pronunciation_v0.2,
W003,words:A1wLuJfWky5Crrg9cBBi,word,arayon,,n. Relative.,,,noun,A1wLuJfWky5Crrg9cBBi,svelmoe1990,M00345,headword (book p. 31; transcriptions AB),arayon,M00345,n; n.,n. Relative.,31,1,,firestore words A1wLuJfWky5Crrg9cBBi,firestore_exact_term,EXACT_TERM_UNIQUE,REF_036,1,,,lumad_lingua_pronunciation_v0.2,
W004,words:ior1V7Dho3n5PPv7hJux,word,bapa,,n. Uncle; term of respect for an older man.,,,noun,ior1V7Dho3n5PPv7hJux,svelmoe1990,M00684,headword (book p. 59; transcriptions AB),bapa,M00684,n; n.,n. Uncle; term of respect for an older man.,59,1,,firestore words ior1V7Dho3n5PPv7hJux,firestore_exact_term,EXACT_TERM_UNIQUE,REF_038,1,,,lumad_lingua_pronunciation_v0.2,
W005,words:c6CO9DECOzrPNuyLgKO2,word,barangaw,,n. Rainbow. | na.,,,noun,c6CO9DECOzrPNuyLgKO2,svelmoe1990,M00712,headword (book p. 62; transcriptions AB),barangaw,M00712,n.,n. Rainbow. | na.,62,1,,firestore words c6CO9DECOzrPNuyLgKO2,firestore_exact_term,EXACT_TERM_UNIQUE,REF_003,1,,,lumad_lingua_pronunciation_v0.2,
W006,words:w7amVxl3HlYNLFXLBx6W,word,batad,,n. Corn.,,,noun,w7amVxl3HlYNLFXLBx6W,svelmoe1990,M00798,headword (book p. 69; transcriptions AB),batad,M00798,n; n.,n. Corn.,69,1,,firestore words w7amVxl3HlYNLFXLBx6W,firestore_exact_term,EXACT_TERM_UNIQUE,REF_039,1,,,lumad_lingua_pronunciation_v0.2,
W007,words:fry54dN7LhkUoDCBVnEh,word,bobay,,n. Female (human).,,,noun,fry54dN7LhkUoDCBVnEh,svelmoe1990,M00947,headword (book p. 81; transcriptions AB),bobay,M00947,n; n.,n. Female (human).,81,1,,firestore words fry54dN7LhkUoDCBVnEh,firestore_exact_term,EXACT_TERM_UNIQUE,REF_004,1,,,lumad_lingua_pronunciation_v0.2,
W008,words:0KEq4c3IEDne7WUkiADa,word,bugsak,,n. Heavy rain; downpour.,,,noun,0KEq4c3IEDne7WUkiADa,svelmoe1990,A:1283,headword (book p. 98; transcriptions A),bugsak,,n.,n. Heavy rain; downpour.,98,1,,firestore words 0KEq4c3IEDne7WUkiADa,firestore_exact_term,EXACT_TERM_UNIQUE,REF_005,1,,,lumad_lingua_pronunciation_v0.2,
W009,words:tPSO95ipLwxJQ4KhVJtj,word,kadyawan,,n. Goodness; benefit. | nt.,,,noun,tPSO95ipLwxJQ4KhVJtj,svelmoe1990,M01286,headword (book p. 108; transcriptions AB),kadyawan,M01286,n.,n. Goodness; benefit. | nt.,108,1,,firestore words tPSO95ipLwxJQ4KhVJtj,firestore_exact_term,EXACT_TERM_UNIQUE,REF_011,1,,,lumad_lingua_pronunciation_v0.2,
W010,words:dwRUTVf9nAaw2fRpLtpr,word,karapi,,n. Rattan shoot.,,,noun,dwRUTVf9nAaw2fRpLtpr,svelmoe1990,M01440,headword (book p. 121; transcriptions AB),karapi,M01440,n; n.,n. Rattan shoot.,121,1,,firestore words dwRUTVf9nAaw2fRpLtpr,firestore_exact_term,EXACT_TERM_UNIQUE,REF_052,1,,,lumad_lingua_pronunciation_v0.2,
W011,words:WvotzMcPJqYRVSZOz68O,word,kimod,,n. Youngest child; youngest brother/sister; last child in a family.,,,noun,WvotzMcPJqYRVSZOz68O,svelmoe1990,M01594,headword (book p. 134; transcriptions AB),kimod,M01594,n; n.,n. Youngest child; youngest brother/sister; last child in a family.,134,1,,firestore words WvotzMcPJqYRVSZOz68O,firestore_exact_term,EXACT_TERM_UNIQUE,REF_054,1,,,lumad_lingua_pronunciation_v0.2,
W012,words_example:dE3ANzop5NnJOQsED3qd:gaagod yang baboy,phrase,Gaagod yang baboy.,,A pig is moaning.,,,,,svelmoe1990,M00118,example sentence under headword 'agod' (book p. 11; transcriptions AB),agod,M00118,,A pig is moaning.,11,,,firestore usage example,project_record_exact,EXACT_EXAMPLE_SENTENCE_UNIQUE,REF_008,1,,,lumad_lingua_pronunciation_v0.2,
W013,words_example:4bW3jEbX7VkRqB0cmgwi:kaana yang manok,phrase,Kaana yang manok.,,Eat the chicken.,,,,,svelmoe1990,M00002,example sentence under headword '-a -' (book p. 1; transcriptions AB),-a -,M00002,,Eat the chicken.,1,,,firestore usage example,project_record_exact,EXACT_EXAMPLE_SENTENCE_UNIQUE,REF_010,1,,,lumad_lingua_pronunciation_v0.2,
W014,words_example:8LMN5ogb64Tt2LPdEAxQ:madakmul yang abol,phrase,Madakmul yang abol.,,The blanket is thick.,,,,,svelmoe1990,8LMN5ogb64Tt2LPdEAxQ,example sentence under headword 'abot' (book p. 3; transcriptions A),abot,,,The blanket is thick.,3,,,firestore usage example,project_record_exact,EXACT_EXAMPLE_SENTENCE_UNIQUE,REF_014,1,,,lumad_lingua_pronunciation_v0.2,
W015,lesson_item:madyaw na gabi,phrase,Madyaw na gabi,,Good evening,,,,,lessons,6pXuOdANtl5dST82kBLe;HbXBeytkOIijuP0L81VC,"tasks (matching, multipleChoice, sentenceReordering, vocabulary; lessons: Greetings 1, Greetings 2)",,,,,,,lesson gloss 'Good evening' vs dictionary token glosses [madyaw=? | na=(function word) | gabi='nn. | n Dusk; evening'],,project_record_exact,EXACT_LESSON_ITEM_UNIQUE,REF_065,1,,,lumad_lingua_pronunciation_v0.2,
W016,lesson_item:saramat,word,Saramat,,Thank you,,,,,lessons,66iASupkv5PHzKAlH7vM,tasks (vocabulary; lessons: Common Expressions 1),,,,,,,,,project_record_exact,EXACT_LESSON_ITEM_UNIQUE,REF_099,1,,,lumad_lingua_pronunciation_v0.2,
W017,svelmoe:finder:ama,word,ama,,father,,,,,svelmoe1990,finder pdf p. 524,English-Mansaka finder (headword entry not located in OCR),ama,,,father,524,,,,dictionary_exact,DICTIONARY_FINDER_EXACT,REF_034,1,,,lumad_lingua_pronunciation_v0.2,
W018,svelmoe:hw:dagom,word,dagom,,n. Shirt; clothing. | v. To dress s.o.,,,,,svelmoe1990,M01868,headword (book p. 157; transcriptions AB),dagom,M01868,n.; v; v.,n. Shirt; clothing. | v. To dress s.o.,157,1,,,dictionary_exact,DICTIONARY_HEADWORD_EXACT,REF_006,1,,,lumad_lingua_pronunciation_v0.2,
W019,svelmoe:hw:ina,word,ina,,"n. Mother. | v. To embarrass; to insult; to offend; to shame. | v To embarrass; to insult, to offend; to shame.",,,,,svelmoe1990,M02532,headword (book p. 211; transcriptions AB),ina,M02532,n.; v; v.,"n. Mother. | v. To embarrass; to insult; to offend; to shame. | v To embarrass; to insult, to offend; to shame.",211,1,,,dictionary_exact,DICTIONARY_HEADWORD_EXACT,REF_048,1,,,lumad_lingua_pronunciation_v0.2,
W020,svelmoe:hw:ingkod,word,Ingkod,,v. To sit.,,,,,svelmoe1990,M02584,headword (book p. 216; transcriptions AB),Ingkod,M02584,v; v.,v. To sit.,216,1,,,dictionary_exact,DICTIONARY_HEADWORD_EXACT,REF_009,1,,,lumad_lingua_pronunciation_v0.2,
W021,svelmoe:hw:isa,word,isa,,1 mun. One. | mua. One. | v. To agree on one thing.,,,,,svelmoe1990,M02607,headword (book p. 218; transcriptions AB),isa,M02607,v; v.,1 mun. One. | mua. One. | v. To agree on one thing.,218,1,,,dictionary_exact,DICTIONARY_HEADWORD_EXACT,REF_049,1,,,lumad_lingua_pronunciation_v0.2,
W022,svelmoe:hw:larad,word,larad,,v. To | v To see and examine; to survey.,,,,,svelmoe1990,M02868,headword (book p. 242; transcriptions AB),larad,M02868,v; v.,v. To | v To see and examine; to survey.,242,1,,,dictionary_exact,DICTIONARY_HEADWORD_EXACT,REF_012,1,,,lumad_lingua_pronunciation_v0.2,
W023,svelmoe:hw:lima,word,lima,,num. Five.,,,,,svelmoe1990,M03010,headword (book p. 254; transcriptions AB),lima,M03010,num; num.,num. Five.,254,1,,,dictionary_exact,DICTIONARY_HEADWORD_EXACT,REF_057,1,,,lumad_lingua_pronunciation_v0.2,
W024,svelmoe:hw:madaig,word,madaig,,"adj. Many; several. | adj Many, several.",,,,,svelmoe1990,M03345,headword (book p. 282; transcriptions AB),madaig,M03345,adj; adj.,"adj. Many; several. | adj Many, several.",282,1,,,dictionary_exact,DICTIONARY_HEADWORD_EXACT,REF_013,1,,,lumad_lingua_pronunciation_v0.2,
W025,"svelmoe:hw:madayaw, madyaw",word,"madayaw, madyaw","madayaw, madyaw","adj. Good, beautiful; reliable; pleasant; honorable; excellent. | adj Good; beautiful; reliable; pleasant; honorable; excellent. Madayaw laban na bobay ngaong kikita ka asang kaananan, That woman I saw in the eating place was very beautiful.",,,,,svelmoe1990,M03349,headword (book p. 283; transcriptions AB),"madayaw, madyaw",M03349,adj; adj.,"adj. Good, beautiful; reliable; pleasant; honorable; excellent. | adj Good; beautiful; reliable; pleasant; honorable; excellent. Madayaw laban na bobay ngaong kikita ka asang kaananan, That woman I saw in the eating place was very beautiful.",283,1,,,dictionary_exact,DICTIONARY_HEADWORD_ALTFORM,REF_015;REF_063,2,,,lumad_lingua_pronunciation_v0.2,
W026,svelmoe:hw:makagwas,word,makagwas,,adj. ‘Tall; high. | adj Tall; high.,,,,,svelmoe1990,M03339,headword (book p. 282; transcriptions AB),makagwas,M03339,adj; adj.,adj. ‘Tall; high. | adj Tall; high.,282,1,,,dictionary_exact,DICTIONARY_HEADWORD_EXACT,REF_074,1,,,lumad_lingua_pronunciation_v0.2,
W027,svelmoe:hw:maparaat,word,maparaat,,adj. Bad; offensive (as odor).,,,,,svelmoe1990,M03452,headword (book p. 291; transcriptions AB),maparaat,M03452,adj; adj.,adj. Bad; offensive (as odor).,291,1,,,dictionary_exact,DICTIONARY_HEADWORD_EXACT,REF_078,1,,,lumad_lingua_pronunciation_v0.2,
W028,svelmoe:hw:pakal,word,pakal,,n. Kind of banana.,,,,,svelmoe1990,M03945,headword (book p. 330; transcriptions AB),pakal,M03945,n; n.,n. Kind of banana.,330,1,,,dictionary_exact,DICTIONARY_HEADWORD_EXACT,REF_091,1,,,lumad_lingua_pronunciation_v0.2,
W029,svelmoe:hw:pito,word,pito,,num. Seven. | wm.,,,,,svelmoe1990,M04305,headword (book p. 358; transcriptions AB),pito,M04305,num.,num. Seven. | wm.,358,1,,,dictionary_exact,DICTIONARY_HEADWORD_EXACT,REF_095,1,,,lumad_lingua_pronunciation_v0.2,
W030,svelmoe:hw:sandok,word,sandok,,v To dish up with a wooden spoon (as rice).,,,,,svelmoe1990,M04610,headword (book p. 383; transcriptions B),sandok,M04610,v,v To dish up with a wooden spoon (as rice).,383,1,,,dictionary_exact,DICTIONARY_HEADWORD_EXACT,REF_097,1,,,lumad_lingua_pronunciation_v0.2,
W031,svelmoe:hw:sapi,word,sapi,,n. Money.,,,,,svelmoe1990,M04667,headword (book p. 387; transcriptions AB),sapi,M04667,n; n.,n. Money.,387,1,,,dictionary_exact,DICTIONARY_HEADWORD_EXACT,REF_023,1,,,lumad_lingua_pronunciation_v0.2,
W032,svelmoe:hw:siyam,word,siyam,,mun.,,,,,svelmoe1990,M04890,headword (book p. 404; transcriptions AB),siyam,M04890,,mun.,404,1,,,dictionary_exact,DICTIONARY_HEADWORD_EXACT,REF_103,1,,,lumad_lingua_pronunciation_v0.2,
W033,svelmoe:hw:tabidak,word,tabidak,,v. To cook rice with vegetables.,,,,,svelmoe1990,A:5635,headword (book p. 424; transcriptions A),tabidak,,v.,v. To cook rice with vegetables.,424,1,,,dictionary_exact,DICTIONARY_HEADWORD_EXACT,REF_106,1,,,lumad_lingua_pronunciation_v0.2,
W034,svelmoe:hw:usug,word,usug,,"4“. Male human. | Male human, Podo usug yang maguya asaan na banwa. The people living in that place are all males.",,,,,svelmoe1990,M05895,headword (book p. 486; transcriptions AB),usug,M05895,,"4“. Male human. | Male human, Podo usug yang maguya asaan na banwa. The people living in that place are all males.",486,1,,,dictionary_exact,DICTIONARY_HEADWORD_EXACT,REF_024,1,,,lumad_lingua_pronunciation_v0.2,
W035,svelmoe:ex:wara ko akaani yang pinggan,phrase,Wara ko akaani yang pinggan.,,I did not eat from the plate.,,,,,svelmoe1990,M00007,example sentence under headword 'a--i' (book p. 1; transcriptions AB),a--i,M00007,,I did not eat from the plate.,1,,,,dictionary_exact,DICTIONARY_EXAMPLE_EXACT,REF_026,1,,,lumad_lingua_pronunciation_v0.2,
W036,svelmoe:hw:waro,word,waro,,num. Eight.,,,,,svelmoe1990,M05929,headword (book p. 490; transcriptions AB),waro,M05929,num; num.,num. Eight.,490,1,,,dictionary_exact,DICTIONARY_HEADWORD_EXACT,REF_116,1,,,lumad_lingua_pronunciation_v0.2,
W037,human:RC001:agtura tura ng ugbos,phrase,agtura tura ng ugbos,,,,,,,human_review,RC001,,,,,,,,,,researcher_confirmed,HUMAN_CONFIRMED,REF_033,1,RESEARCHER,2026-10-02,lumad_lingua_pronunciation_v0.2,
W038,human:RC003:amanting,word,amanting,,,,,,,human_review,RC003,,,,,,,,,,researcher_confirmed,HUMAN_CONFIRMED,REF_035,1,RESEARCHER,2026-10-02,lumad_lingua_pronunciation_v0.2,
W039,human:RC007:baboo,word,baboo,,,,,,,human_review,RC007,,,,,,,,,,researcher_confirmed,HUMAN_CONFIRMED,REF_037,1,RESEARCHER,2026-10-02,lumad_lingua_pronunciation_v0.2,
W040,human:RC014:dako ra yang bilas mo,phrase,dako ra yang bilas mo,,,,,,,human_review,RC014,,,,,,,,,,researcher_confirmed,HUMAN_CONFIRMED,REF_040,1,RESEARCHER,2026-10-02,lumad_lingua_pronunciation_v0.2,
W041,human:RC015:dakurat,word,dakurat,,,,,,,human_review,RC015,,,,,,,,,,researcher_confirmed,HUMAN_CONFIRMED,REF_041,1,RESEARCHER,2026-10-02,lumad_lingua_pronunciation_v0.2,
W042,human:RC016:diin kaw padlog,phrase,Diin kaw padlog,,,,,,,human_review,RC016,,,,,,,,,,researcher_confirmed,HUMAN_CONFIRMED,REF_007,1,RESEARCHER,2026-10-02,lumad_lingua_pronunciation_v0.2,
W043,human:RC017:duor,word,duor,,,,,,,human_review,RC017,,,,,,,,,,researcher_confirmed,HUMAN_CONFIRMED,REF_042,1,RESEARCHER,2026-10-02,lumad_lingua_pronunciation_v0.2,
W044,human:RC018:duwambuok,word,duwambuok,,,,,,,human_review,RC018,,,,,,,,,,researcher_confirmed,HUMAN_CONFIRMED,REF_043;REF_044,2,RESEARCHER,2026-10-02,lumad_lingua_pronunciation_v0.2,
W045,human:RC020:gaakbu ako disang bintana,phrase,gaakbu ako disang bintana,,,,,,,human_review,RC020,,,,,,,,,,researcher_confirmed,HUMAN_CONFIRMED,REF_045,1,RESEARCHER,2026-10-02,lumad_lingua_pronunciation_v0.2,
W046,human:RC021:gauma,word,gauma,,v. To be glad; to be happy.,,,,,human_review,RC021,affix-stripped root: 'gauma' -> 'uma',,,,,,,,,researcher_confirmed,HUMAN_CONFIRMED,REF_046,1,RESEARCHER,2026-10-02,lumad_lingua_pronunciation_v0.2,
W047,human:RC022:gyaring,word,gyaring,,finder: grind,,,,,human_review,RC022,affix-stripped root: 'gyaring' -> 'garing',,,,,,,,,researcher_confirmed,HUMAN_CONFIRMED,REF_047,1,RESEARCHER,2026-10-02,lumad_lingua_pronunciation_v0.2,
W048,human:RC026:isu,word,isu,,,,,,,human_review,RC026,,,,,,,,,,researcher_confirmed,HUMAN_CONFIRMED,REF_050,1,RESEARCHER,2026-10-02,lumad_lingua_pronunciation_v0.2,
W049,human:RC029:kamanggud,word,kamanggud,,,,,,,human_review,RC029,,,,,,,,,,researcher_confirmed,HUMAN_CONFIRMED,REF_051,1,RESEARCHER,2026-10-02,lumad_lingua_pronunciation_v0.2,
W050,human:RC031:katumbar,word,katumbar,,,,,,,human_review,RC031,,,,,,,,,,researcher_confirmed,HUMAN_CONFIRMED,REF_053,1,RESEARCHER,2026-10-02,lumad_lingua_pronunciation_v0.2,
W051,human:RC033:kinuraw muuri,phrase,kinuraw muuri,,,,,,,human_review,RC033,,,,,,,,,,researcher_confirmed,HUMAN_CONFIRMED,REF_055,1,RESEARCHER,2026-10-02,lumad_lingua_pronunciation_v0.2,
W052,human:RC034:kyumaan da kamo,phrase,kyumaan da kamo,,,,,,,human_review,RC034,,,,,,,,,,researcher_confirmed,HUMAN_CONFIRMED,REF_056,1,RESEARCHER,2026-10-02,lumad_lingua_pronunciation_v0.2,
W053,human:RC037:lumon na bobay,phrase,lumon na bobay,,,,,,,human_review,RC037,,,,,,,,,,researcher_confirmed,HUMAN_CONFIRMED,REF_058,1,RESEARCHER,2026-10-02,lumad_lingua_pronunciation_v0.2,
W054,human:RC038:lumon na usug,phrase,lumon na usug,,,,,,,human_review,RC038,,,,,,,,,,researcher_confirmed,HUMAN_CONFIRMED,REF_059,1,RESEARCHER,2026-10-02,lumad_lingua_pronunciation_v0.2,
W055,human:RC039:lutya,word,lutya,,,,,,,human_review,RC039,,,,,,,,,,researcher_confirmed,HUMAN_CONFIRMED,REF_060,1,RESEARCHER,2026-10-02,lumad_lingua_pronunciation_v0.2,
W056,human:RC040:lyurot,word,lyurot,,"v. To cook in bamboo. | finder: bamboo, cook in",,,,,human_review,RC040,affix-stripped root: 'lyurot' -> 'lorot',,,,,,,,,researcher_confirmed,HUMAN_CONFIRMED,REF_061,1,RESEARCHER,2026-10-02,lumad_lingua_pronunciation_v0.2,
W057,human:RC041:maanog,word,maanog,,,,,,,human_review,RC041,,,,,,,,,,researcher_confirmed,HUMAN_CONFIRMED,REF_062,1,RESEARCHER,2026-10-02,lumad_lingua_pronunciation_v0.2,
W058,human:RC046:madyaw na allaw!,phrase,Madyaw na Allaw!,,Good Day!,,,,,human_review,RC046,transcript/title (status approved),,,,,,,,,researcher_confirmed,HUMAN_CONFIRMED,REF_064,1,RESEARCHER,2026-10-02,lumad_lingua_pronunciation_v0.2,
W059,lesson_item:madyaw na gabila,phrase,Madyaw na gabila,,Good afternoon,,,,,lessons,6pXuOdANtl5dST82kBLe,"tasks (matching, multipleChoice, sentenceReordering, vocabulary; lessons: Greetings 1, Greetings 2)",,,,,,,lesson gloss 'Good afternoon' vs dictionary token glosses [madyaw=? | na=(function word) | gabila='n. Dusk; evening'],,researcher_confirmed,HUMAN_CONFIRMED,REF_066;REF_067,2,RESEARCHER,2026-10-02,lumad_lingua_pronunciation_v0.2,
W060,lesson_item:madyaw na masurom,phrase,Madyaw na masurom,,Good morning,,,,,lessons,6pXuOdANtl5dST82kBLe,"tasks (matching, multipleChoice, sentenceReordering, vocabulary; lessons: Greetings 1, Greetings 2)",,,,,,,lesson gloss 'Good morning' vs dictionary token glosses [madyaw=? | na=(function word) | masurom=?],,researcher_confirmed,HUMAN_CONFIRMED,REF_069;REF_070;REF_071;REF_072,4,RESEARCHER,2026-10-02,lumad_lingua_pronunciation_v0.2,
W061,human:RC050:madyaw na masurom kariko,phrase,madyaw na masurom kariko,,,,,,,human_review,RC050,,,,,,,,,,researcher_confirmed,HUMAN_CONFIRMED,REF_068,1,RESEARCHER,2026-10-02,lumad_lingua_pronunciation_v0.2,
W062,human:RC051:magasogbo,word,Magasogbo,,,,,,,human_review,RC051,,,,,,,,,,researcher_confirmed,HUMAN_CONFIRMED,REF_016,1,RESEARCHER,2026-10-02,lumad_lingua_pronunciation_v0.2,
W063,human:RC052:magsandayong pa ko atong tubod,phrase,magsandayong pa ko atong tubod,,,,,,,human_review,RC052,,,,,,,,,,researcher_confirmed,HUMAN_CONFIRMED,REF_073,1,RESEARCHER,2026-10-02,lumad_lingua_pronunciation_v0.2,
W064,human:RC053:makaan da kita,phrase,Makaan Da kita,,,,,,,human_review,RC053,,,,,,,,,,researcher_confirmed,HUMAN_CONFIRMED,REF_017,1,RESEARCHER,2026-10-02,lumad_lingua_pronunciation_v0.2,
W065,human:RC055:makator yang ulo ko,phrase,makator yang ulo ko,,,,,,,human_review,RC055,,,,,,,,,,researcher_confirmed,HUMAN_CONFIRMED,REF_075,1,RESEARCHER,2026-10-02,lumad_lingua_pronunciation_v0.2,
W066,svelmoe:hw:mangod,word,mangod,,n. Younger sibling.,,,,,svelmoe1990,M03443,u->o: 'mangud' -> 'mangod',mangod,M03443,n; n.,n. Younger sibling.,290,1,,,researcher_confirmed,HUMAN_CONFIRMED,REF_076;REF_077,2,RESEARCHER,2026-10-02,lumad_lingua_pronunciation_v0.2,
W067,human:RC058:marutuy,word,marutuy,,,,,,,human_review,RC058,,,,,,,,,,researcher_confirmed,HUMAN_CONFIRMED,REF_079,1,RESEARCHER,2026-10-02,lumad_lingua_pronunciation_v0.2,
W068,human:RC059:mataba,word,mataba,,v. To meet. | an. | adj Fat. | v To become Tat. | finder: fat,,,,,human_review,RC059,affix-stripped root: 'mataba' -> 'taba',,,,,,,,,researcher_confirmed,HUMAN_CONFIRMED,REF_080,1,RESEARCHER,2026-10-02,lumad_lingua_pronunciation_v0.2,
W069,human:RC060:na naan,phrase,na naan,,,,,,,human_review,RC060,,,,,,,,,,researcher_confirmed,HUMAN_CONFIRMED,REF_081,1,RESEARCHER,2026-10-02,lumad_lingua_pronunciation_v0.2,
W070,human:RC061:nana yang kammo tuod,phrase,Nana yang kammo tuod,,,,,,,human_review,RC061,,,,,,,,,,researcher_confirmed,HUMAN_CONFIRMED,REF_018,1,RESEARCHER,2026-10-02,lumad_lingua_pronunciation_v0.2,
W071,human:RC062:nanang gawbok,phrase,nanang gawbok,,,,,,,human_review,RC062,,,,,,,,,,researcher_confirmed,HUMAN_CONFIRMED,REF_082,1,RESEARCHER,2026-10-02,lumad_lingua_pronunciation_v0.2,
W072,human:RC063:nanang iyambong mo,phrase,Nanang iyambong mo,,,,,,,human_review,RC063,,,,,,,,,,researcher_confirmed,HUMAN_CONFIRMED,REF_019,1,RESEARCHER,2026-10-02,lumad_lingua_pronunciation_v0.2,
W073,human:RC064:nanang tuod parandong,phrase,nanang tuod parandong,,,,,,,human_review,RC064,,,,,,,,,,researcher_confirmed,HUMAN_CONFIRMED,REF_083,1,RESEARCHER,2026-10-02,lumad_lingua_pronunciation_v0.2,
W074,human:RC065:nanang uram mayo,phrase,nanang uram mayo,,,,,,,human_review,RC065,,,,,,,,,,researcher_confirmed,HUMAN_CONFIRMED,REF_084;REF_085,2,RESEARCHER,2026-10-02,lumad_lingua_pronunciation_v0.2,
W075,human:RC066:nangakaw,word,nangakaw,,n. Stilt. | finder: stilt,,,,,human_review,RC066,affix-stripped root: 'nangakaw' -> 'akaw',,,,,,,,,researcher_confirmed,HUMAN_CONFIRMED,REF_086,1,RESEARCHER,2026-10-02,lumad_lingua_pronunciation_v0.2,
W076,human:RC067:nangamang pak ng kayamas,phrase,nangamang pak ng kayamas,,,,,,,human_review,RC067,,,,,,,,,,researcher_confirmed,HUMAN_CONFIRMED,REF_087,1,RESEARCHER,2026-10-02,lumad_lingua_pronunciation_v0.2,
W077,human:RC068:niyanluluto ng ina mo,phrase,niyanluluto ng ina mo,,,,,,,human_review,RC068,,,,,,,,,,researcher_confirmed,HUMAN_CONFIRMED,REF_088,1,RESEARCHER,2026-10-02,lumad_lingua_pronunciation_v0.2,
W078,svelmoe:hw:pagarongan,word,pagarongan,,n. Glass; mirror.,,,,,svelmoe1990,M04007,u->o: 'Pagarungan' -> 'pagarongan',pagarongan,M04007,n; n.,n. Glass; mirror.,334,1,,,researcher_confirmed,HUMAN_CONFIRMED,REF_020;REF_089,2,RESEARCHER,2026-10-02,lumad_lingua_pronunciation_v0.2,
W079,human:RC070:pagsugbo,word,pagsugbo,,,,,,,human_review,RC070,,,,,,,,,,researcher_confirmed,HUMAN_CONFIRMED,REF_090,1,RESEARCHER,2026-10-02,lumad_lingua_pronunciation_v0.2,
W080,human:RC072:pangiyakan ta,phrase,Pangiyakan Ta,,,,,,,human_review,RC072,,,,,,,,,,researcher_confirmed,HUMAN_CONFIRMED,REF_021,1,RESEARCHER,2026-10-02,lumad_lingua_pronunciation_v0.2,
W081,svelmoe:finder:paroda,word,Paroda,,Sweet Potato,,,,,svelmoe1990,finder pdf p. 548,English-Mansaka finder (headword entry not located in OCR),Paroda,,,vegetable,548,,,,researcher_confirmed,HUMAN_CONFIRMED,REF_022;REF_092,2,RESEARCHER,2026-10-02,lumad_lingua_pronunciation_v0.2,
W082,human:RC074:pasaylowak doon,phrase,pasaylowak doon,,,,,,,human_review,RC074,,,,,,,,,,researcher_confirmed,HUMAN_CONFIRMED,REF_093,1,RESEARCHER,2026-10-02,lumad_lingua_pronunciation_v0.2,
W083,human:RC075:pasayluwak doon,phrase,pasayluwak doon,,,,,,,human_review,RC075,,,,,,,,,,researcher_confirmed,HUMAN_CONFIRMED,REF_094,1,RESEARCHER,2026-10-02,lumad_lingua_pronunciation_v0.2,
W084,svelmoe:hw:samporo,word,samporo,,num. Ten.,,,,,svelmoe1990,M04593,u->o: 'sampuro' -> 'samporo',samporo,M04593,num; num.,num. Ten.,382,1,,,researcher_confirmed,HUMAN_CONFIRMED,REF_096,1,RESEARCHER,2026-10-02,lumad_lingua_pronunciation_v0.2,
W085,human:RC079:sang kanlaw,phrase,sang kanlaw,,,,,,,human_review,RC079,,,,,,,,,,researcher_confirmed,HUMAN_CONFIRMED,REF_098,1,RESEARCHER,2026-10-02,lumad_lingua_pronunciation_v0.2,
W086,human:RC082:sining bapa mo,phrase,sining bapa mo,,,,,,,human_review,RC082,,,,,,,,,,researcher_confirmed,HUMAN_CONFIRMED,REF_100;REF_101,2,RESEARCHER,2026-10-02,lumad_lingua_pronunciation_v0.2,
W087,human:RC083:sining gadiyaga kanmo,phrase,sining gadiyaga kanmo,,,,,,,human_review,RC083,,,,,,,,,,researcher_confirmed,HUMAN_CONFIRMED,REF_102,1,RESEARCHER,2026-10-02,lumad_lingua_pronunciation_v0.2,
W088,human:RC085:tabi di saan,phrase,tabi di saan,,,,,,,human_review,RC085,,,,,,,,,,researcher_confirmed,HUMAN_CONFIRMED,REF_104,1,RESEARCHER,2026-10-02,lumad_lingua_pronunciation_v0.2,
W089,human:RC086:tabi kanmo,phrase,tabi kanmo,,,,,,,human_review,RC086,,,,,,,,,,researcher_confirmed,HUMAN_CONFIRMED,REF_105,1,RESEARCHER,2026-10-02,lumad_lingua_pronunciation_v0.2,
W090,svelmoe:hw:toro,word,toro,,"hom.1 num. Three. | hom.1 mum, Three. | hom.2 n. Bull (cow or carabao).",,,,,svelmoe1990,M05725;M05726,u->o: 'turo' -> 'toro',toro,M05725;M05726,n; n.; num.,"hom.1 num. Three. | hom.1 mum, Three. | hom.2 n. Bull (cow or carabao).",473,2,,,researcher_confirmed,HUMAN_CONFIRMED,REF_107;REF_108,2,RESEARCHER,2026-10-02,lumad_lingua_pronunciation_v0.2,
W091,svelmoe:hw:olloy,word,olloy,,n Tender new leaves of sweet potato vines. | v To pick new leaves of sweet potato vines.,,,,,svelmoe1990,M03770,u->o: 'ulloy' -> 'olloy',olloy,M03770,n; n.; v; v.,n Tender new leaves of sweet potato vines. | v To pick new leaves of sweet potato vines.,316,1,,,researcher_confirmed,HUMAN_CONFIRMED,REF_109,1,RESEARCHER,2026-10-02,lumad_lingua_pronunciation_v0.2,
W092,human:RC090:umpo na bobay,phrase,umpo na bobay,,,,,,,human_review,RC090,,,,,,,,,,researcher_confirmed,HUMAN_CONFIRMED,REF_110,1,RESEARCHER,2026-10-02,lumad_lingua_pronunciation_v0.2,
W093,human:RC091:umpu na usug,phrase,umpu na usug,,,,,,,human_review,RC091,,,,,,,,,,researcher_confirmed,HUMAN_CONFIRMED,REF_111,1,RESEARCHER,2026-10-02,lumad_lingua_pronunciation_v0.2,
W094,human:RC092:unom,word,unom,,,,,,,human_review,RC092,,,,,,,,,,researcher_confirmed,HUMAN_CONFIRMED,REF_112,1,RESEARCHER,2026-10-02,lumad_lingua_pronunciation_v0.2,
W095,svelmoe:hw:opat,word,opat,,num. Four. | mum.,,,,,svelmoe1990,M03840,u->o: 'upat' -> 'opat',opat,M03840,num.,num. Four. | mum.,322,1,,,researcher_confirmed,HUMAN_CONFIRMED,REF_113;REF_114;REF_115,3,RESEARCHER,2026-10-02,lumad_lingua_pronunciation_v0.2,
W096,human:RC095:wara ako akurutuy,phrase,Wara ako akurutuy,,,,,,,human_review,RC095,,,,,,,,,,researcher_confirmed,HUMAN_CONFIRMED,REF_025,1,RESEARCHER,2026-10-02,lumad_lingua_pronunciation_v0.2,
W097,human:RC098:yaabay ko kamangun,phrase,Yaabay ko kamangun,,,,,,,human_review,RC098,,,,,,,,,,researcher_confirmed,HUMAN_CONFIRMED,REF_027;REF_028,2,RESEARCHER,2026-10-02,lumad_lingua_pronunciation_v0.2,
W098,human:RC099:yadaragan,word,yadaragan,,v. To run. | finder: run,,,,,human_review,RC099,affix-stripped root: 'yadaragan' -> 'daragan',,,,,,,,,researcher_confirmed,HUMAN_CONFIRMED,REF_117,1,RESEARCHER,2026-10-02,lumad_lingua_pronunciation_v0.2,
W099,human:RC100:yaga-agung ako na yaturog,phrase,Yaga-agung ako na yaturog,,,,,,,human_review,RC100,,,,,,,,,,researcher_confirmed,HUMAN_CONFIRMED,REF_029,1,RESEARCHER,2026-10-02,lumad_lingua_pronunciation_v0.2,
W100,human:RC101:yagabasa,word,yagabasa,,"n. Drinking glass. | mod pil. It is because; because of; in view of. | v To read. | hom.1 mod. ptl. It is because; because of; in view of. | hom.2 v. ‘To make wet. | hom.2 n. Wusband. | hom.2 v. To marry a man. | finder: read; wet, to make",,,,,human_review,RC101,affix-stripped root: 'yagabasa' -> 'basa',,,,,,,,,researcher_confirmed,HUMAN_CONFIRMED,REF_118,1,RESEARCHER,2026-10-02,lumad_lingua_pronunciation_v0.2,
W101,human:RC102:yagakanta,word,yagakanta,,n Song. | v To sing. | finder: sing,,,,,human_review,RC102,affix-stripped root: 'yagakanta' -> 'kanta',,,,,,,,,researcher_confirmed,HUMAN_CONFIRMED,REF_119,1,RESEARCHER,2026-10-02,lumad_lingua_pronunciation_v0.2,
W102,human:RC103:yagasagda,word,yagasagda,,hom.1 v. To rebuke; to forbid; to stop. | hom.2 v. To fool around; to joke. | finder: rebuke,,,,,human_review,RC103,affix-stripped root: 'yagasagda' -> 'sagda',,,,,,,,,researcher_confirmed,HUMAN_CONFIRMED,REF_120,1,RESEARCHER,2026-10-02,lumad_lingua_pronunciation_v0.2,
W103,human:RC104:yagasayaw,word,yagasayaw,,"hom.1 v. To dance. | hom.2 n. Kind of bird. | hom.2 . Kind of bird. | finder: dance; sarangkipaw,",,,,,human_review,RC104,affix-stripped root: 'yagasayaw' -> 'sayaw',,,,,,,,,researcher_confirmed,HUMAN_CONFIRMED,REF_121,1,RESEARCHER,2026-10-02,lumad_lingua_pronunciation_v0.2,
W104,human:RC105:yagasurat,word,yagasurat,,n. Breech position of a fetus. | . Breech position of a fetus.,,,,,human_review,RC105,affix-stripped root: 'yagasurat' -> 'sorat',,,,,,,,,researcher_confirmed,HUMAN_CONFIRMED,REF_122,1,RESEARCHER,2026-10-02,lumad_lingua_pronunciation_v0.2,
W105,human:RC106:yagaugas,word,yagaugas,,v. To wash (as dishes or floor).,,,,,human_review,RC106,affix-stripped root: 'yagaugas' -> 'ogas',,,,,,,,,researcher_confirmed,HUMAN_CONFIRMED,REF_123,1,RESEARCHER,2026-10-02,lumad_lingua_pronunciation_v0.2,
W106,human:RC107:yaginurom da kaw,phrase,Yaginurom Da kaw,,,,,,,human_review,RC107,,,,,,,,,,researcher_confirmed,HUMAN_CONFIRMED,REF_030,1,RESEARCHER,2026-10-02,lumad_lingua_pronunciation_v0.2,
W107,human:RC108:yakaan,word,yakaan,,v. To eat something. | n. Wooden box. Dili ako mapagun sang kanmo kaon kay mabugat. ¥ will not be able to carry your box because it’s heavy. | n Wooden box. | v Food. | finder: eat,,,,,human_review,RC108,affix-stripped root: 'yakaan' -> 'kaan',,,,,,,,,researcher_confirmed,HUMAN_CONFIRMED,REF_124,1,RESEARCHER,2026-10-02,lumad_lingua_pronunciation_v0.2,
W108,human:RC109:yamadaman kaw kanak,phrase,yamadaman kaw kanak,,,,,,,human_review,RC109,,,,,,,,,,researcher_confirmed,HUMAN_CONFIRMED,REF_125,1,RESEARCHER,2026-10-02,lumad_lingua_pronunciation_v0.2,
W109,human:RC110:yanag-aruk yang mangaysu,phrase,Yanag-aruk yang mangaysu,,,,,,,human_review,RC110,,,,,,,,,,researcher_confirmed,HUMAN_CONFIRMED,REF_031;REF_032,2,RESEARCHER,2026-10-02,lumad_lingua_pronunciation_v0.2,
W110,human:RC111:yasagob kaw,phrase,yasagob kaw,,,,,,,human_review,RC111,,,,,,,,,,researcher_confirmed,HUMAN_CONFIRMED,REF_126,1,RESEARCHER,2026-10-02,lumad_lingua_pronunciation_v0.2,
W111,human:RC112:yasagub,word,yasagub,,"finder: fetch | water, to fetch",,,,,human_review,RC112,affix-stripped root: 'yasagub' -> 'sagub',,,,,,,,,researcher_confirmed,HUMAN_CONFIRMED,REF_127,1,RESEARCHER,2026-10-02,lumad_lingua_pronunciation_v0.2,
W112,human:RC113:yulugpat,word,yulugpat,,,,,,,human_review,RC113,,,,,,,,,,researcher_confirmed,HUMAN_CONFIRMED,REF_128,1,RESEARCHER,2026-10-02,lumad_lingua_pronunciation_v0.2,
