recording_id,frames,mfcc_dist_L_vs_R,mfcc_dist_L_vs_A,mfcc_dist_R_vs_A,mfcc_frame_spread_A,mfcc_dist_gain0.25_vs_1,max_abs_gain_effect,floor_hit_frame_frac_gain1,floor_hit_frame_frac_gain0.25,max_abs_gain_effect_after_rel40_trim
REF_001,77,0.1467250045455096,0.17227581039340523,0.18234296013519632,7.932066305658438,3.6620869195350376e-15,7.993605777301127e-15,0.0,0.0,7.993605777301127e-15
REF_002,65,0.22545354219324862,0.25605206697421157,0.2290721284723537,5.880140937882484,3.1466773925168696e-15,1.554312234475219e-14,0.0,0.0,1.554312234475219e-14
REF_003,82,0.14104976144027487,0.22681120469234325,0.2139761803768943,7.281352560012223,3.540258234325865e-15,6.439293542825908e-15,0.0,0.0,6.439293542825908e-15
REF_004,77,0.12361592796536156,0.14195412549602698,0.13940484778649925,8.886233763654563,0.03527504837747911,2.0253303525122193,0.0,0.012987012987012988,2.0253303525122193
REF_005,58,0.3432577889940653,0.3936533060675432,0.38671212569562285,11.130287738153243,0.058501565329551766,2.3161125996473824,0.0,0.017241379310344827,2.3161125996473824
REF_006,63,0.43468685808904073,0.28697230135380253,0.3891203413971271,6.696053585481921,0.004755628703002635,0.09280986575789729,0.0,0.015873015873015872,0.09280986575789729
REF_007,163,0.20116856996900043,0.261056519785776,0.2689626617223588,8.26451095541962,4.3461868506734974e-15,1.2434497875801753e-14,0.006134969325153374,0.006134969325153374,1.2434497875801753e-14
REF_008,128,0.13979890818338608,0.14783435313722212,0.14841434367475442,7.361682537652057,0.017760514578844783,1.524512107651692,0.0078125,0.0078125,1.524512107651692
REF_009,58,0.17791928501954116,0.23341385520017968,0.22539222920661242,7.838473824954166,0.02774537184311716,0.8506325244875308,0.0,0.017241379310344827,0.8506325244875308
REF_010,123,0.09144230406127957,0.09342696363322711,0.10000622124544976,7.167406354128045,0.019684460324077335,1.2521968355748907,0.0,0.008130081300813009,7.105427357601002e-15
REF_011,58,0.10578427543579351,0.12412568314778055,0.12100602267481317,7.6463065376411725,3.887895195720375e-15,8.881784197001252e-15,0.017241379310344827,0.017241379310344827,8.881784197001252e-15
REF_012,58,0.16913060709820282,0.1595774107782102,0.1624395228887403,6.37404536407976,0.060720865469304046,1.427960892398402,0.017241379310344827,0.017241379310344827,1.427960892398402
REF_013,77,0.10675350003982535,0.08236461716752101,0.08208499103240083,6.579300756485271,0.02520290418150067,1.2013720371537395,0.0,0.012987012987012988,7.549516567451064e-15
REF_014,119,0.22558422994956806,0.24300858425030256,0.20616929921932525,7.851127105791051,0.022610813451051315,1.4953897275389636,0.008403361344537815,0.008403361344537815,1.4953897275389636
REF_015,82,0.29140000472694416,0.3230918145393535,0.314010654521754,7.400683640529449,4.089263759273443e-15,1.5557000132560006e-14,0.0,0.0,1.5557000132560006e-14
REF_016,82,0.13403587225294086,0.15765640075715223,0.1572106171661059,8.332448197509521,3.2835838248919447e-15,7.549516567451064e-15,0.0,0.0,7.549516567451064e-15
REF_017,112,0.1072252905871592,0.12417978430932382,0.12557369898937315,7.647303668568756,0.00724790132880553,0.4731506072926315,0.0,0.008928571428571428,0.4731506072926315
REF_018,177,0.1125789555726849,0.13654121990739737,0.13353751661236454,7.919940424553379,0.01643946377266932,1.8373900809971127,0.005649717514124294,0.005649717514124294,7.993605777301127e-15
REF_019,126,0.17797204997186333,0.18413281931368655,0.1718385656427772,7.656722666285791,3.871010742927521e-15,5.773159728050814e-15,0.007936507936507936,0.007936507936507936,5.773159728050814e-15
REF_020,86,0.2650718985121359,0.2241195932272895,0.25750036546886973,7.929109601060862,3.727599571401143e-15,7.993605777301127e-15,0.0,0.0,5.329070518200751e-15
REF_021,112,0.12043163888156491,0.1747875277945154,0.18678533046406226,7.205422528994869,3.5163353101816947e-15,8.881784197001252e-15,0.0,0.0,8.881784197001252e-15
REF_022,65,0.1739644612387296,0.21046171530790664,0.2098842237044128,7.156002331251868,3.738118599838456e-15,7.993605777301127e-15,0.0,0.0,7.993605777301127e-15
REF_023,70,0.247915542269031,0.29696186148063697,0.31023708941819955,8.158932065214676,0.051853256533464114,2.781604882914766,0.014285714285714285,0.014285714285714285,2.781604882914766
REF_024,65,0.15079754344325252,0.23998824631249946,0.2345822370277275,9.39162390243159,3.626657536166431e-15,7.993605777301127e-15,0.015384615384615385,0.015384615384615385,7.993605777301127e-15
REF_025,154,0.18520561663841625,0.2185612653359221,0.227075479096022,7.406589920432151,0.00031671894836836616,0.015109163574908546,0.0,0.006493506493506494,7.827072323607354e-15
REF_026,188,0.11846870509606092,0.15372563660143707,0.15501524883987772,7.397219946234781,3.7167437535602995e-15,1.136590821460004e-14,0.0,0.0,1.136590821460004e-14
REF_027,140,0.15083459033735228,0.16488757777069368,0.15864445620044315,8.185463793715323,0.02389471131132935,1.7316033766572745,0.007142857142857143,0.007142857142857143,6.328271240363392e-15
REF_028,126,0.037900221175967745,0.03656848357724865,0.030686002678389775,6.854785759373022,3.5469641168975177e-15,7.771561172376096e-15,0.0,0.0,7.771561172376096e-15
REF_029,200,0.12192164665800644,0.14747438617053743,0.15822344787768308,7.495012383636367,0.012959864960153965,1.340215534442238,0.0,0.005,7.771561172376096e-15
REF_030,116,0.10939895842701802,0.10038353370904292,0.0985137030024858,8.696846238540346,0.04018037742860711,3.9007158113761697,0.008620689655172414,0.008620689655172414,8.881784197001252e-15
REF_031,140,0.11157233408151629,0.15660740336068826,0.1605480745754047,7.867494578904214,0.04191563687186365,5.45895737037461,0.007142857142857143,0.007142857142857143,5.45895737037461
REF_032,154,0.16345498334419267,0.1723711365245179,0.18528898871853033,8.882614999996424,0.023791197379743067,2.276283698604898,0.0,0.006493506493506494,8.215650382226158e-15
REF_033,186,0.24140428786688178,0.3170489154877448,0.29296962908939134,12.77009191597446,3.841520804805462e-15,7.993605777301127e-15,0.0,0.0,7.993605777301127e-15
REF_034,65,0.29058496374926357,0.25251041174683797,0.2415679198794446,8.247714306158107,4.704111831196268e-15,8.715250743307479e-15,0.0,0.0,5.773159728050814e-15
REF_035,96,0.1489909507469528,0.12192239859927147,0.13146716645024623,8.95479721020733,4.1058232767201904e-15,7.993605777301127e-15,0.010416666666666666,0.010416666666666666,7.993605777301127e-15
REF_036,93,0.14910344194602018,0.17017973039817733,0.16517405674468144,6.869920661158683,5.080658027892362e-15,8.43769498715119e-15,0.010752688172043012,0.010752688172043012,7.549516567451064e-15
REF_037,58,0.15097426778652953,0.1506995890309857,0.15399384055443988,7.7954998791367505,3.741513123716613e-15,6.8833827526759706e-15,0.0,0.0,6.8833827526759706e-15
REF_038,100,0.2581693943217723,0.2969799393710002,0.30104012216506953,5.966296110921743,4.653847457660419e-15,1.199040866595169e-14,0.0,0.0,1.199040866595169e-14
REF_039,65,0.16981727252154985,0.26510435241579405,0.27472208549692984,7.56578697384283,0.03602743957377401,1.4056574217111444,0.0,0.015384615384615385,1.4056574217111444
REF_040,156,0.18099450705295808,0.1832062495513845,0.20369827879659871,9.506052581152142,0.003993430812803445,0.3052409411001734,0.0,0.00641025641025641,7.771561172376096e-15
REF_041,79,0.14817908343070058,0.12787630741529915,0.12736911093405806,8.214519293489241,0.04785178174548757,1.9929509436374215,0.012658227848101266,0.012658227848101266,7.105427357601002e-15
REF_042,96,0.27384792894537363,0.1918756763944185,0.17165818535619345,8.437616428060519,0.02196102904269708,1.3098931768973754,0.010416666666666666,0.010416666666666666,9.325873406851315e-15
REF_043,142,0.18680589954977253,0.1819997515441609,0.18266878101317285,9.766978809384174,5.8611876707242056e-15,7.993605777301127e-15,0.007042253521126761,0.007042253521126761,7.993605777301127e-15
REF_044,79,0.1391651220804969,0.14285499540464297,0.13485405870720846,7.35445757276216,0.0215374875757203,1.4022729279602226,0.012658227848101266,0.012658227848101266,1.4022729279602226
REF_045,277,0.22088709005047233,0.23869233152109934,0.25624209416493576,10.392593121297523,0.013197550907891563,2.479501957554766,0.0,0.0036101083032490976,7.993605777301127e-15
REF_046,72,0.34699864126714114,0.27986583583455715,0.24595497741060163,7.553649688626526,3.9744214793348066e-15,6.772360450213455e-15,0.0,0.0,6.772360450213455e-15
REF_047,100,0.22114897330804292,0.23829449931973953,0.24038433311703702,9.104061178318345,0.04924598184736773,4.303641601798507,0.01,0.01,8.43769498715119e-15
REF_048,70,0.28617472324805154,0.2495756412169184,0.2518815804978874,9.608491799067641,5.318727875905861e-15,1.5765166949677223e-14,0.014285714285714285,0.014285714285714285,7.771561172376096e-15
REF_049,65,0.13787782583923147,0.16832145424807216,0.18261413143242758,9.392067929266979,0.029994114421704954,0.87553921314632,0.0,0.015384615384615385,0.87553921314632
REF_050,63,0.12938206905233246,0.21442082705356008,0.2094764480016431,9.073578087041051,4.463642091553842e-15,7.771561172376096e-15,0.0,0.0,6.217248937900877e-15
REF_051,93,0.2115660808294566,0.1906040686394668,0.18144332076370975,10.070925266684096,4.055022712176653e-15,7.993605777301127e-15,0.0,0.0,7.993605777301127e-15
REF_052,89,0.21047030751802984,0.2709294759197622,0.2768222116478632,9.056022376102357,4.57343834452018e-15,7.771561172376096e-15,0.011235955056179775,0.011235955056179775,7.771561172376096e-15
REF_053,70,0.18547566269172644,0.19401088030312197,0.2121827305159596,8.438734644708848,3.7491365028957836e-15,7.549516567451064e-15,0.014285714285714285,0.014285714285714285,5.800915303666443e-15
REF_054,86,0.23857968938990873,0.2934972843656658,0.2526003208595531,8.999259459136699,0.000944490581023616,0.0251618018493458,0.011627906976744186,0.023255813953488372,7.993605777301127e-15
REF_055,109,0.13333273799576664,0.14601519418714928,0.14823943589898222,9.429599372136131,3.4810836284157503e-15,5.88418203051333e-15,0.0,0.0,5.88418203051333e-15
REF_056,116,0.16947154033040357,0.16677187147442166,0.17663929765796454,8.037703988618304,3.780382945795035e-15,1.1657341758564144e-14,0.0,0.0,1.1657341758564144e-14
REF_057,65,0.11316538584067132,0.1375645380230202,0.13107101104944185,7.619310399470205,4.41118541134392e-15,7.993605777301127e-15,0.015384615384615385,0.015384615384615385,7.993605777301127e-15
REF_058,119,0.2570172942852489,0.25400957623237563,0.2813753716294205,10.117303030831184,0.04365761707254042,3.837469249313912,0.008403361344537815,0.008403361344537815,3.837469249313912
REF_059,112,0.25643756819971236,0.29424097374643987,0.30116379790312636,9.694229931227644,0.0004071209312748153,0.01412495618727494,0.0,0.008928571428571428,0.01412495618727494
REF_060,77,0.1687716478914032,0.17911631879079926,0.15381503691956072,7.65287723883846,3.950142069106914e-15,1.124100812432971e-14,0.0,0.0,8.659739592076221e-15
REF_061,72,0.1934300497769927,0.153410947809947,0.17099514819524886,8.599572804049822,0.05229530255575401,2.659940677273787,0.0,0.013888888888888888,2.659940677273787
REF_062,77,0.12355504594788345,0.09398092261322147,0.06758161027673058,7.568020035569455,0.05566639884651475,2.132102122684244,0.012987012987012988,0.012987012987012988,1.0436096431476471e-14
REF_063,82,0.27048699819340655,0.22363686708928096,0.24096449673797046,7.824553114825987,0.041820712129362274,2.018702070248591,0.012195121951219513,0.012195121951219513,1.021405182655144e-14
REF_064,140,0.08844343000461323,0.14565133543591383,0.13664064239674917,7.545749862146683,3.28684253853767e-15,8.215650382226158e-15,0.0,0.0,8.215650382226158e-15
REF_065,123,0.09145305638070585,0.1384811807072692,0.12714954669113585,7.824852068970405,3.3644453380097727e-15,5.329070518200751e-15,0.0,0.0,5.329070518200751e-15
REF_066,126,0.2382886395325796,0.23962800105659435,0.20016394196402773,8.274266811850708,3.79134926610772e-15,7.993605777301127e-15,0.0,0.0,7.993605777301127e-15
REF_067,128,0.11649268038666144,0.1515302336947631,0.14888981306202625,7.799752578074924,0.01133904999587823,0.4991802001258945,0.0,0.0078125,0.4991802001258945
REF_068,207,0.08605222737840257,0.1011937744762033,0.1018029990592081,8.400170546953875,0.013526838690597178,1.477166824549494,0.0,0.004830917874396135,8.604228440844963e-15
REF_069,123,0.09800515184284758,0.12948168537841262,0.1337736969209727,8.3680690432705,0.019380514080404407,1.571289535096235,0.016260162601626018,0.024390243902439025,1.571289535096235
REF_070,123,0.19365206582125666,0.23321970926270524,0.24831059348508952,7.274073515076867,3.555162066796626e-15,1.1102230246251565e-14,0.0,0.0,5.773159728050814e-15
REF_071,135,0.12781605521834083,0.15200595457655885,0.14192762183856178,8.538457377192676,0.016154964945445046,1.043197557780491,0.0,0.007407407407407408,1.043197557780491
REF_072,140,0.1139792781299099,0.13699501789406351,0.14446329345523365,7.896787630111932,0.0025261837709974907,0.2120012794210595,0.0,0.007142857142857143,7.549516567451064e-15
REF_073,193,0.20416328438711465,0.2750589558671488,0.2633856568433377,9.506025496738207,0.002758666772991365,0.16493096820660869,0.0,0.0051813471502590676,7.993605777301127e-15
REF_074,102,0.1364494794062815,0.15009706001093,0.1441990424258596,11.522237253509674,0.03151266676466567,2.5689852658088492,0.00980392156862745,0.00980392156862745,7.105427357601002e-15
REF_075,133,0.2163388065290568,0.1915508752424566,0.19591859851042917,8.20104871835373,0.031204669253823356,3.4305661342833202,0.007518796992481203,0.007518796992481203,3.4305661342833202
REF_076,77,0.1848257654317465,0.19532810311761314,0.19093417221354483,8.403279771161207,0.03741455576175297,1.7007707257495204,0.012987012987012988,0.012987012987012988,9.325873406851315e-15
REF_077,96,0.11363147582085863,0.14436678852973958,0.1417972698228139,10.292304526633579,0.04740911098748659,3.6817911908168197,0.010416666666666666,0.010416666666666666,7.771561172376096e-15
REF_078,82,0.14788991657408143,0.11951011253629058,0.13416916526310438,7.526518258540151,0.03947035613493587,1.549148463409239,0.0,0.012195121951219513,9.325873406851315e-15
REF_079,100,0.16677580610619352,0.2272730068730609,0.22816084633564226,8.021232748956274,0.04552978841072372,3.567061957774021,0.01,0.01,7.105427357601002e-15
REF_080,63,0.21897206005340009,0.1749813612850173,0.14520595891129726,8.273316298017091,0.06437398190169417,2.4177006752272088,0.015873015873015872,0.015873015873015872,2.4177006752272088
REF_081,96,0.39159321873057795,0.3542003483473075,0.35156569041204216,6.5861249213329565,0.038423612253752036,2.301699095648895,0.010416666666666666,0.010416666666666666,7.993605777301127e-15
REF_082,105,0.15643169326881282,0.1569936646120406,0.15191444192238074,7.897493503409411,0.02038170601163652,1.64443057664882,0.0,0.009523809523809525,7.105427357601002e-15
REF_083,223,0.21553640479422873,0.19797027738270115,0.20064429026695593,7.908630708917591,0.013040815565658224,2.0845057204854704,0.0,0.004484304932735426,7.105427357601002e-15
REF_084,105,0.07579125246093293,0.09366584242197132,0.09409267653880388,7.766548764636235,0.0012170785257871878,0.0395870877961253,0.0,0.009523809523809525,0.0395870877961253
REF_085,112,0.0948808029638837,0.0899544528034845,0.08895857455182696,8.322999877671583,4.249993630168406e-15,8.881784197001252e-15,0.0,0.0,8.881784197001252e-15
REF_086,100,0.23674261099604624,0.2635250095014744,0.28032495375322597,8.112314236759374,0.03069495908499837,1.5717319694860765,0.0,0.01,6.217248937900877e-15
REF_087,230,0.26258591246183227,0.28503191717949816,0.2683133817207213,12.500626668425772,0.018896134382521513,2.530420757837807,0.004347826086956522,0.004347826086956522,8.659739592076221e-15
REF_088,186,0.23878800340825584,0.25778532086933215,0.25797088062623635,7.709170570052593,3.64465286761568e-15,7.993605777301127e-15,0.0,0.0,7.993605777301127e-15
REF_089,119,0.15007747713195796,0.1358487183614094,0.1386930792389151,7.453931227486711,0.03396680331644154,2.62057678111519,0.008403361344537815,0.008403361344537815,6.217248937900877e-15
REF_090,96,0.13656100325097373,0.16123275879855423,0.15317031287860108,9.517727080738275,0.037378250115021334,1.9244721805593308,0.010416666666666666,0.010416666666666666,5.329070518200751e-15
REF_091,89,0.15280426171945646,0.13501433268510776,0.1260450451653585,6.321884814580197,4.636214013795074e-15,8.43769498715119e-15,0.0,0.0,8.43769498715119e-15
REF_092,56,0.057930805860816004,0.05098058730765138,0.05303810650465762,6.773775863609075,3.731467008966201e-15,9.71445146547012e-15,0.0,0.0,9.71445146547012e-15
REF_093,123,0.09764015037770685,0.10701802819732296,0.1011619920253665,8.387261991680463,3.718437255063469e-15,7.771561172376096e-15,0.0,0.0,7.771561172376096e-15
REF_094,123,0.09603057067547387,0.12427861091161203,0.11678469349945964,7.892875194668984,0.017582401821898935,1.094263564946597,0.0,0.008130081300813009,1.094263564946597
REF_095,51,0.2423400648770427,0.20461889783758255,0.21177435562676467,7.668456963012787,0.0580480187844555,1.4778201005150666,0.0,0.0196078431372549,5.662137425588298e-15
REF_096,93,0.21029469025239697,0.18964359174635945,0.21340969073862995,11.11990191711623,4.7004798418847065e-15,7.993605777301127e-15,0.0,0.0,7.993605777301127e-15
REF_097,82,0.16296571229459195,0.12571656777937848,0.13247404410439462,11.976794378290833,0.05763497257959703,2.7997970388528732,0.012195121951219513,0.012195121951219513,7.549516567451064e-15
REF_098,123,0.20999439050606333,0.19599013370658022,0.21250525699837317,9.5219140231946,0.03505603267486706,3.171132231313333,0.0,0.008130081300813009,7.827072323607354e-15
REF_099,89,0.2768293630458292,0.2618872142293055,0.22815577095446782,8.232032953849858,0.058136211340978815,4.174882456324524,0.011235955056179775,0.011235955056179775,7.993605777301127e-15
REF_100,128,0.24181141267928324,0.3241119984749194,0.33032606279154464,8.60446517318859,0.0004840796333546975,0.024303571658731205,0.0,0.0078125,0.024303571658731205
REF_101,128,0.13618639422647147,0.17737964719024327,0.17659777822755174,9.785271027276487,0.02014012499557398,1.7513415229127194,0.0,0.0078125,1.7513415229127194
REF_102,172,0.2800232667577572,0.30702526660812796,0.2863298110161777,9.847150310930603,0.027070892238567845,4.112776986888058,0.005813953488372093,0.005813953488372093,7.105427357601002e-15
REF_103,82,0.11835064006679634,0.13783781286570765,0.14048563140847484,9.790109241110361,4.580564003004134e-15,8.43769498715119e-15,0.0,0.0,7.66053886991358e-15
REF_104,123,0.10457399201523175,0.1304796583785711,0.12791083434258987,7.851343949020243,0.007210196282580013,0.513918677751313,0.0,0.008130081300813009,7.993605777301127e-15
REF_105,105,0.2662899738203271,0.27025921607189624,0.2782923416533693,7.732793131084839,0.0487950971537385,3.160708039172916,0.009523809523809525,0.009523809523809525,7.105427357601002e-15
REF_106,79,0.047964351210774823,0.05507695411685876,0.0646316937075077,7.607719476457216,3.623179808649168e-15,8.881784197001252e-15,0.012658227848101266,0.012658227848101266,8.881784197001252e-15
REF_107,102,0.12212944338118348,0.19641220922043412,0.19254303504964432,8.455026461194352,4.8881926650493336e-15,7.993605777301127e-15,0.0,0.0,7.993605777301127e-15
REF_108,70,0.1549323811067576,0.1494253560777449,0.14522969473570152,8.977627900049182,4.937623771108046e-15,9.769962616701378e-15,0.0,0.0,8.881784197001252e-15
REF_109,72,0.0945600256803957,0.07776274555612489,0.0900030976771222,8.16302594728796,0.015419127458992479,0.3506504277250859,0.0,0.013888888888888888,7.882583474838611e-15
REF_110,89,0.04917322203977451,0.07723486612708791,0.08394916309344529,9.578298064944061,0.04415981864937547,2.245119191369403,0.011235955056179775,0.011235955056179775,2.245119191369403
REF_111,102,0.1880144123126294,0.24123607313292328,0.2441851787740724,10.422236619447709,0.006710433680529632,0.33527954403443444,0.0,0.00980392156862745,0.33527954403443444
REF_112,51,0.07612997700361485,0.09914762732650903,0.10263344113275999,7.5679769101040675,0.08691956525109644,2.713840578280526,0.0196078431372549,0.0196078431372549,2.713840578280526
REF_113,51,0.13561729589791696,0.14624377311253806,0.13889154143413343,7.699927921129808,0.03882397056090873,1.3155784672728092,0.0,0.0196078431372549,1.3155784672728092
REF_114,89,0.24506452259693096,0.24078193200834977,0.23515657654238806,7.015533004312595,0.019162695421814587,1.0447459313993617,0.0,0.011235955056179775,7.105427357601002e-15
REF_115,70,0.2755840100546298,0.26420103113553706,0.2872850452155566,6.346693859123338,5.087170602877113e-15,7.993605777301127e-15,0.0,0.0,7.716050021144838e-15
REF_116,79,0.24094644527670153,0.12315155830835384,0.1471354834796637,7.055447705128649,0.025681726819071476,0.903270894009101,0.0,0.012658227848101266,4.440892098500626e-15
REF_117,89,0.12876905836239796,0.09982262351700788,0.1229594644084681,7.546384266456626,3.37681936686059e-15,5.329070518200751e-15,0.011235955056179775,0.011235955056179775,5.329070518200751e-15
REF_118,96,0.17455677693321733,0.23968179420774127,0.21485266171422154,9.401230529013818,0.009558956454436876,0.3132395678453168,0.0,0.010416666666666666,0.3132395678453168
REF_119,96,0.1428440192152132,0.1923110807555166,0.20261924677092072,8.826363020571128,0.007181598379080598,0.21356889598064477,0.0,0.010416666666666666,0.21356889598064477
REF_120,105,0.09782310251208487,0.09738272580531294,0.10077410797096173,10.533102315953109,3.929454733890804e-15,7.993605777301127e-15,0.009523809523809525,0.009523809523809525,7.993605777301127e-15
REF_121,100,0.15451646790583412,0.1857248464399812,0.1893549606904815,9.131380458716158,0.006818415311385803,0.25583909766481217,0.0,0.01,0.25583909766481217
REF_122,86,0.19283847238580942,0.2661864056462508,0.2373807327758586,9.110976782774667,0.02945705414528185,1.414504282507707,0.0,0.011627906976744186,1.414504282507707
REF_123,112,0.11420666256962671,0.20446664240309204,0.21490896619522618,12.173009394712896,0.019446912969226272,1.0565878604707306,0.0,0.008928571428571428,1.0565878604707306
REF_124,65,0.11112262907894178,0.21058068512125702,0.2073384793437708,7.514918860653736,3.4535648435083733e-15,7.771561172376096e-15,0.0,0.0,7.771561172376096e-15
REF_125,140,0.1626966232961118,0.15321533175803942,0.14672442552679293,8.276357359553234,0.027080884981335696,1.662086189237844,0.007142857142857143,0.007142857142857143,7.549516567451064e-15
REF_126,102,0.19356570253454738,0.19311472641986846,0.20199952513275363,8.420655287127527,0.0034197370143997617,0.16165365171222068,0.0,0.00980392156862745,0.16165365171222068
REF_127,93,0.15789047710082837,0.14597264539571006,0.1419824046278328,9.655325608891538,0.04615267081716628,3.6540760857543315,0.010752688172043012,0.010752688172043012,8.715250743307479e-15
REF_128,100,0.15542460285481488,0.17529594403526214,0.1858813890233208,8.768594091924067,0.039292414627751626,3.0519875763383992,0.01,0.01,6.661338147750939e-15
