recording_id,channel,rms_dbfs,peak_dbfs,crest_db,gain_peak-1_db,gain_rms-20_db,post_rms-20_peak_dbfs,clips_after_rms-20
REF_001,L,-12.016451668963008,-0.0007952533512092487,12.015656415611799,-0.9992047466487903,-7.983548331036991,-7.984343584388198,0
REF_001,R,-12.010236774175166,-0.0007952533512092487,12.009441520823957,-0.9992047466487903,-7.989763225824835,-7.990558479176046,0
REF_001,A,-12.013395956188003,-0.0007952533512092487,12.012600702836794,-0.9992047466487903,-7.986604043811999,-7.987399297163208,0
REF_002,L,-10.838443217137586,-0.0007952533512092487,10.837647963786377,-0.9992047466487903,-9.161556782862414,-9.162352036213623,0
REF_002,R,-10.836325437791412,-0.0007952533512092487,10.835530184440204,-0.9992047466487903,-9.163674562208588,-9.164469815559796,0
REF_002,A,-10.837546963757699,-0.0014580201012210257,10.836088943656478,-0.9985419798987788,-9.162453036242303,-9.163911056343522,0
REF_003,L,-10.442592580587949,-0.0007952533512092487,10.44179732723674,-0.9992047466487903,-9.557407419412051,-9.558202672763262,0
REF_003,R,-10.441723432901655,-0.0007952533512092487,10.440928179550447,-0.9992047466487903,-9.558276567098345,-9.559071820449555,0
REF_003,A,-10.442423487860161,-0.0011929073325875257,10.441230580527574,-0.9988070926674121,-9.557576512139837,-9.558769419472425,0
REF_004,L,-12.529260618246951,-0.0007952533512092487,12.528465364895743,-0.9992047466487903,-7.470739381753049,-7.471534635104257,0
REF_004,R,-12.528611030738157,-0.0007952533512092487,12.527815777386948,-0.9992047466487903,-7.471388969261843,-7.472184222613052,0
REF_004,A,-12.528975325329824,-0.0009278026555413984,12.528047522674283,-0.9990721973444587,-7.471024674670175,-7.471952477325717,0
REF_005,L,-13.581109361652764,-0.0007952533512092487,13.580314108301556,-0.9992047466487903,-6.418890638347236,-6.419685891698446,0
REF_005,R,-13.565948314102577,-0.0007952533512092487,13.565153060751369,-0.9992047466487903,-6.434051685897421,-6.434846939248629,0
REF_005,A,-13.619929281781783,-0.0010603539826469113,13.618868927799136,-0.9989396460173532,-6.380070718218217,-6.381131072200864,0
REF_006,L,-12.447361010174651,-0.0007952533512092487,12.446565756823443,-0.9992047466487903,-7.552638989825349,-7.553434243176557,0
REF_006,R,-12.444787305853177,-0.0007952533512092487,12.443992052501969,-0.9992047466487903,-7.555212694146823,-7.556007947498032,0
REF_006,A,-12.44611128103825,-0.0009278026555413984,12.44518347838271,-0.9990721973444587,-7.5538887189617485,-7.5548165216172904,0
REF_007,L,-14.875624407832062,-0.7619423652149498,14.113682042617112,-0.23805763478504982,-5.124375592167937,-5.886317957382886,0
REF_007,R,-14.878982462014429,-0.7272865552901342,14.151695906724296,-0.2727134447098655,-5.121017537985569,-5.848304093275704,0
REF_007,A,-14.877338004048378,-0.7445971761225487,14.13274082792583,-0.25540282387745095,-5.122661995951622,-5.867259172074172,0
REF_008,L,-12.572633322147444,-0.0007952533512092487,12.571838068796236,-0.9992047466487903,-7.4273666778525556,-7.428161931203766,0
REF_008,R,-12.572362517584851,-0.0007952533512092487,12.571567264233643,-0.9992047466487903,-7.427637482415147,-7.428432735766356,0
REF_008,A,-12.57260134379965,-0.0007952533512092487,12.571806090448442,-0.9992047466487903,-7.427398656200349,-7.42819390955156,0
REF_009,L,-11.072898892394216,-0.0007952533512092487,11.072103639043007,-0.9992047466487903,-8.927101107605784,-8.927896360956993,0
REF_009,R,-11.073307661100795,-0.0007952533512092487,11.072512407749587,-0.9992047466487903,-8.926692338899205,-8.927487592250413,0
REF_009,A,-11.07312517787337,-0.0009278026555413984,11.07219737521783,-0.9990721973444587,-8.926874822126628,-8.92780262478217,0
REF_010,L,-11.610248357576536,-0.3188310910723466,11.291417266504189,-0.6811689089276535,-8.389751642423464,-8.708582733495811,0
REF_010,R,-11.609809493034877,-0.3237821968332717,11.286027296201606,-0.6762178031667281,-8.390190506965121,-8.713972703798394,0
REF_010,A,-11.610050673620865,-0.3258459908026515,11.284204682818213,-0.6741540091973477,-8.389949326379137,-8.715795317181788,0
REF_011,L,-13.355128260161555,-0.0007952533512092487,13.354333006810347,-0.9992047466487903,-6.644871739838446,-6.645666993189655,0
REF_011,R,-13.354735457256998,-0.0007952533512092487,13.35394020390579,-0.9992047466487903,-6.645264542743,-6.646059796094209,0
REF_011,A,-13.354977524097848,-0.0007952533512092487,13.354182270746639,-0.9992047466487903,-6.645022475902151,-6.645817729253359,0
REF_012,L,-13.30388966227619,-0.0007952533512092487,13.30309440892498,-0.9992047466487903,-6.69611033772381,-6.696905591075019,0
REF_012,R,-13.303220669502506,-0.0007952533512092487,13.302425416151298,-0.9992047466487903,-6.6967793304974945,-6.697574583848703,0
REF_012,A,-13.303589426917712,-0.0021208374267412656,13.301468589490971,-0.9978791625732586,-6.696410573082288,-6.69853141050903,0
REF_013,L,-17.376412869202372,-2.383267777826315,14.993145091376057,1.3832677778263147,-2.6235871307976293,-5.006854908623945,0
REF_013,R,-17.38324109231791,-2.38431412347836,14.99892696883955,1.3843141234783605,-2.6167589076820903,-5.00107303116045,0
REF_013,A,-17.380048347901514,-2.386232751276531,14.993815596624984,1.3862327512765318,-2.6199516520984862,-5.006184403375016,0
REF_014,L,-13.672924299873054,-0.76744223719726,12.905482062675794,-0.23255776280273993,-6.327075700126944,-7.094517937324204,0
REF_014,R,-13.673356386460506,-0.7793222609050736,12.894034125555432,-0.2206777390949262,-6.326643613539494,-7.105965874444566,0
REF_014,A,-13.673176118090634,-0.7761333422230342,12.8970427758676,-0.22386665777696518,-6.326823881909366,-7.1029572241324,0
REF_015,L,-12.812489968441387,-0.0007952533512092487,12.811694715090178,-0.9992047466487903,-7.187510031558613,-7.188305284909822,0
REF_015,R,-12.813071967263205,-0.0007952533512092487,12.812276713911997,-0.9992047466487903,-7.186928032736794,-7.187723286088002,0
REF_015,A,-12.81294324612837,-0.0009278026555413984,12.812015443472829,-0.9990721973444587,-7.187056753871629,-7.187984556527169,0
REF_016,L,-11.169326248637791,-0.0007952533512092487,11.168530995286583,-0.9992047466487903,-8.830673751362209,-8.831469004713417,0
REF_016,R,-11.176109951316494,-0.0007952533512092487,11.175314697965286,-0.9992047466487903,-8.823890048683506,-8.824685302034714,0
REF_016,A,-11.175000326615457,-0.0009278026555413984,11.174072523959916,-0.9990721973444587,-8.824999673384543,-8.825927476040084,0
REF_017,L,-14.449769762665534,-0.5962734521720142,13.85349631049352,-0.40372654782798495,-5.550230237334465,-6.1465036895064795,0
REF_017,R,-14.44967194485639,-0.5965573650828887,13.853114579773502,-0.40344263491711074,-5.550328055143609,-6.146885420226499,0
REF_017,A,-14.449795979433176,-0.5964154074674302,13.853380571965745,-0.4035845925325694,-5.550204020566824,-6.146619428034254,0
REF_018,L,-15.048166886608485,-1.0141419622914347,14.03402492431705,0.01414196229143546,-4.951833113391515,-5.96597507568295,0
REF_018,R,-15.048424995760579,-1.015035710261361,14.033389285499219,0.015035710261360916,-4.95157500423942,-5.9666107145007805,0
REF_018,A,-15.04832960383416,-1.0145888247809514,14.03374077905321,0.01458882478095156,-4.95167039616584,-5.966259220946791,0
REF_019,L,-12.592375091479148,-0.0007952533512092487,12.59157983812794,-0.9992047466487903,-7.40762490852085,-7.408420161872059,0
REF_019,R,-12.592845730906257,-0.0007952533512092487,12.592050477555048,-0.9992047466487903,-7.407154269093744,-7.407949522444953,0
REF_019,A,-12.592616533719758,-0.0007952533512092487,12.59182128036855,-0.9992047466487903,-7.407383466280242,-7.408178719631452,0
REF_020,L,-12.697643380507401,-0.0007952533512092487,12.696848127156192,-0.9992047466487903,-7.302356619492597,-7.303151872843806,0
REF_020,R,-12.691345136899088,-0.0007952533512092487,12.69054988354788,-0.9992047466487903,-7.3086548631009105,-7.30945011645212,0
REF_020,A,-12.694616862616392,-0.0010603539826469113,12.693556508633746,-0.9989396460173532,-7.305383137383607,-7.306443491366253,0
REF_021,L,-11.447295201001623,-0.0007952533512092487,11.446499947650414,-0.9992047466487903,-8.552704798998375,-8.553500052349584,0
REF_021,R,-11.447554262515292,-0.0007952533512092487,11.446759009164083,-0.9992047466487903,-8.552445737484708,-8.553240990835917,0
REF_021,A,-11.447473932509505,-0.0009278026555413984,11.446546129853964,-0.9990721973444587,-8.552526067490493,-8.553453870146036,0
REF_022,L,-11.621587800827896,-0.0007952533512092487,11.620792547476688,-0.9992047466487903,-8.378412199172104,-8.379207452523312,0
REF_022,R,-11.591894639222605,-0.0007952533512092487,11.591099385871397,-0.9992047466487903,-8.408105360777393,-8.408900614128603,0
REF_022,A,-11.60714921620884,-0.0007952533512092487,11.606353962857632,-0.9992047466487903,-8.39285078379116,-8.39364603714237,0
REF_023,L,-14.028941693754529,-0.0007952533512092487,14.02814644040332,-0.9992047466487903,-5.971058306245471,-5.971853559596681,0
REF_023,R,-13.986053064468798,-0.0007952533512092487,13.98525781111759,-0.9992047466487903,-6.0139469355312025,-6.014742188882413,0
REF_023,A,-14.038724005061729,-0.0018557044269781526,14.036868300634751,-0.9981442955730214,-5.96127599493827,-5.963131699365248,0
REF_024,L,-14.669168931115898,-0.0007952533512092487,14.66837367776469,-0.9992047466487903,-5.330831068884101,-5.331626322235311,0
REF_024,R,-14.66711706522447,-0.0007952533512092487,14.666321811873262,-0.9992047466487903,-5.3328829347755295,-5.333678188126739,0
REF_024,A,-14.692279116940108,-0.0009278026555413984,14.691351314284567,-0.9990721973444587,-5.307720883059892,-5.308648685715433,0
REF_025,L,-12.509704389063598,-0.0007952533512092487,12.50890913571239,-0.9992047466487903,-7.490295610936402,-7.491090864287612,0
REF_025,R,-12.503973110173405,-0.0007952533512092487,12.503177856822196,-0.9992047466487903,-7.496026889826595,-7.496822143177804,0
REF_025,A,-12.507038567783532,-0.0009278026555413984,12.50611076512799,-0.9990721973444587,-7.492961432216467,-7.493889234872009,0
REF_026,L,-15.395085292575402,-0.0007952533512092487,15.394290039224193,-0.9992047466487903,-4.604914707424598,-4.6057099607758065,0
REF_026,R,-15.394255739145677,-0.0007952533512092487,15.393460485794469,-0.9992047466487903,-4.605744260854323,-4.606539514205531,0
REF_026,A,-15.394780923496219,-0.002253406961585604,15.392527516534633,-0.9977465930384137,-4.605219076503782,-4.607472483465367,0
REF_027,L,-13.645938385257963,-0.46636802756296775,13.179570357694995,-0.5336319724370321,-6.354061614742037,-6.820429642305005,0
REF_027,R,-13.648353993997965,-0.46860586587699604,13.17974812812097,-0.5313941341230032,-6.351646006002033,-6.820251871879028,0
REF_027,A,-13.647177444959446,-0.4674868746502154,13.179690570309232,-0.5325131253497846,-6.352822555040553,-6.820309429690767,0
REF_028,L,-13.620314099640257,-0.4910160170205869,13.12929808261967,-0.5089839829794132,-6.379685900359742,-6.870701917380329,0
REF_028,R,-13.62019414530227,-0.4901745920586232,13.130019553243645,-0.5098254079413762,-6.3798058546977305,-6.8699804467563546,0
REF_028,A,-13.620263512787147,-0.4905952943507241,13.129668218436423,-0.5094047056492754,-6.379736487212852,-6.870331781563576,0
REF_029,L,-14.292174007627025,-0.0007952533512092487,14.291378754275817,-0.9992047466487903,-5.707825992372975,-5.708621245724182,0
REF_029,R,-14.292351346023892,-0.0007952533512092487,14.291556092672684,-0.9992047466487903,-5.707648653976106,-5.708443907327315,0
REF_029,A,-14.292383297550836,-0.0017231409619358597,14.2906601565889,-0.9982768590380635,-5.707616702449164,-5.709339843411101,0
REF_030,L,-14.433450213870602,-0.21958144930597923,14.213868764564623,-0.7804185506940204,-5.5665497861293955,-5.786131235435374,0
REF_030,R,-14.433349635295045,-0.21930959472971992,14.214040040565324,-0.7806904052702797,-5.566650364704956,-5.785959959434677,0
REF_030,A,-14.433406317406233,-0.21944552095427242,14.21396079645196,-0.7805544790457274,-5.5665936825937665,-5.7860392035480395,0
REF_031,L,-18.558965041064656,-5.907883494167528,12.651081546897128,4.907883494167528,-1.4410349589353435,-7.348918453102873,0
REF_031,R,-18.559183535383774,-5.932513925646311,12.626669609737462,4.932513925646313,-1.4408164646162258,-7.373330390262538,0
REF_031,A,-18.5601141858431,-5.920189979397196,12.639924206445905,4.920189979397197,-1.439885814156897,-7.360075793554093,0
REF_032,L,-16.19978749890327,-2.542000541786718,13.657786957116551,1.542000541786719,-3.800212501096728,-6.342213042883447,0
REF_032,R,-16.199840059268247,-2.553018509947005,13.646821549321242,1.5530185099470049,-3.800159940731752,-6.353178450678757,0
REF_032,A,-16.200222614468327,-2.5475077788435385,13.652714835624788,1.5475077788435394,-3.7997773855316734,-6.347285164375212,0
REF_033,L,-12.249863582648144,-0.0007952533512092487,12.249068329296936,-0.9992047466487903,-7.750136417351856,-7.750931670703065,0
REF_033,R,-12.250275644541892,-0.0007952533512092487,12.249480391190684,-0.9992047466487903,-7.749724355458108,-7.7505196088093165,0
REF_033,A,-12.252707311194888,-0.0007952533512092487,12.251912057843679,-0.9992047466487903,-7.747292688805112,-7.748087942156322,0
REF_034,L,-17.60476187694453,-2.0574359905689117,15.547325886375617,1.0574359905689121,-2.3952381230554707,-4.452674113624383,0
REF_034,R,-17.604761508766657,-2.0597877505951323,15.544973758171524,1.0597877505951325,-2.3952384912333446,-4.4550262418284765,0
REF_034,A,-17.604859681397446,-2.0586117909877686,15.546247890409678,1.058611790987769,-2.3951403186025524,-4.453752109590321,0
REF_035,L,-11.199180553179032,-0.0007952533512092487,11.198385299827823,-0.9992047466487903,-8.800819446820968,-8.801614700172177,0
REF_035,R,-11.200502446376122,-0.0007952533512092487,11.199707193024913,-0.9992047466487903,-8.799497553623878,-8.800292806975087,0
REF_035,A,-11.199870189431518,-0.0007952533512092487,11.19907493608031,-0.9992047466487903,-8.800129810568482,-8.800925063919692,0
REF_036,L,-16.136337944928453,-1.1353354122647392,15.001002532663714,0.1353354122647389,-3.863662055071547,-4.998997467336287,0
REF_036,R,-16.13638007830006,-1.1220537713076133,15.014326306992448,0.12205377130761376,-3.8636199216999394,-4.985673693007554,0
REF_036,A,-16.136409187029905,-1.1286920531577702,15.007717133872134,0.1286920531577705,-3.8635908129700933,-4.992282866127865,0
REF_037,L,-11.649199700834512,-0.0007952533512092487,11.648404447483303,-0.9992047466487903,-8.350800299165487,-8.351595552516697,0
REF_037,R,-11.635477634917697,-0.0007952533512092487,11.634682381566488,-0.9992047466487903,-8.364522365082305,-8.365317618433513,0
REF_037,A,-11.642456003103195,-0.0007952533512092487,11.641660749751987,-0.9992047466487903,-8.357543996896805,-8.358339250248013,0
REF_038,L,-22.65847995204023,-5.626755538518914,17.031724413521317,4.626755538518914,2.658479952040232,-2.9682755864786814,0
REF_038,R,-22.668167643659256,-5.629795929298945,17.03837171436031,4.629795929298945,2.668167643659257,-2.961628285639687,0
REF_038,A,-22.664009744125885,-5.631823447897802,17.032186296228083,4.631823447897802,2.6640097441258854,-2.967813703771917,0
REF_039,L,-13.640761578371837,-0.0007952533512092487,13.639966325020628,-0.9992047466487903,-6.359238421628164,-6.360033674979373,0
REF_039,R,-13.639997836402124,-0.0007952533512092487,13.639202583050915,-0.9992047466487903,-6.360002163597873,-6.360797416949083,0
REF_039,A,-13.640405237645126,-0.0007952533512092487,13.639609984293918,-0.9992047466487903,-6.359594762354873,-6.360390015706082,0
REF_040,L,-12.609190853491501,-0.0007952533512092487,12.608395600140293,-0.9992047466487903,-7.390809146508498,-7.391604399859708,0
REF_040,R,-12.608410924910054,-0.0007952533512092487,12.607615671558845,-0.9992047466487903,-7.3915890750899464,-7.392384328441156,0
REF_040,A,-12.610046788134479,-0.0009278026555413984,12.609118985478938,-0.9990721973444587,-7.389953211865522,-7.390881014521064,0
REF_041,L,-19.217488401770506,-2.667937056888058,16.54955134488245,1.6679370568880572,-0.7825115982294927,-3.4504486551175493,0
REF_041,R,-19.21801370329031,-2.667937056888058,16.550076646402253,1.6679370568880572,-0.7819862967096902,-3.449923353597748,0
REF_041,A,-19.21777003712403,-2.667937056888058,16.549832980235973,1.6679370568880572,-0.782229962875969,-3.4501670197640273,0
REF_042,L,-13.396958479705809,-0.0007952533512092487,13.3961632263546,-0.9992047466487903,-6.603041520294189,-6.603836773645398,0
REF_042,R,-13.399155381072784,-0.0007952533512092487,13.398360127721576,-0.9992047466487903,-6.600844618927216,-6.601639872278424,0
REF_042,A,-13.398066570898067,-0.0007952533512092487,13.397271317546858,-0.9992047466487903,-6.6019334291019325,-6.602728682453143,0
REF_043,L,-14.262551001125525,-0.04597899167024292,14.216572009455282,-0.9540210083297572,-5.7374489988744735,-5.783427990544717,0
REF_043,R,-14.262517854111533,-0.046511966428835934,14.216005887682696,-0.9534880335711639,-5.737482145888468,-5.783994112317304,0
REF_043,A,-14.262535697720644,-0.04624547496155729,14.216290222759087,-0.9537545250384426,-5.737464302279357,-5.783709777240914,0
REF_044,L,-11.785439039898693,-0.07079697977743184,11.71464206012126,-0.9292030202225676,-8.214560960101307,-8.28535793987874,0
REF_044,R,-11.785493998404927,-0.07133147961687099,11.714162518788056,-0.9286685203831291,-8.214506001595069,-8.285837481211942,0
REF_044,A,-11.785467935861272,-0.07106422558574069,11.714403710275532,-0.9289357744142592,-8.214532064138728,-8.285596289724468,0
REF_045,L,-16.216280328625146,-1.2757257109861686,14.940554617638977,0.2757257109861684,-3.7837196713748513,-5.0594453823610195,0
REF_045,R,-16.216594750430616,-1.2674404293974368,14.949154321033179,0.26744042939743784,-3.7834052495693813,-5.050845678966818,0
REF_045,A,-16.218968102876296,-1.271582082298057,14.94738602057824,0.27158208229805714,-3.781031897123706,-5.052613979421762,0
REF_046,L,-15.32873731277416,-2.156762298675718,13.171975014098443,1.156762298675718,-4.671262687225838,-6.828024985901555,0
REF_046,R,-15.330678209782905,-2.1343654775418694,13.196312732241035,1.1343654775418701,-4.669321790217095,-6.803687267758964,0
REF_046,A,-15.329753606296215,-2.145556669253287,13.184196937042929,1.1455566692532875,-4.670246393703786,-6.815803062957073,0
REF_047,L,-13.61072888645342,-0.1748401721919671,13.435888714261454,-0.8251598278080323,-6.389271113546579,-6.564111285738545,0
REF_047,R,-13.610795084036187,-0.1748401721919671,13.43595491184422,-0.8251598278080323,-6.389204915963813,-6.56404508815578,0
REF_047,A,-13.61078321362272,-0.1748401721919671,13.435943041430752,-0.8251598278080323,-6.389216786377281,-6.564056958569248,0
REF_048,L,-18.49231436169925,-3.5159955469206787,14.976318814778573,2.515995546920679,-1.5076856383007506,-5.023681185221429,0
REF_048,R,-18.49159454184048,-3.4716068922079324,15.019987649632549,2.4716068922079333,-1.5084054581595177,-4.98001235036745,0
REF_048,A,-18.492000174625844,-3.4937728639409156,14.998227310684928,2.4937728639409156,-1.507999825374156,-5.001772689315072,0
REF_049,L,-24.353030445208454,-9.616429566687952,14.736600878520502,8.616429566687952,4.353030445208454,-5.263399121479497,0
REF_049,R,-24.352432796263898,-9.890177501947955,14.462255294315943,8.890177501947957,4.3524327962639,-5.537744705684057,0
REF_049,A,-24.382372399497307,-10.14892526239117,14.233447137106136,9.14892526239117,4.3823723994973065,-5.766552862893864,0
REF_050,L,-16.28688780355921,-2.7026026639415424,13.584285139617668,1.7026026639415426,-3.713112196440791,-6.415714860382334,0
REF_050,R,-16.28604434895379,-2.6975386378566135,13.588505711097177,1.6975386378566144,-3.713955651046208,-6.411494288902821,0
REF_050,A,-16.31758455279133,-2.700070281847074,13.617514270944257,1.700070281847075,-3.682415447208668,-6.382485729055743,0
REF_051,L,-11.685962388857611,-0.42423661602484347,11.261725772832767,-0.5757633839751564,-8.314037611142389,-8.738274227167233,0
REF_051,R,-11.705269951854149,-0.4256284293881921,11.279641522465957,-0.5743715706118072,-8.29473004814585,-8.720358477534042,0
REF_051,A,-11.695914812342817,-0.4249324948287684,11.270982317514049,-0.5750675051712316,-8.304085187657181,-8.72901768248595,0
REF_052,L,-14.376359170687397,-0.0007952533512092487,14.375563917336189,-0.9992047466487903,-5.623640829312603,-5.624436082663812,0
REF_052,R,-14.376360762700703,-0.0007952533512092487,14.375565509349494,-0.9992047466487903,-5.623639237299298,-5.624434490650508,0
REF_052,A,-14.376375976344832,-0.0009278026555413984,14.375448173689291,-0.9990721973444587,-5.623624023655167,-5.62455182631071,0
REF_053,L,-10.793353030232533,-0.0007952533512092487,10.792557776881324,-0.9992047466487903,-9.206646969767466,-9.207442223118674,0
REF_053,R,-10.799143368383369,-0.0007952533512092487,10.79834811503216,-0.9992047466487903,-9.200856631616631,-9.201651884967841,0
REF_053,A,-10.796293367175009,-0.0007952533512092487,10.7954981138238,-0.9992047466487903,-9.20370663282499,-9.204501886176198,0
REF_054,L,-16.52891944143046,-1.2472207279657253,15.281698713464735,0.2472207279657264,-3.4710805585695392,-4.718301286535265,0
REF_054,R,-16.527811957946682,-1.2249111984840562,15.302900759462625,0.22491119848405727,-3.472188042053318,-4.697099240537374,0
REF_054,A,-16.528478456918865,-1.2360588005307163,15.292419656388148,0.23605880053071704,-3.4715215430811353,-4.707580343611851,0
REF_055,L,-11.204393526149,-0.10265710232749298,11.101736423821507,-0.8973428976725072,-8.795606473851,-8.898263576178495,0
REF_055,R,-11.204614057190632,-0.10238888272063285,11.10222517447,-0.8976111172793667,-8.795385942809368,-8.897774825530002,0
REF_055,A,-11.204575182195525,-0.1025229914887378,11.102052190706786,-0.8974770085112618,-8.795424817804475,-8.897947809293214,0
REF_056,L,-14.219167715692178,-1.0302435130903813,13.188924202601797,0.03024351309038173,-5.780832284307821,-6.8110757973982015,0
REF_056,R,-14.219094029757189,-0.9903425443449796,13.228751485412209,-0.009657455655020429,-5.780905970242811,-6.771248514587791,0
REF_056,A,-14.21931161497878,-1.0183135731754946,13.200998041803285,0.018313573175495704,-5.78068838502122,-6.7990019581967145,0
REF_057,L,-14.919814293711898,-1.1835004423910125,13.736313851320885,0.18350044239101274,-5.080185706288103,-6.263686148679115,0
REF_057,R,-14.921167586932604,-1.172571738762386,13.748595848170218,0.1725717387623854,-5.078832413067396,-6.251404151829782,0
REF_057,A,-14.920502505321682,-1.1780343717465032,13.74246813357518,0.17803437174650372,-5.079497494678317,-6.257531866424819,0
REF_058,L,-15.878587113043183,-0.9228697905709987,14.955717322472184,-0.077130209429001,-4.121412886956815,-5.0442826775278125,0
REF_058,R,-15.87967347882743,-0.9222802372117779,14.957393241615652,-0.07771976278822214,-4.1203265211725695,-5.042606758384348,0
REF_058,A,-15.879441961310057,-0.9225750088894085,14.956866952420649,-0.07742499111059174,-4.120558038689942,-5.04313304757935,0
REF_059,L,-17.178766002025792,-4.2394616271166905,12.939304374909103,3.239461627116691,-2.8212339979742076,-7.060695625090898,0
REF_059,R,-17.17913341147533,-4.24075728725952,12.93837612421581,3.2407572872595205,-2.820866588524668,-7.061623875784187,0
REF_059,A,-17.18745026306614,-4.240109433029163,12.947340830036977,3.240109433029164,-2.8125497369338586,-7.052659169963023,0
REF_060,L,-12.693390668712116,-0.0007952533512092487,12.692595415360907,-0.9992047466487903,-7.306609331287881,-7.30740458463909,0
REF_060,R,-12.693030342584741,-0.0007952533512092487,12.692235089233533,-0.9992047466487903,-7.306969657415258,-7.307764910766466,0
REF_060,A,-12.693343701118154,-0.0007952533512092487,12.692548447766946,-0.9992047466487903,-7.306656298881845,-7.307451552233054,0
REF_061,L,-10.531455210184413,-0.0007952533512092487,10.530659956833205,-0.9992047466487903,-9.468544789815587,-9.469340043166795,0
REF_061,R,-10.531432066640424,-0.0007952533512092487,10.530636813289215,-0.9992047466487903,-9.468567933359578,-9.469363186710789,0
REF_061,A,-10.531447369781874,-0.0007952533512092487,10.530652116430666,-0.9992047466487903,-9.468552630218124,-9.469347883569334,0
REF_062,L,-14.149871118271822,-0.3875731747816131,13.762297943490209,-0.6124268252183871,-5.850128881728178,-6.237702056509792,0
REF_062,R,-14.150336503638261,-0.4256284293881921,13.724708074250069,-0.5743715706118072,-5.84966349636174,-6.275291925749932,0
REF_062,A,-14.150165927704537,-0.4065799607936644,13.743585966910873,-0.5934200392063351,-5.849834072295463,-6.256414033089128,0
REF_063,L,-16.027321655285828,-1.7252618011001033,14.302059854185725,0.7252618011001044,-3.972678344714173,-5.697940145814275,0
REF_063,R,-16.02725015551244,-1.7466269250250102,14.28062323048743,0.7466269250250113,-3.9727498444875575,-5.719376769512569,0
REF_063,A,-16.027291328411216,-1.735937793954148,14.291353534457068,0.7359377939541485,-3.9727086715887827,-5.708646465542931,0
REF_064,L,-16.01258535017853,-1.5289802176042953,14.483605132574233,0.5289802176042964,-3.98741464982147,-5.516394867425766,0
REF_064,R,-16.012915370548708,-1.5292963152675234,14.483619055281185,0.5292963152675232,-3.98708462945129,-5.516380944718814,0
REF_064,A,-16.01296581394119,-1.5291382649979777,14.483827548943212,0.5291382649979782,-3.9870341860588105,-5.5161724510567876,0
REF_065,L,-16.104651495653354,-2.3262584924223466,13.778393003231006,1.3262584924223462,-3.8953485043466456,-6.221606996768992,0
REF_065,R,-16.104537289825874,-2.320024102909731,13.784513186916143,1.3200241029097313,-3.895462710174124,-6.215486813083855,0
REF_065,A,-16.104793324318493,-2.323140738316142,13.781652586002352,1.3231407383161424,-3.8952066756815067,-6.218347413997649,0
REF_066,L,-16.393928855237057,-2.379083655243025,14.014845199994031,1.3790836552430257,-3.6060711447629394,-5.985154800005965,0
REF_066,R,-16.40386603613844,-2.354368753714676,14.049497282423763,1.3543687537146767,-3.5961339638615595,-5.950502717576236,0
REF_066,A,-16.399561110710785,-2.372985420489408,14.026575690221376,1.372985420489409,-3.6004388892892174,-5.9734243097786255,0
REF_067,L,-10.58622030089423,-0.0007952533512092487,10.585425047543021,-0.9992047466487903,-9.41377969910577,-9.41457495245698,0
REF_067,R,-10.588536185432588,-0.0007952533512092487,10.58774093208138,-0.9992047466487903,-9.41146381456741,-9.412259067918619,0
REF_067,A,-10.587436902586685,-0.0007952533512092487,10.586641649235476,-0.9992047466487903,-9.412563097413315,-9.413358350764524,0
REF_068,L,-15.97839468048207,-1.309562487856508,14.668832192625562,0.30956248785650886,-4.021605319517928,-5.331167807374435,0
REF_068,R,-15.978707604469122,-1.3104871580695558,14.668220446399566,0.3104871580695563,-4.021292395530877,-5.331779553600432,0
REF_068,A,-15.978666777045616,-1.310024810658377,14.66864196638724,0.3100248106583779,-4.021333222954384,-5.33135803361276,0
REF_069,L,-18.069245876197005,-5.249512192235923,12.819733683961083,4.249512192235924,-1.9307541238029957,-7.18026631603892,0
REF_069,R,-18.06921610181076,-5.2524233383825125,12.816792763428246,4.252423338382513,-1.9307838981892398,-7.183207236571753,0
REF_069,A,-18.069349249436264,-5.2509676433474475,12.818381606088817,4.250967643347448,-1.9306507505637351,-7.181618393911183,0
REF_070,L,-11.49923585725267,-0.0007952533512092487,11.49844060390146,-0.9992047466487903,-8.50076414274733,-8.50155939609854,0
REF_070,R,-11.497798106830734,-0.0007952533512092487,11.497002853479525,-0.9992047466487903,-8.502201893169264,-8.502997146520473,0
REF_070,A,-11.49862700478472,-0.0007952533512092487,11.49783175143351,-0.9992047466487903,-8.50137299521528,-8.502168248566488,0
REF_071,L,-13.325741170082335,-0.3202061151595103,13.005535054922824,-0.6797938848404889,-6.674258829917665,-6.994464945077175,0
REF_071,R,-13.325809616136326,-0.3199310929276164,13.00587852320871,-0.6800689070723837,-6.674190383863675,-6.994121476791292,0
REF_071,A,-13.326314482851327,-0.3200686029550561,13.006245879896271,-0.679931397044944,-6.673685517148674,-6.9937541201037305,0
REF_072,L,-16.175119751026138,-1.6781854408858523,14.496934310140286,0.6781854408858518,-3.8248802489738627,-5.5030656898597154,0
REF_072,R,-16.17493336874491,-1.665653310342594,14.509280058402316,0.6656533103425937,-3.825066631255089,-5.490719941597683,0
REF_072,A,-16.175828825136307,-1.671917115421415,14.503911709714892,0.6719171154214154,-3.824171174863692,-5.496088290285107,0
REF_073,L,-12.378029522913375,-0.0007952533512092487,12.377234269562166,-0.9992047466487903,-7.6219704770866255,-7.622765730437835,0
REF_073,R,-12.378342411909395,-0.0007952533512092487,12.377547158558187,-0.9992047466487903,-7.6216575880906055,-7.622452841441815,0
REF_073,A,-12.384044135641286,-0.0007952533512092487,12.383248882290077,-0.9992047466487903,-7.615955864358713,-7.6167511177099225,0
REF_074,L,-19.446382243810948,-0.8515303943231609,18.59485184948779,-0.1484696056768386,-0.553617756189051,-1.4051481505122112,0
REF_074,R,-19.446446713843475,-0.8512380238016304,18.595208690041844,-0.14876197619836903,-0.553553286156524,-1.404791309958155,0
REF_074,A,-19.447360471645947,-0.851384207832232,18.595976263813714,-0.1486157921677681,-0.5526395283540533,-1.4040237361862848,0
REF_075,L,-10.60324472047559,-0.0007952533512092487,10.602449467124382,-0.9992047466487903,-9.396755279524408,-9.397550532875616,0
REF_075,R,-10.60357714461958,-0.0007952533512092487,10.602781891268371,-0.9992047466487903,-9.396422855380418,-9.397218108731627,0
REF_075,A,-10.603455256445182,-0.0007952533512092487,10.602660003093973,-0.9992047466487903,-9.396544743554818,-9.397339996906027,0
REF_076,L,-17.09265590638026,-2.913923651753679,14.17873225462658,1.9139236517536795,-2.9073440936197406,-5.821267745373419,0
REF_076,R,-17.092224542601574,-2.915406707998041,14.176817834603533,1.9154067079980408,-2.9077754573984267,-5.823182165396469,0
REF_076,A,-17.092466930347207,-2.914665148223147,14.17780178212406,1.9146651482231465,-2.907533069652794,-5.82219821787594,0
REF_077,L,-13.910552434049206,-0.4083856868673305,13.502166747181876,-0.5916143131326688,-6.089447565950793,-6.497833252818124,0
REF_077,R,-13.910519717834626,-0.4106086344179173,13.499911083416709,-0.5893913655820819,-6.089480282165374,-6.500088916583291,0
REF_077,A,-13.910562359537145,-0.4108865428675424,13.499675816669603,-0.5891134571324571,-6.0894376404628545,-6.500324183330397,0
REF_078,L,-21.746271618080165,-7.403827159882176,14.342444458197988,6.4038271598821765,1.7462716180801643,-5.657555541802011,0
REF_078,R,-21.747171677350046,-7.4137794836728945,14.333392193677152,6.413779483672894,1.7471716773500492,-5.666607806322844,0
REF_078,A,-21.746731742663567,-7.408801896351535,14.337929846312033,6.408801896351535,1.746731742663568,-5.662070153687965,0
REF_079,L,-17.23349665946998,-1.6003936675350483,15.633102991934933,0.6003936675350487,-2.7665033405300172,-4.366897008065066,0
REF_079,R,-17.233594725876262,-1.676899261690067,15.556695464186195,0.6768992616900675,-2.7664052741237386,-4.443304535813805,0
REF_079,A,-17.233895478153837,-1.6470491598346018,15.586846318319235,0.647049159834602,-2.7661045218461613,-4.413153681680763,0
REF_080,L,-22.706309490234187,-4.29578493166393,18.410524558570255,3.2957849316639303,2.706309490234187,-1.5894754414297436,0
REF_080,R,-22.70654044343832,-4.34810184717476,18.35843859626356,3.3481018471747603,2.7065404434383216,-1.6415614037364388,0
REF_080,A,-22.70808393700055,-4.338923609855127,18.369160327145423,3.3389236098551276,2.70808393700055,-1.6308396728545764,0
REF_081,L,-20.080471612898457,-6.333108695682387,13.74736291721607,5.333108695682388,0.08047161289845778,-6.252637082783931,0
REF_081,R,-20.07461056850678,-6.332559147130241,13.74205142137654,5.332559147130241,0.074610568506781,-6.25794857862346,0
REF_081,A,-20.078016960821095,-6.3328339170601335,13.745183043760962,5.3328339170601335,0.07801696082109746,-6.254816956239035,0
REF_082,L,-13.180209133485373,-0.4806441348564806,12.699564998628892,-0.5193558651435186,-6.819790866514625,-7.300435001371105,0
REF_082,R,-13.179627823394593,-0.4767228663711618,12.702904957023431,-0.5232771336288377,-6.820372176605407,-7.297095042976569,0
REF_082,A,-13.17992397590901,-0.4786832793304086,12.701240696578601,-0.521316720669591,-6.82007602409099,-7.298759303421397,0
REF_083,L,-13.754968211558063,-0.725269228269455,13.029698983288608,-0.2747307717305445,-6.245031788441936,-6.970301016711391,0
REF_083,R,-13.755187121696931,-0.7295926457425668,13.025594475954364,-0.2704073542574333,-6.24481287830307,-6.974405524045637,0
REF_083,A,-13.755199211802868,-0.727430668007393,13.027768543795474,-0.27256933199260636,-6.244800788197132,-6.972231456204526,0
REF_084,L,-11.417576386402786,-0.0007952533512092487,11.416781133051577,-0.9992047466487903,-8.582423613597213,-8.583218866948423,0
REF_084,R,-11.417686347482993,-0.0007952533512092487,11.416891094131785,-0.9992047466487903,-8.582313652517005,-8.583108905868214,0
REF_084,A,-11.41764194168622,-0.0007952533512092487,11.416846688335012,-0.9992047466487903,-8.582358058313778,-8.583153311664987,0
REF_085,L,-14.763126190815418,-2.5843716876038543,12.178754503211564,1.5843716876038538,-5.23687380918458,-7.821245496788434,0
REF_085,R,-14.763213736789822,-2.5843716876038543,12.178842049185969,1.5843716876038538,-5.236786263210178,-7.821157950814031,0
REF_085,A,-14.763198295630332,-2.5843716876038543,12.178826608026478,1.5843716876038538,-5.236801704369668,-7.821173391973522,0
REF_086,L,-12.876076778098007,-0.0007952533512092487,12.875281524746798,-0.9992047466487903,-7.123923221901993,-7.124718475253202,0
REF_086,R,-12.874272963375956,-0.0007952533512092487,12.873477710024748,-0.9992047466487903,-7.125727036624044,-7.126522289975253,0
REF_086,A,-12.875212528223226,-0.0007952533512092487,12.874417274872018,-0.9992047466487903,-7.124787471776772,-7.125582725127981,0
REF_087,L,-12.70014540277378,-0.0007952533512092487,12.699350149422571,-0.9992047466487903,-7.29985459722622,-7.30064985057743,0
REF_087,R,-12.696223726863458,-0.0007952533512092487,12.69542847351225,-0.9992047466487903,-7.303776273136542,-7.304571526487752,0
REF_087,A,-12.707596532792673,-0.0007952533512092487,12.706801279441464,-0.9992047466487903,-7.292403467207327,-7.293198720558537,0
REF_088,L,-12.290861627088589,-0.806039160829396,11.484822466259192,-0.1939608391706037,-7.70913837291141,-8.515177533740806,0
REF_088,R,-12.292601555791888,-0.7967370023627354,11.495864553429152,-0.2032629976372644,-7.70739844420811,-8.504135446570846,0
REF_088,A,-12.2917709762177,-0.8013868363271353,11.490384139890566,-0.19861316367286427,-7.7082290237823,-8.509615860109436,0
REF_089,L,-11.388259926495607,-0.0007952533512092487,11.387464673144398,-0.9992047466487903,-8.611740073504393,-8.612535326855602,0
REF_089,R,-11.388722566642745,-0.0007952533512092487,11.387927313291536,-0.9992047466487903,-8.611277433357255,-8.612072686708466,0
REF_089,A,-11.388510494320567,-0.0007952533512092487,11.387715240969358,-0.9992047466487903,-8.611489505679433,-8.612284759030642,0
REF_090,L,-13.516082631814037,-0.5809559196939323,12.935126712120104,-0.419044080306067,-6.483917368185963,-7.064873287879896,0
REF_090,R,-13.515478832005618,-0.5798223615013852,12.935656470504233,-0.4201776384986149,-6.484521167994382,-7.064343529495767,0
REF_090,A,-13.524220656218215,-0.5803891221056817,12.943831534112533,-0.41961087789431806,-6.475779343781784,-7.056168465887465,0
REF_091,L,-16.675714936226235,-0.0007952533512092487,16.674919682875025,-0.9992047466487903,-3.3242850637737673,-3.325080317124976,0
REF_091,R,-16.6762308575024,-0.0007952533512092487,16.67543560415119,-0.9992047466487903,-3.3237691424975973,-3.3245643958488067,0
REF_091,A,-16.675984922154484,-0.0013254627054249824,16.67465945944906,-0.9986745372945742,-3.3240150778455164,-3.3253405405509415,0
REF_092,L,-11.65128848982014,-0.0007952533512092487,11.65049323646893,-0.9992047466487903,-8.34871151017986,-8.34950676353107,0
REF_092,R,-11.651413870177603,-0.0007952533512092487,11.650618616826394,-0.9992047466487903,-8.348586129822397,-8.349381383173606,0
REF_092,A,-11.651376838375452,-0.0007952533512092487,11.650581585024243,-0.9992047466487903,-8.348623161624548,-8.349418414975759,0
REF_093,L,-14.527819694530743,-0.8899162725213869,13.637903422009357,-0.11008372747861295,-5.472180305469257,-6.362096577990643,0
REF_093,R,-14.526432460012122,-0.8913847486847631,13.63504771132736,-0.10861525131523622,-5.473567539987879,-6.364952288672643,0
REF_093,A,-14.527425050760268,-0.8906504795696645,13.636774571190603,-0.10934952043033526,-5.472574949239732,-6.363225428809397,0
REF_094,L,-19.84916724392274,-4.542672495868532,15.306494748054208,3.5426724958685316,-0.15083275607726035,-4.693505251945792,0
REF_094,R,-19.84772166052284,-4.542225311291087,15.305496349231753,3.5422253112910873,-0.15227833947715722,-4.694503650768245,0
REF_094,A,-19.848477355923908,-4.5424489007019515,15.306028455221956,3.5424489007019515,-0.15152264407609026,-4.693971544778043,0
REF_095,L,-16.35776870590147,-1.1886660028394602,15.169102703062011,0.1886660028394601,-3.6422312940985293,-4.830897296937989,0
REF_095,R,-16.356456464484047,-1.1907938915394984,15.165662572944548,0.1907938915394994,-3.6435435355159544,-4.834337427055454,0
REF_095,A,-16.357123026382418,-1.189729882027612,15.167393144354806,0.18972988202761243,-3.6428769736175837,-4.832606855645196,0
REF_096,L,-15.07315005054937,-1.0736274236630985,13.999522626886272,0.07362742366309946,-4.926849949450631,-6.000477373113728,0
REF_096,R,-15.074103409279507,-1.0715280424928395,14.002575366786667,0.071528042492839,-4.925896590720493,-5.997424633213332,0
REF_096,A,-15.076562554894666,-1.0725776696503657,14.0039848852443,0.07257766965036587,-4.923437445105334,-5.996015114755701,0
REF_097,L,-11.414470328637819,-0.0007952533512092487,11.41367507528661,-0.9992047466487903,-8.585529671362181,-8.586324924713391,0
REF_097,R,-11.417800811471832,-0.0007952533512092487,11.417005558120623,-0.9992047466487903,-8.582199188528168,-8.582994441879377,0
REF_097,A,-11.416839593885602,-0.0007952533512092487,11.416044340534393,-0.9992047466487903,-8.583160406114398,-8.583955659465607,0
REF_098,L,-14.830870961044322,-0.7344951218051538,14.096375839239169,-0.2655048781948461,-5.169129038955678,-5.903624160760832,0
REF_098,R,-14.831184362488344,-0.6749877267568761,14.156196635731467,-0.3250122732431232,-5.168815637511656,-5.843803364268533,0
REF_098,A,-14.839117061529716,-0.7046904634225476,14.134426598107169,-0.29530953657745174,-5.160882938470285,-5.865573401892831,0
REF_099,L,-20.242200640637698,-6.572131292704956,13.670069347932742,5.572131292704956,0.242200640637701,-6.3299306520672545,0
REF_099,R,-20.24376947226928,-6.541117273965798,13.702652198303479,5.541117273965799,0.24376947226927567,-6.297347801696524,0
REF_099,A,-20.25228439085652,-6.556610440929943,13.695673949926576,5.556610440929944,0.25228439085652227,-6.304326050073421,0
REF_100,L,-14.759705974654189,-1.038006770072966,13.721699204581222,0.03800677007296586,-5.240294025345812,-6.278300795418778,0
REF_100,R,-14.760023552951392,-1.0365132970663007,13.723510255885092,0.036513297066300486,-5.239976447048608,-6.27648974411491,0
REF_100,A,-14.760896483452257,-1.0372600014707103,13.723636481981547,0.037260001470710104,-5.239103516547741,-6.276363518018452,0
REF_101,L,-14.354449976703558,-0.8729000676936196,13.481549909009939,-0.12709993230637973,-5.645550023296442,-6.518450090990062,0
REF_101,R,-14.354366338926711,-0.8778841234510881,13.476482215475624,-0.12211587654891125,-5.645633661073287,-6.523517784524375,0
REF_101,A,-14.354567697368207,-0.8753917380843403,13.479175959283866,-0.12460826191565944,-5.645432302631789,-6.520824040716131,0
REF_102,L,-13.869532981615986,-0.5047708422999909,13.364762139315996,-0.4952291577000084,-6.130467018384014,-6.635237860684006,0
REF_102,R,-13.869978097941374,-0.4652493245781241,13.40472877336325,-0.5347506754218759,-6.130021902058625,-6.59527122663675,0
REF_102,A,-13.870044099677648,-0.48498760518581097,13.385056494491836,-0.5150123948141889,-6.129955900322352,-6.614943505508163,0
REF_103,L,-14.779170302933958,-1.1286920531577702,13.650478249776187,0.1286920531577705,-5.2208296970660415,-6.349521750223812,0
REF_103,R,-14.779355077856433,-1.1286920531577702,13.650663024698662,0.1286920531577705,-5.220644922143565,-6.349336975301335,0
REF_103,A,-14.783426430062649,-1.1286920531577702,13.654734376904878,0.1286920531577705,-5.216573569937349,-6.34526562309512,0
REF_104,L,-22.78103962573883,-7.3092295693648355,15.471810056373997,6.309229569364837,2.781039625738831,-4.528189943626005,0
REF_104,R,-22.782312330700933,-7.3092295693648355,15.473082761336098,6.309229569364837,2.782312330700936,-4.526917238663899,0
REF_104,A,-22.786863262597837,-7.3092295693648355,15.477633693233003,6.309229569364837,2.7868632625978385,-4.5223663067669975,0
REF_105,L,-19.926289371980783,-3.5714023872259077,16.354886984754874,2.5714023872259077,-0.07371062801921473,-3.645113015245122,0
REF_105,R,-19.90593232226557,-3.336671644427727,16.569260677837843,2.3366716444277276,-0.09406767773442742,-3.4307393221621547,0
REF_105,A,-19.916228322100274,-3.4536385988892815,16.462589723210993,2.453638598889282,-0.08377167789972358,-3.537410276789004,0
REF_106,L,-10.808076596225058,-0.0007952533512092487,10.80728134287385,-0.9992047466487903,-9.191923403774943,-9.192718657126152,0
REF_106,R,-10.808010957985543,-0.0007952533512092487,10.807215704634334,-0.9992047466487903,-9.191989042014457,-9.192784295365666,0
REF_106,A,-10.808048914697073,-0.0007952533512092487,10.807253661345865,-0.9992047466487903,-9.191951085302925,-9.192746338654135,0
REF_107,L,-17.989625262786653,-0.39727947477580716,17.592345788010846,-0.6027205252241927,-2.0103747372133474,-2.407654211989154,0
REF_107,R,-17.989621285889765,-0.39727947477580716,17.592341811113958,-0.6027205252241927,-2.010378714110234,-2.4076581888860407,0
REF_107,A,-17.98966921527536,-0.39727947477580716,17.592389740499552,-0.6027205252241927,-2.0103307847246397,-2.407610259500447,0
REF_108,L,-17.151280197931648,-1.3658380723499741,15.785442125581675,0.36583807234997356,-2.848719802068355,-4.214557874418329,0
REF_108,R,-17.14716179083836,-1.3720444960781821,15.775117294760179,0.37204449607818313,-2.852838209161637,-4.2248827052398195,0
REF_108,A,-17.14923522349735,-1.368940729871111,15.780294493626238,0.3689407298711118,-2.8507647765026514,-4.219705506373763,0
REF_109,L,-9.971999438881372,-0.0007952533512092487,9.971204185530164,-0.9992047466487903,-10.028000561118628,-10.028795814469838,0
REF_109,R,-9.97211503722795,-0.0007952533512092487,9.97131978387674,-0.9992047466487903,-10.02788496277205,-10.02868021612326,0
REF_109,A,-9.972065088023847,-0.0007952533512092487,9.971269834672638,-0.9992047466487903,-10.027934911976153,-10.028730165327364,0
REF_110,L,-18.645428679582373,-5.415046673260199,13.230382006322174,4.4150466732602,-1.354571320417628,-6.769617993677828,0
REF_110,R,-18.645319954869052,-5.415541130872155,13.229778823996897,4.415541130872154,-1.3546800451309502,-6.770221176003104,0
REF_110,A,-18.64538187980117,-5.4152938985477075,13.230087981253464,4.415293898547707,-1.3546181201988285,-6.769912018746536,0
REF_111,L,-17.544888534327733,-4.586159195127658,12.958729339200074,3.5861591951276584,-2.4551114656722666,-7.041270660799924,0
REF_111,R,-17.545347145766318,-4.585260360373603,12.960086785392715,3.5852603603736033,-2.4546528542336814,-7.039913214607284,0
REF_111,A,-17.55736988999254,-4.5857097661239585,12.971660123868581,3.5857097661239585,-2.44263011000746,-7.028339876131417,0
REF_112,L,-13.5360921671894,-0.8150601368577806,12.721032030331619,-0.18493986314221944,-6.463907832810599,-7.278967969668381,0
REF_112,R,-13.536182963515033,-0.8147689913455586,12.721413972169474,-0.1852310086544415,-6.463817036484967,-7.278586027830524,0
REF_112,A,-13.53614221282198,-0.8149145628817931,12.721227649940188,-0.18508543711820705,-6.46385778717802,-7.278772350059813,0
REF_113,L,-18.429816304375947,-2.978298323946931,15.451517980429017,1.9782983239469325,-1.5701836956240531,-4.548482019570984,0
REF_113,R,-18.429647616003884,-2.9775513755319665,15.452096240471917,1.9775513755319674,-1.5703523839961169,-4.547903759528083,0
REF_113,A,-18.429761355123965,-2.9779248417101636,15.451836513413802,1.9779248417101634,-1.5702386448760322,-4.548163486586196,0
REF_114,L,-21.257096982788926,-4.800007308869011,16.457089673919917,3.800007308869012,1.257096982788927,-3.5429103260800843,0
REF_114,R,-21.257055189838255,-4.800007308869011,16.45704788096924,3.800007308869012,1.2570551898382578,-3.5429521190307534,0
REF_114,A,-21.257111761395034,-4.800007308869011,16.457104452526025,3.800007308869012,1.2571117613950336,-3.5428955474739783,0
REF_115,L,-19.088580420401467,-1.8391660701027288,17.24941435029874,0.8391660701027301,-0.9114195795985324,-2.7505856497012617,0
REF_115,R,-19.091307773858848,-1.6942787709882992,17.39702900287055,0.6942787709882987,-0.9086922261411521,-2.602970997129451,0
REF_115,A,-19.090277770913524,-1.76642032014265,17.323857450770873,0.766420320142651,-0.9097222290864747,-2.676142549229125,0
REF_116,L,-16.341915881807935,-0.5905971419202878,15.751318739887648,-0.40940285807971216,-3.658084118192064,-4.248681260112352,0
REF_116,R,-16.34122047139099,-0.5900297148655007,15.751190756525489,-0.40997028513449907,-3.65877952860901,-4.24880924347451,0
REF_116,A,-16.341581053121235,-0.5903134237593236,15.751267629361912,-0.4096865762406763,-3.658418946878766,-4.2487323706380895,0
REF_117,L,-15.236070377404614,-0.44625338559495054,14.789816991809664,-0.5537466144050494,-4.763929622595386,-5.210183008190336,0
REF_117,R,-15.235523205127182,-0.4571430340802125,14.778380171046969,-0.5428569659197875,-4.7644767948728175,-5.22161982895303,0
REF_117,A,-15.236275985227252,-0.45812097814761665,14.778155007079635,-0.5418790218523831,-4.763724014772747,-5.221844992920364,0
REF_118,L,-16.775326121584317,-2.6369995005162767,14.13832662106804,1.6369995005162772,-3.224673878415682,-5.861673378931958,0
REF_118,R,-16.77607687316254,-2.7160003911047452,14.060076482057795,1.7160003911047461,-3.22392312683746,-5.939923517942205,0
REF_118,A,-16.78409190847315,-2.713282965160002,14.07080894331315,1.7132829651600023,-3.215908091526849,-5.929191056686851,0
REF_119,L,-16.041018594261654,-0.5157341492843938,15.525284444977261,-0.484265850715606,-3.958981405738346,-4.47471555502274,0
REF_119,R,-16.040288431217114,-0.611618044786311,15.428670386430802,-0.38838195521368907,-3.9597115687828848,-4.571329613569196,0
REF_119,A,-16.040787132418394,-0.5635437894203755,15.477243342998019,-0.436456210579624,-3.959212867581607,-4.522756657001982,0
REF_120,L,-15.92307135891031,-0.016981216822360503,15.90609014208795,-0.9830187831776395,-4.0769286410896886,-4.093909857912049,0
REF_120,R,-15.922511743336209,-0.016715629834675574,15.905796113501532,-0.9832843701653247,-4.07748825666379,-4.094203886498465,0
REF_120,A,-15.928534765291381,-0.01684842231341695,15.911686342977964,-0.9831515776865825,-4.071465234708617,-4.088313657022034,0
REF_121,L,-15.832566467324359,-2.026920914030577,13.805645553293783,1.026920914030577,-4.167433532675641,-6.194354446706218,0
REF_121,R,-15.8322882944837,-2.027590424158327,13.804697870325374,1.0275904241583278,-4.167711705516298,-6.195302129674626,0
REF_121,A,-15.834848078356867,-2.027255662643705,13.807592415713161,1.0272556626437064,-4.165151921643132,-6.192407584286839,0
REF_122,L,-15.457688845179135,-0.0007952533512092487,15.456893591827926,-0.9992047466487903,-4.542311154820866,-4.543106408172076,0
REF_122,R,-15.457750135316807,-0.007159902715879594,15.450590232600927,-0.9928400972841201,-4.542249864683193,-4.549409767399071,0
REF_122,A,-15.466235165563875,-0.003976995065617173,15.462258170498258,-0.9960230049343828,-4.533764834436125,-4.537741829501742,0
REF_123,L,-14.796747922897715,-0.7269983370285955,14.06974958586912,-0.2730016629714038,-5.203252077102284,-5.930250414130879,0
REF_123,R,-14.796774796971437,-0.7229642852398901,14.073810511731548,-0.27703571476010985,-5.203225203028563,-5.926189488268452,0
REF_123,A,-14.798338838820504,-0.7249810769386916,14.073357761881812,-0.2750189230613082,-5.201661161179495,-5.926642238118188,0
REF_124,L,-19.792465733542286,-0.7671526834131491,19.02531305012914,-0.23284731658685068,-0.20753426645771184,-0.9746869498708606,0
REF_124,R,-19.792636379764144,-0.7645471336313381,19.028089246132804,-0.2354528663686617,-0.20736362023585453,-0.9719107538671924,0
REF_124,A,-19.792973407882034,-0.765849810822268,19.027123597059767,-0.23415018917773203,-0.20702659211796676,-0.9728764029402344,0
REF_125,L,-11.147691461256848,-0.0007952533512092487,11.14689620790564,-0.9992047466487903,-8.85230853874315,-8.85310379209436,0
REF_125,R,-11.147589714582093,-0.0007952533512092487,11.146794461230884,-0.9992047466487903,-8.852410285417907,-8.853205538769116,0
REF_125,A,-11.147667186922428,-0.0007952533512092487,11.14687193357122,-0.9992047466487903,-8.852332813077572,-8.85312806642878,0
REF_126,L,-15.309890794111936,-0.8509456631210776,14.458945130990859,-0.14905433687892233,-4.690109205888064,-5.541054869009142,0
REF_126,R,-15.30912491725774,-0.8544546409380166,14.454670276319725,-0.14554535906198282,-4.690875082742258,-5.5453297236802745,0
REF_126,A,-15.309944110383999,-0.852699974832309,14.45724413555169,-0.14730002516769036,-4.690055889616001,-5.54275586444831,0
REF_127,L,-18.158123246921292,-3.492187702947728,14.665935543973564,2.4921877029477284,-1.8418767530787048,-5.334064456026432,0
REF_127,R,-18.15815746086472,-3.3698187257237775,14.788338735140943,2.369818725723778,-1.841842539135279,-5.211661264859057,0
REF_127,A,-18.164034915994435,-3.4459492659492263,14.718085650045209,2.445949265949227,-1.8359650840055661,-5.281914349954792,0
REF_128,L,-14.155981752906136,-0.6193005185555426,13.536681234350594,-0.3806994814444569,-5.844018247093863,-6.463318765649406,0
REF_128,R,-14.156021509378473,-0.6201545463462179,13.535866963032255,-0.37984545365378203,-5.843978490621526,-6.464133036967744,0
REF_128,A,-14.156005529336909,-0.6197275219544962,13.536278007382412,-0.38027247804550335,-5.843994470663092,-6.463721992617588,0
