recording_id,n_in,sr_in,energy_above_8k_frac,energy_above_11k_frac,energy_above_4k_frac,n_16000,expected_n_16000,dur_err_ms_16000,deterministic_16000,finite_16000,peak_change_db_16000,sha_16000,n_22050,expected_n_22050,dur_err_ms_22050,deterministic_22050,finite_22050,peak_change_db_22050,sha_22050
REF_001,34816,44100,0.0001779318739767898,9.779132008867929e-05,0.0008942018379466413,12632,12632,0.021541950113390662,True,True,0.06405947250032495,d0ecd6d6f0da4335,17408,17408,0.0,True,True,0.05926802324375495,74293e31357b1ec1
REF_002,29696,44100,7.766787143079675e-05,5.322153758639073e-05,0.0010459562762513653,10774,10774,-0.003684807256321143,True,True,0.1285045602789877,8fce98d69422a305,14848,14848,0.0,True,True,0.060846099329332944,5d1b426ca2041bcf
REF_003,36864,44100,7.48707491629394e-05,5.083836338074037e-05,0.00117332746857683,13375,13375,0.019132653061193494,True,True,0.048950415542162035,af4d8d11b85f569f,18432,18432,0.0,True,True,0.029497053262056715,9530ff30ae8896b1
REF_004,34816,44100,0.00025812794238934704,0.0001735842672021375,0.0008348090220039307,12632,12632,0.021541950113390662,True,True,0.009705956793744988,d51f0400f09a6160,17408,17408,0.0,True,True,0.017962692249513454,fc38e27e71be8843
REF_005,26624,44100,0.007242801614924422,0.003348064262386824,0.09116560285793533,9660,9660,0.03117913832195729,True,True,0.025421097083270987,74fb69517a6ee949,13312,13312,0.0,True,True,0.0028028225808414122,23811fb20f085751
REF_006,28672,44100,1.3482576751863869e-05,8.64552141354219e-06,0.0003533691366276985,10403,10403,0.028769841269871144,True,True,0.07929656584633563,111fb503de02160f,14336,14336,0.0,True,True,0.06538638789391903,6d4e4cdab4ffe530
REF_007,72704,44100,2.3534365738314978e-05,1.1664639909088338e-05,0.0005668499694872649,26378,26378,0.008219954648502892,True,True,0.007317270247590546,6486ebec28869579,36352,36352,0.0,True,True,0.007721913902209665,499ceca145cd6351
REF_008,57344,44100,7.053321486318998e-05,2.680513499640043e-05,0.0005509823365551874,20805,20805,-0.004960317460334096,True,True,0.038834619255178164,84b636c0882adfce,28672,28672,0.0,True,True,0.032816120494965774,de56bd7764f610fb
REF_009,26624,44100,7.55987489382374e-05,4.281292908155114e-05,0.00017632881744122025,9660,9660,0.03117913832195729,True,True,0.018811080430081086,4d7ca9cc5c9dc1e5,13312,13312,0.0,True,True,0.027659963570123482,b54b7310704f0e4a
REF_010,55296,44100,5.026244635352922e-05,1.9219269754635787e-05,0.00044673405411185644,20062,20062,-0.002551020408025906,True,True,-0.05989871750144632,c52147c12c15300a,27648,27648,0.0,True,True,-0.02050709044967164,1c799a331495dfa9
REF_011,26624,44100,0.0001266816439195655,8.350142788108336e-05,0.0010753214545335306,9660,9660,0.03117913832195729,True,True,0.033665109319708716,6a86b9f61b9827b6,13312,13312,0.0,True,True,0.03278413995025056,6185e82474256e2b
REF_012,26624,44100,0.00010286067756666017,5.420997483133438e-05,0.0005302092429987378,9660,9660,0.03117913832195729,True,True,-0.007970195307144193,90cf2205732092be,13312,13312,0.0,True,True,0.013086456917464875,37b976665b276515
REF_013,34816,44100,0.0002729889359753024,0.0001822258556951978,0.002310747724763087,12632,12632,0.021541950113390662,True,True,0.012892851986745058,59bf029c3a949d9c,17408,17408,0.0,True,True,0.016873613873459536,9048700b67b458e8
REF_014,53248,44100,1.5789592935636073e-05,5.285731009292671e-06,0.00012531103599978266,19319,19319,-0.00014172335616180476,True,True,-0.032703410437942115,20176404e340cd05,26624,26624,0.0,True,True,0.007798630490343128,f0bd4b7e5d48f574
REF_015,36864,44100,9.71252219453683e-05,4.3144790097982054e-05,0.0018016975506653851,13375,13375,0.019132653061193494,True,True,0.054879175175116694,0c3f6ce243166533,18432,18432,0.0,True,True,0.04056596902335819,10f137bfcb033579
REF_016,36864,44100,0.005014858683532853,0.0035546920110652806,0.015057178945449286,13375,13375,0.019132653061193494,True,True,0.09430523238622884,e8f1b42c21425a05,18432,18432,0.0,True,True,0.04767814600482279,00dd17e053324f63
REF_017,50176,44100,1.767911991687713e-05,7.893788596530539e-06,0.0007334798545855597,18204,18204,-0.02777777777773771,True,True,-0.04785223057894217,32731833aebd02fa,25088,25088,0.0,True,True,-0.15262035200680224,9fb96f2ad95e828e
REF_018,78848,44100,5.0789487530367345e-05,1.86682204213039e-05,0.0006987558898991397,28607,28607,0.0009920634920224103,True,True,-0.12562618086693123,559c3f0517d77df8,39424,39424,0.0,True,True,-0.006374948069534092,6aedce72577abcc8
REF_019,56320,44100,4.845042347853609e-06,2.0676232470020533e-06,9.28961115180582e-05,20434,20434,0.02749433106585819,True,True,0.02542238737060336,c4e66ca7ed27a455,28160,28160,0.0,True,True,0.01924683252413098,f3e3bb3fd0c53af4
REF_020,38912,44100,6.950051423058998e-05,4.416325211506322e-05,0.0003293653943077698,14118,14118,0.01672335600910735,True,True,0.029850591330743036,4ce014b1df05b710,19456,19456,0.0,True,True,0.02681594496392442,5798e84075aa019f
REF_021,50176,44100,2.8946865356891034e-05,1.5957884295607127e-05,0.0005680957063535703,18204,18204,-0.02777777777773771,True,True,0.11029112370900826,8122bdf60ac1ba55,25088,25088,0.0,True,True,0.061097418007247474,b51fc7de111cdf80
REF_022,29696,44100,0.0002576663922746159,7.321202687826817e-05,0.00050681998821951,10774,10774,-0.003684807256321143,True,True,0.013342951252091534,7f37a576d2075f75,14848,14848,0.0,True,True,0.008724129462481751,f20480e2faacf1d7
REF_023,31744,44100,0.0023629803943198335,0.0008718723286810056,0.04030599609951968,11517,11517,-0.006094104308407289,True,True,0.005305101270799166,a220de4cef4e3f97,15872,15872,0.0,True,True,0.01690311921359537,007d9a396216ce92
REF_024,29696,44100,0.01241558134276459,0.006810430040342104,0.10048084918684758,10774,10774,-0.003684807256321143,True,True,0.04113284886777622,f057cf28e354b7bf,14848,14848,0.0,True,True,0.013193229254991955,86682eed48b6f17c
REF_025,68608,44100,7.166978979266919e-05,3.5018648402548825e-05,0.0005663154401243813,24892,24892,0.013038548752897228,True,True,0.0454224145454919,b3bb107b1297cee4,34304,34304,0.0,True,True,0.04058658348410927,01e922f071bc17b7
REF_026,83968,44100,0.00025429633784524065,0.000137313844038795,0.0009231480888801914,30465,30465,0.026218820861734216,True,True,0.05824510068636863,0b233509352b3b7b,41984,41984,0.0,True,True,0.014213804809613517,565aea0f93f69baf
REF_027,62464,44100,1.250193343974572e-05,4.203973921414493e-06,0.00042885725517871636,22663,22663,0.02026643990937771,True,True,0.025755921695708117,6e327cb8da37411e,31232,31232,0.0,True,True,-0.05912542219043254,f7bed3ca55266454
REF_028,56320,44100,2.550240951024839e-05,1.0026154611251292e-05,0.00046619829425568565,20434,20434,0.02749433106585819,True,True,-0.01270132297739962,da0eb72fa24cffe3,28160,28160,0.0,True,True,-0.0009751435587876944,596cffd6c1c5201c
REF_029,89088,44100,0.00016830137253072088,7.566965952204982e-05,0.0007318547041242208,32322,32322,-0.011054421768630363,True,True,0.0070664318502308724,32a990afed50d23f,44544,44544,0.0,True,True,0.02928622894268682,feac5caf1cd1922a
REF_030,52224,44100,2.909885273318495e-05,9.608887368347625e-06,0.00016492686129480945,18947,18947,-0.0301870748300459,True,True,-0.004926637260809802,5a5451b4049e3cb0,26112,26112,0.0,True,True,0.00439953155079717,574c7eeaed24c4fb
REF_031,62464,44100,0.00024237076285754823,0.00010990042745999004,0.003465180669926916,22663,22663,0.02026643990937771,True,True,-0.05226627380031079,413160c26cd15c8e,31232,31232,0.0,True,True,-0.0371786083779595,bc748194a3057972
REF_032,68608,44100,0.00017931601762639497,5.827589811220527e-05,0.003055366147627369,24892,24892,0.013038548752897228,True,True,0.0031482132190570056,4ee9ad6aebbbf238,34304,34304,0.0,True,True,-0.05303491149552819,d9adbe70d52ae8c6
REF_033,82944,44100,0.0005217599864620453,6.569300934562244e-05,0.003992978997329779,30093,30093,-0.003826530612149881,True,True,0.08260602901591482,ab4fdf299c29ff89,41472,41472,0.0,True,True,0.06935167085097588,d22914a22c9e5a1c
REF_034,29696,44100,8.960174586604952e-05,1.455010072529723e-05,0.001223680097485159,10774,10774,-0.003684807256321143,True,True,-0.0156647386165103,7a18cce63af5fe1a,14848,14848,0.0,True,True,-0.010496081271960556,55adc70f990830ba
REF_035,43008,44100,1.5371119880044916e-05,1.9219329551862337e-06,0.00023408681756087265,15604,15604,0.011904761904713013,True,True,0.05695669501989007,f73e11bc6e16e400,21504,21504,0.0,True,True,0.04789986841187072,3d3ce26234785fa2
REF_036,41984,44100,0.00018032462707801987,0.00012796093523925926,0.0007299634254836661,15232,15232,-0.018140589569171084,True,True,0.018941982520338296,cac6fb202d624461,20992,20992,0.0,True,True,0.008880148805779475,6e139d3ff85d5840
REF_037,26624,44100,0.00011677487394718814,7.863752548673118e-05,0.0012817151355284896,9660,9660,0.03117913832195729,True,True,0.07816450016802487,40c2c99f27a77595,13312,13312,0.0,True,True,0.07056174399955698,18290d67571c2371
REF_038,45056,44100,0.0008042738647805959,0.0002750538552162527,0.005522224468064552,16347,16347,0.009495464852626867,True,True,-0.0444847277296212,e80f76f49ae790fd,22528,22528,0.0,True,True,0.06111615587615571,5dcbd389fd279f2a
REF_039,29696,44100,4.918084265248646e-05,1.4916451066711774e-05,0.0010890436729502557,10774,10774,-0.003684807256321143,True,True,0.07979301664702021,385b333f5849704b,14848,14848,0.0,True,True,0.03496576841903134,bbb2e7019f9948cf
REF_040,69632,44100,0.00048285326359212983,4.628690928668643e-05,0.009759323989080955,25263,25263,-0.019416099773073014,True,True,0.018008162170753603,c90c993832d73e98,34816,34816,0.0,True,True,0.0158129334265622,e01f9ea499176e35
REF_041,35840,44100,3.8016254629853156e-05,2.1914099675574334e-05,0.003242296044515311,13003,13003,-0.010912698412690602,True,True,-0.016240740609516635,77aa2b29a504bef7,17920,17920,0.0,True,True,-0.004988337404765453,cbbcfc1d66634b2b
REF_042,43008,44100,1.5096639651906154e-05,2.559281601632638e-06,8.08285781868488e-05,15604,15604,0.011904761904713013,True,True,0.023152640214999225,b07069288fd56163,21504,21504,0.0,True,True,0.01418350706004428,4d981591ed2488dd
REF_043,63488,44100,2.1481808834949474e-06,1.002423994153657e-06,3.5720451817566145e-05,23034,23034,-0.012188208616814578,True,True,-0.007525281600555704,f3605b0176bf6a0d,31744,31744,0.0,True,True,-0.00013428569396879003,08964f9b14f95b77
REF_044,35840,44100,1.9221057680165607e-06,8.762090170743276e-07,3.464034701219564e-05,13003,13003,-0.010912698412690602,True,True,-0.010212651788955918,d469bfc42bf63cd3,17920,17920,0.0,True,True,-0.004536081319363644,656df6caae2589fa
REF_045,122880,44100,0.00023537891823876184,8.720370075826595e-05,0.0063217615958171625,44582,44582,-0.019557823129012775,True,True,0.002618123356765256,743efccf4d6aad13,61440,61440,0.0,True,True,0.0009133466670050439,011327bbebf7ea1d
REF_046,32768,44100,7.847474406062924e-05,2.026490044698527e-05,0.0005526091618621328,11889,11889,0.023951247165476808,True,True,-0.06562900481973388,393af98bb9ecba03,16384,16384,0.0,True,True,-0.0087730660058436,bdaf588661728fff
REF_047,45056,44100,2.920042831582079e-05,8.562819224589545e-06,0.0003758714139563964,16347,16347,0.009495464852626867,True,True,-0.07996309122869913,26ee211836dfcb21,22528,22528,0.0,True,True,-0.024406483107439064,91dc3773b79bb2c5
REF_048,31744,44100,6.53820687361659e-05,2.259661371846293e-05,0.0006040738350301634,11517,11517,-0.006094104308407289,True,True,-0.0084725115937343,0923822c20035671,15872,15872,0.0,True,True,-0.016287867173401693,705bf1a6901177aa
REF_049,29696,44100,0.00470809651640633,0.0009520035802193031,0.12945701210809554,10774,10774,-0.003684807256321143,True,True,0.2623261814863742,51027786d8f24d8d,14848,14848,0.0,True,True,0.06624124940550224,48d0b3314e1132b9
REF_050,28672,44100,0.0029523597726062796,0.0004954432360685729,0.07036809981103098,10403,10403,0.028769841269871144,True,True,-0.03417088341523211,b1cbc6e27ebbb25c,14336,14336,0.0,True,True,-0.03464964821380967,6ed81a07f7f6631b
REF_051,41984,44100,5.684965264123839e-06,1.0142917295755571e-06,0.0001564210120011219,15232,15232,-0.018140589569171084,True,True,-0.06285466901234493,c1f4e4d579a64972,20992,20992,0.0,True,True,0.001136210808504734,6c41eef3d5ca032b
REF_052,39936,44100,1.9588913313532542e-05,3.5848877825065783e-06,0.00025657582074143785,14489,14489,-0.015731292516973916,True,True,0.051409631759929936,70e58359286d1cdc,19968,19968,0.0,True,True,0.042331420251272144,847d7806b3ce26d0
REF_053,31744,44100,5.937471884306286e-06,2.5761946994017227e-06,0.00012313413683970938,11517,11517,-0.006094104308407289,True,True,0.07804647986232977,079190d07f121109,15872,15872,0.0,True,True,0.03191030337526657,01dd6c9a297478ff
REF_054,38912,44100,4.611622725482832e-05,2.7143455160441117e-05,0.0003422158144549372,14118,14118,0.01672335600910735,True,True,-0.04104016330789806,277893a62309e12f,19456,19456,0.0,True,True,-0.03442056552896,92ad0d0b0ce27ef7
REF_055,49152,44100,4.3797573727213206e-05,1.7088961171814526e-05,0.00022405408204320077,17833,17833,0.004676870748232531,True,True,-0.014233056762768911,3dcb898e35d5eacc,24576,24576,0.0,True,True,0.001566219377623218,b7aa14a41ca08c20
REF_056,52224,44100,9.137736380638789e-05,3.9208715562632423e-05,0.0004893189667003603,18947,18947,-0.0301870748300459,True,True,-0.025380078532870165,81eb527a0f9e49c0,26112,26112,0.0,True,True,-0.006463900400563993,4d74e0025a840794
REF_057,29696,44100,5.7481746680551543e-05,7.667324948308329e-06,0.00038102250237259243,10774,10774,-0.003684807256321143,True,True,-0.013337298310548196,97be8b3d9b9869db,14848,14848,0.0,True,True,-0.04210672334117049,8973597a04c27ce0
REF_058,53248,44100,0.0002556381443177964,0.00011338171706322364,0.0009204348195760233,19319,19319,-0.00014172335616180476,True,True,-0.052847167842794196,78b4fa70c1daaf10,26624,26624,0.0,True,True,-0.17405228266754458,777afe4d337619ad
REF_059,50176,44100,0.0011962526633435395,0.00038190053907270744,0.03828063687495035,18204,18204,-0.02777777777773771,True,True,-0.0029680411421573183,231327127f3f38c9,25088,25088,0.0,True,True,-0.002206951529211132,e3a4c0283918337f
REF_060,34816,44100,3.726905156116067e-05,1.4863674331150845e-05,0.0005361573203824047,12632,12632,0.021541950113390662,True,True,0.09914968002048176,9a66d7b5f3d32c18,17408,17408,0.0,True,True,0.04194123843064862,3390303dfcb93485
REF_061,32768,44100,8.089758603690363e-06,1.684358877867371e-06,9.925547643730931e-05,11889,11889,0.023951247165476808,True,True,0.03618064119257465,b079451f3286e33a,16384,16384,0.0,True,True,0.015745504823929606,9759f012dcaffcc5
REF_062,34816,44100,0.00018478491271612448,3.937201938301942e-05,0.0016099705555037336,12632,12632,0.021541950113390662,True,True,-0.2599144976562709,da21d65b6bff2d5c,17408,17408,0.0,True,True,-0.20769317076622856,c4e743e98192245f
REF_063,36864,44100,7.268966785460668e-06,1.8489243045398893e-06,0.0003531227538075038,13375,13375,0.019132653061193494,True,True,0.0032738242670939943,5c295fb7e6b9ee1c,18432,18432,0.0,True,True,-0.006821532888489967,0a14cb2db05c2030
REF_064,62464,44100,0.00012935159774227228,4.3622907161168934e-05,0.002279376831436404,22663,22663,0.02026643990937771,True,True,-0.0106167483515065,d46ba2a6ef3ddb46,31232,31232,0.0,True,True,0.0007124252809695975,5ae0449266c7a9dd
REF_065,55296,44100,9.277723759831004e-05,2.1849474038646387e-05,0.0029850055059981533,20062,20062,-0.002551020408025906,True,True,-0.002192730694807743,3416a0e58cdddfe8,27648,27648,0.0,True,True,0.0416499601444853,93bdb88bde7cd918
REF_066,56320,44100,0.0002458613579024565,0.00010851995470591137,0.0023697019660835154,20434,20434,0.02749433106585819,True,True,0.03954398737304521,90cd97558caa1bfb,28160,28160,0.0,True,True,-0.007289115228806153,cdd269e52eef853e
REF_067,57344,44100,5.7053466331912034e-05,2.3103487497490098e-05,0.0014153188119023017,20805,20805,-0.004960317460334096,True,True,0.0499160584179315,f576a49cc6e4525e,28672,28672,0.0,True,True,0.037566502466113455,cb146bf6355a1193
REF_068,92160,44100,2.8913520851438913e-05,4.462845999072049e-06,0.00040193927764961015,33437,33437,0.0165816326527235,True,True,0.007604731244321927,2ef4db80d57a56d6,46080,46080,0.0,True,True,0.000704310082320081,debc715dfffa02ed
REF_069,55296,44100,3.194310420233821e-05,1.0029269223353954e-05,0.0006917862588518324,20062,20062,-0.002551020408025906,True,True,-0.041281374369747326,ded6cb00909a9763,27648,27648,0.0,True,True,-0.006324947789941859,2d88860135df55b5
REF_070,55296,44100,7.109117544107389e-05,1.0301142280571573e-05,0.0009342759501559157,20062,20062,-0.002551020408025906,True,True,0.061370005806854824,3d1e44783037be1f,27648,27648,0.0,True,True,0.049607173044844466,034f2c477e96e148
REF_071,60416,44100,8.414796780818936e-05,1.2493666587589316e-05,0.0017944660304568742,21920,21920,0.022675736961463855,True,True,0.0050665586638359295,be6bcafddbfbd7aa,30208,30208,0.0,True,True,-0.021235415391173518,cf2a368bfc4f1d6d
REF_072,62464,44100,0.00011639533521519042,1.4337960776135371e-05,0.004176071058035047,22663,22663,0.02026643990937771,True,True,-0.01900662829401889,d4fbaadd268ed76d,31232,31232,0.0,True,True,-0.05974263996635476,f685e9f3fda6ea7b
REF_073,86016,44100,0.0010500901661197202,0.000190057359296584,0.014441363654699604,31208,31208,0.023809523809426025,True,True,0.11496700484014466,de16e11601d92423,43008,43008,0.0,True,True,0.06563411001680401,f75430de4c6d54b2
REF_074,46080,44100,0.00027022220560833773,6.973581101750929e-05,0.014259225797417802,16718,16718,-0.02295918367356542,True,True,-0.07176425274603992,3037747284406ebd,23040,23040,0.0,True,True,-0.054385223632229085,ca36eb34dc82c83c
REF_075,59392,44100,1.181789327482678e-05,2.7173234058401206e-06,0.0001458587612772451,21548,21548,-0.007369614512642286,True,True,0.10120825784666307,7972cc514cccfe12,29696,29696,0.0,True,True,0.04098174771775412,c42da3d3b274cb68
REF_076,34816,44100,6.799730642772065e-05,1.7564088894520458e-05,0.00014883384869261308,12632,12632,0.021541950113390662,True,True,-0.08616955225000522,fd0c0816ae1ad6e1,17408,17408,0.0,True,True,-0.048659792315959294,510838fcf724d919
REF_077,43008,44100,5.727981695041547e-05,1.8667364165980614e-05,0.0002343492028253224,15604,15604,0.011904761904713013,True,True,-0.014221017749690701,25968b261b462328,21504,21504,0.0,True,True,-0.02877795189702348,f6fbd5dfb86d1331
REF_078,36864,44100,7.434090710321304e-06,2.917584888264438e-06,0.0012758683557969254,13375,13375,0.019132653061193494,True,True,-0.00027031570540270167,3d6ecd9609e03869,18432,18432,0.0,True,True,-0.0011444953189041485,df573280f043f99d
REF_079,45056,44100,4.3418318744333014e-05,1.122041044464688e-05,0.00152603826597589,16347,16347,0.009495464852626867,True,True,-0.030329256708173213,9f57308a97838311,22528,22528,0.0,True,True,-0.028919499146371486,1c7a3c0bf02ab2e7
REF_080,28672,44100,0.0001328219855536301,3.650409781168309e-05,0.002105228388016414,10403,10403,0.028769841269871144,True,True,-0.11885892135316745,5b752c981eace00b,14336,14336,0.0,True,True,-0.04778814018031774,0ef8b4c21f3d9e9f
REF_081,43008,44100,0.0004747052506074604,0.00014697759676680433,0.001628749708556778,15604,15604,0.011904761904713013,True,True,-0.0025608229116267367,287a6d9506dc8aca,21504,21504,0.0,True,True,-0.017950777821551966,0a6a08653ef610d4
REF_082,47104,44100,8.32937743808589e-06,1.5702062865176036e-06,9.334287657323772e-05,17090,17090,0.007086167800540721,True,True,-0.029535713475399128,17a50bb848dcae98,23552,23552,0.0,True,True,-0.003731695842654703,10886e06913e1e32
REF_083,99328,44100,0.00027351846150691384,0.00016133099418713328,0.0005365420876202748,36037,36037,-0.02310090702950518,True,True,-0.031133106251436615,ce8d47c70633eb92,49664,49664,0.0,True,True,-0.023482312335660005,88f313dc195020c3
REF_084,47104,44100,1.891381324917644e-05,3.54082477536926e-06,0.00012799255389870973,17090,17090,0.007086167800540721,True,True,0.025530799940336368,c42b36b19c5e3e9c,23552,23552,0.0,True,True,0.010622218488999892,8c127e3f68c65fc2
REF_085,50176,44100,4.852844278212945e-05,1.5470586050372865e-05,0.00013628974339432109,18204,18204,-0.02777777777773771,True,True,-0.05210110340797014,d83c163fc452d64c,25088,25088,0.0,True,True,-0.0035735198601249962,1d5fb5cd6c86f8fe
REF_086,45056,44100,1.734983305241811e-05,5.2022408937269575e-06,0.0005363176258277577,16347,16347,0.009495464852626867,True,True,0.0881001626249813,fafe9aeb534ea7e7,22528,22528,0.0,True,True,0.05539797564095286,5daaad1ae835d18f
REF_087,102400,44100,0.0026565658376634252,0.0014791453423488583,0.03422229619887037,37152,37152,0.004535147392292771,True,True,0.14272081576976153,8000f84995dc2bb2,51200,51200,0.0,True,True,0.10262983508882118,46dba1acb95b259c
REF_088,82944,44100,1.141147542258813e-05,4.968539685513643e-06,0.00014768604573759967,30093,30093,-0.003826530612149881,True,True,-0.021098533777765938,5656b8b431d0ec9a,41472,41472,0.0,True,True,-0.011771932657126616,7c4026d1dc502172
REF_089,53248,44100,4.55348470069136e-05,1.8040167843227977e-05,0.0005106083029742983,19319,19319,-0.00014172335616180476,True,True,0.044619212921812215,55d84d687c8e8e68,26624,26624,0.0,True,True,0.06982113350459307,b1b961f9cb23d074
REF_090,43008,44100,0.0018910976141133275,0.00029298092291090723,0.018859822478537458,15604,15604,0.011904761904713013,True,True,-0.007557389432372941,a283e60461b14e15,21504,21504,0.0,True,True,-0.002733035786842808,640ec8d800279a15
REF_091,39936,44100,2.858339538586486e-05,1.2888701331419678e-05,0.00029906576429438353,14489,14489,-0.015731292516973916,True,True,0.020627357983683398,802c9a74dbda2228,19968,19968,0.0,True,True,0.011528893211119341,70341360b793534f
REF_092,25600,44100,1.3151632914063081e-05,8.954385821407735e-06,0.0003587022996491671,9288,9288,0.0011337868480731927,True,True,0.05513353146602207,0675cbd9b0c19b90,12800,12800,0.0,True,True,0.04130433805514078,390cdc43a842461a
REF_093,55296,44100,0.00020610279309568174,6.029020993980484e-05,0.0016289494630449038,20062,20062,-0.002551020408025906,True,True,0.03961002871223218,abd5e286ece1169b,27648,27648,0.0,True,True,-0.03704144794371922,82cf0d5ab0605f24
REF_094,55296,44100,0.00015991031797173182,1.657344294614012e-05,0.004251438796034555,20062,20062,-0.002551020408025906,True,True,-0.009360107940946882,cc866d425a67fcd6,27648,27648,0.0,True,True,-0.008883600758707644,83822cdc1ee2cac7
REF_095,23552,44100,3.898073820926593e-06,6.453643434962431e-07,0.0003115066680895553,8545,8545,0.0035430839002703607,True,True,-0.012823103022735927,bc17a6894ebc0380,11776,11776,0.0,True,True,-0.016368213770155737,6645ecdb9c33e6cc
REF_096,41984,44100,8.888907249633699e-05,5.50229140766399e-06,0.008457306151933016,15232,15232,-0.018140589569171084,True,True,-0.002798063474739765,b7b35f5c5f8b670b,20992,20992,0.0,True,True,-0.0037913115478214188,48eaa7cbf00e4f12
REF_097,36864,44100,0.0006122856407070531,5.2449680083164655e-05,0.010850018109557255,13375,13375,0.019132653061193494,True,True,0.06577388127606741,483da28cd77e16da,18432,18432,0.0,True,True,0.0633553157109748,ed9d5de4dbd5ef28
REF_098,55296,44100,0.000489934774313211,0.00018378597407016185,0.01031306169458443,20062,20062,-0.002551020408025906,True,True,0.04758005636400997,31d32ebc7d4e0381,27648,27648,0.0,True,True,0.035440769557186114,1221e3d305912d52
REF_099,39936,44100,0.00013361524202343424,4.225095557137178e-05,0.009956796525223986,14489,14489,-0.015731292516973916,True,True,-0.04538822839601142,32deea5ffe546e89,19968,19968,0.0,True,True,-0.048135425290510625,f9af9e41e66c36f3
REF_100,57344,44100,0.00013385056706191243,6.513048673972758e-05,0.001547978608538005,20805,20805,-0.004960317460334096,True,True,-0.00882121902109767,6069799356db0ddc,28672,28672,0.0,True,True,-0.059908879586741515,ae3cb17ce5e461ee
REF_101,57344,44100,7.338967004778804e-05,1.2725312044313805e-05,0.0012348097982165845,20805,20805,-0.004960317460334096,True,True,-0.1144140960554828,302c9c0eb769ac23,28672,28672,0.0,True,True,-0.0031104380740106796,e5810f533c451617
REF_102,76800,44100,7.967586368991955e-05,3.604352239568166e-05,0.0012161312898496823,27864,27864,0.0034013605443306005,True,True,-0.04917615665428576,d643501313b80fb5,38400,38400,0.0,True,True,-0.03610090540062394,29ff90a3164079cc
REF_103,36864,44100,0.0006380602348279886,0.00010241595316601687,0.0341875714548281,13375,13375,0.019132653061193494,True,True,-0.14535366732375055,30f31bd475477f80,18432,18432,0.0,True,True,-0.0565575939579086,0584813aeaa5ff0b
REF_104,55296,44100,0.0008154964757501361,0.00022344711463201958,0.030087140792333936,20062,20062,-0.002551020408025906,True,True,-0.0036759467488538533,a0c9a60a79f47de8,27648,27648,0.0,True,True,-0.0005548961829608956,169a4d11f8f0be5d
REF_105,47104,44100,3.30104344876311e-05,1.9571365292511134e-05,0.00023769060430391822,17090,17090,0.007086167800540721,True,True,-0.012886259850426907,b6f28287a5a7d4b0,23552,23552,0.0,True,True,-0.00183091654590406,d1cb1ffc784577e0
REF_106,35840,44100,3.862692373239947e-05,1.4110633806923474e-05,0.0004488260555177801,13003,13003,-0.010912698412690602,True,True,0.08081183860447991,1a0a900c31265780,17920,17920,0.0,True,True,0.050529678106052585,58e44fb322b0fef6
REF_107,46080,44100,2.7923207317288943e-05,1.5157508135658544e-05,0.00038711094665684436,16718,16718,-0.02295918367356542,True,True,-0.02246082496270224,2aaf87876454616f,23040,23040,0.0,True,True,-0.00393869400415281,982a11b2e3079efd
REF_108,31744,44100,1.986547173597829e-05,8.74353744291642e-06,0.00013262320920671386,11517,11517,-0.006094104308407289,True,True,-0.004780988945172648,889c493e0098efd7,15872,15872,0.0,True,True,0.0030911458015159265,74e899ce8de7070d
REF_109,32768,44100,1.1014938826197228e-05,5.619814927749101e-06,0.00010791377452313091,11889,11889,0.023951247165476808,True,True,0.046937945874827726,dff34e1ba341b58d,16384,16384,0.0,True,True,0.03373628444253085,8842bf5c4ef367fc
REF_110,39936,44100,2.8250282603248764e-05,3.7297447590631208e-06,0.0006624833883356015,14489,14489,-0.015731292516973916,True,True,-0.007602714907402941,aaab0ba1d8f3edc8,19968,19968,0.0,True,True,-0.04097423062582273,2d61713b44b4c98f
REF_111,46080,44100,0.00030731421518132024,3.6943306043921707e-05,0.02026222544052851,16718,16718,-0.02295918367356542,True,True,-0.02432891186765307,6f5790d6bc896ea5,23040,23040,0.0,True,True,-0.03660094659186974,524376bbb53d8ca1
REF_112,23552,44100,1.7897001776882123e-06,2.6892285359480986e-07,4.8432660940794363e-05,8545,8545,0.0035430839002703607,True,True,-0.12013176998491315,0412e20f781a8c50,11776,11776,0.0,True,True,-0.03998279884295475,e5116cb25f714869
REF_113,23552,44100,7.007042348513288e-05,3.726654290948197e-05,0.0008948702010738551,8545,8545,0.0035430839002703607,True,True,-0.04063215935372977,03aaada0411f68cb,11776,11776,0.0,True,True,-0.014203626809411674,1b7f11114ef6fc6a
REF_114,39936,44100,5.5648394178127537e-05,2.5325208791186088e-05,0.00018444026975853153,14489,14489,-0.015731292516973916,True,True,0.013466969362638359,86147801774c7e0a,19968,19968,0.0,True,True,-0.00709428370209686,49236f1600002fff
REF_115,31744,44100,0.0002096278652451097,0.00011683303075354938,0.001592095865867605,11517,11517,-0.006094104308407289,True,True,0.014195587613797356,ad713217b293c6f5,15872,15872,0.0,True,True,0.013387280260673373,64b3b4a6464efe2f
REF_116,35840,44100,5.318851071147856e-06,1.4862988672928268e-06,8.28280705366339e-05,13003,13003,-0.010912698412690602,True,True,-0.038494556308418026,62f3b453f7667be2,17920,17920,0.0,True,True,-0.01675080673982121,a1646c916d1ce9c3
REF_117,39936,44100,4.899908206739719e-05,8.729697841660955e-06,0.002628124570656836,14489,14489,-0.015731292516973916,True,True,-0.05266841652815313,cb0f0824703f2292,19968,19968,0.0,True,True,-0.0009622254239251005,505b1e41393d5280
REF_118,43008,44100,0.00045687028749394305,8.302535073766366e-05,0.017718489830916805,15604,15604,0.011904761904713013,True,True,-0.03328468929751871,2477f45da85b8ad7,21504,21504,0.0,True,True,-0.03945272305159575,5b096b59d8e54452
REF_119,43008,44100,6.0938908617371255e-05,1.2623955535990094e-05,0.0009550074464895314,15604,15604,0.011904761904713013,True,True,0.020545145855909053,5156d61a361c3346,21504,21504,0.0,True,True,5.027032998783376e-05,9e00354e7a52585d
REF_120,47104,44100,0.0007541297558073251,0.00011888456984397017,0.03163713143716233,17090,17090,0.007086167800540721,True,True,-0.12370028072784127,15f9bd5aef8cc6e9,23552,23552,0.0,True,True,-0.007997745513903896,fabf7d566f61049a
REF_121,45056,44100,0.0002461635971273972,4.10810594678084e-05,0.010366755120540985,16347,16347,0.009495464852626867,True,True,-0.013970253380432673,be2dbbaab56b57ef,22528,22528,0.0,True,True,-0.0027634764756259145,51a44e6485e52a6e
REF_122,38912,44100,0.0005685408153233272,5.219313635471045e-05,0.014242246098165387,14118,14118,0.01672335600910735,True,True,0.04981790621148379,ddfb70c8f20a9bab,19456,19456,0.0,True,True,0.023600191041425182,ffcc7ab2a37c8930
REF_123,50176,44100,0.00026717213562122756,4.795123730431208e-05,0.012338269542504679,18204,18204,-0.02777777777773771,True,True,-0.01377216161734307,db6345d886c5c646,25088,25088,0.0,True,True,-0.028533365877190242,7c5130583f8ed9d3
REF_124,29696,44100,0.00026614092913027266,5.786850387103336e-05,0.003971135121571678,10774,10774,-0.003684807256321143,True,True,-0.006645902144120863,da2e69096aeaf19a,14848,14848,0.0,True,True,-0.07217899717974574,99b7537fb1ce1c48
REF_125,62464,44100,1.797969668158288e-05,5.267926072194495e-06,0.00034973203368968896,22663,22663,0.02026643990937771,True,True,0.09924796235444142,f65cc017a7d76a71,31232,31232,0.0,True,True,0.06526206085059355,93e6b58116729c0c
REF_126,46080,44100,0.0004770714790872635,0.0002379506722584173,0.006968433655165669,16718,16718,-0.02295918367356542,True,True,-0.03133111796265553,2acc064821df02b3,23040,23040,0.0,True,True,-0.0419667976464011,19e231d665999d31
REF_127,41984,44100,0.0027601567459800257,0.0005200122320633893,0.03487917036927762,15232,15232,-0.018140589569171084,True,True,-0.006605297858059078,f4d8fabb2d7b495b,20992,20992,0.0,True,True,-0.025697775662729683,f40e09caee87d528
REF_128,45056,44100,3.2059111835286084e-06,1.6592435008556496e-06,0.00010070364642155204,16347,16347,0.009495464852626867,True,True,-0.012981911620379871,0fc89e646f3c560f,22528,22528,0.0,True,True,-0.005719309484553348,51df90dc245185cd
