recording_id,corr_LR,best_lag_samples,corr_at_best_lag,rms_L_dbfs,rms_R_dbfs,rms_A_dbfs,peak_L_dbfs,peak_R_dbfs,peak_A_dbfs,rms_diff_LR_db,peak_diff_LR_db,dc_L,dc_R,avg_vs_louder_rms_db,coherent_expectation_db,cancellation_loss_db,polarity_inverted,time_offset_flag,cancellation_flag
REF_001,0.9999759197314233,0,0.999975919731423,-12.016451668963008,-12.010236774175166,-12.013395956188003,-0.0007952533512092487,-0.0007952533512092487,-0.0007952533512092487,-0.006214894787841985,0.0,-0.000802992021336275,-0.0008114462389665492,-0.0031591820128369363,-0.0031068915366923022,-5.229047614463411e-05,False,False,False
REF_002,0.9999250744220578,0,0.9999250744220581,-10.838443217137586,-10.836325437791412,-10.837546963757699,-0.0007952533512092487,-0.0007952533512092487,-0.0014580201012210257,-0.0021177793461735206,0.0,-0.0007306285973252921,-0.0007321074091154953,-0.0012215259662866629,-0.0010588251289007644,-0.00016270083738589847,False,False,False
REF_003,0.9998777398871777,0,0.9998777398871788,-10.442592580587949,-10.441723432901655,-10.442423487860161,-0.0007952533512092487,-0.0007952533512092487,-0.0011929073325875257,-0.0008691476862932035,0.0,-0.0004477045602268643,-0.0004478378428353204,-0.0007000549585054472,-0.00043456297181165837,-0.0002654919866937888,False,False,False
REF_004,0.9999818064748549,0,0.9999818064748542,-12.529260618246951,-12.528611030738157,-12.528975325329824,-0.0007952533512092487,-0.0007952533512092487,-0.0009278026555413984,-0.0006495875087946246,0.0,-0.00021642709479612464,-0.00021530337193432977,-0.00036429459166775757,-0.000324787681847738,-3.950690982001959e-05,False,False,False
REF_005,0.978743999622673,0,0.9787439996226723,-13.581109361652764,-13.565948314102577,-13.619929281781783,-0.0007952533512092487,-0.0007952533512092487,-0.0010603539826469113,-0.015161047550186879,0.0,-0.00023697087397942177,-0.00023954418989328237,-0.05398096767920535,-0.007577215862156095,-0.046403751817049255,False,False,False
REF_006,0.9999828602699513,0,0.9999828602699501,-12.447361010174651,-12.444787305853177,-12.44611128103825,-0.0007952533512092487,-0.0007952533512092487,-0.0009278026555413984,-0.0025737043214739685,0.0,-0.0006420803921563285,-0.0006430308733667646,-0.0013239751850733228,-0.0012867568343786218,-3.721835069470103e-05,False,False,False
REF_007,0.9999840057268476,0,0.9999840057268471,-14.875624407832062,-14.878982462014429,-14.877338004048378,-0.7619423652149498,-0.7272865552901342,-0.7445971761225487,0.0033580541823674537,-0.03465580992481565,-4.107599527063504e-05,-3.8949956356639595e-05,-0.001713596216315949,-0.0016788648089036684,-3.4731407412280646e-05,False,False,False
REF_008,0.9999523730805917,0,0.9999523730805904,-12.572633322147444,-12.572362517584851,-12.57260134379965,-0.0007952533512092487,-0.0007952533512092487,-0.0007952533512092487,-0.0002708045625929856,0.0,-0.00027389930827277046,-0.00028699636459350586,-0.00023882621479920374,-0.00013540122591848558,-0.00010342498888071816,False,False,False
REF_009,0.9999899131031611,0,0.9999899131031597,-11.072898892394216,-11.073307661100795,-11.07312517787337,-0.0007952533512092487,-0.0007952533512092487,-0.0009278026555413984,0.0004087687065794654,0.0,-0.00015302919424497164,-0.00015088342703305758,-0.00022628547915459762,-0.0002043819486434728,-2.1903530511124814e-05,False,False,False
REF_010,0.9999899832802236,0,0.9999899832802239,-11.610248357576536,-11.609809493034877,-11.610050673620865,-0.3188310910723466,-0.3237821968332717,-0.3258459908026515,-0.00043886454165864563,0.004951105760925112,-1.0508078115957755e-05,-1.0854116192570439e-05,-0.00024118058598787684,-0.00021942949906161857,-2.1751086926258267e-05,False,False,False
REF_011,0.999978969403345,0,0.9999789694033465,-13.355128260161555,-13.354735457256998,-13.354977524097848,-0.0007952533512092487,-0.0007952533512092487,-0.0007952533512092487,-0.00039280290455678823,0.0,-9.267032146453857e-05,-9.182439400599553e-05,-0.00024206684084937535,-0.00019639923180747587,-4.566760904189948e-05,False,False,False
REF_012,0.9999842197330455,0,0.9999842197330454,-13.30388966227619,-13.303220669502506,-13.303589426917712,-0.0007952533512092487,-0.0007952533512092487,-0.0021208374267412656,-0.0006689927736829304,0.0,0.00011223096113938552,0.00011856510088993952,-0.00036875741520603356,-0.00033448994605933535,-3.4267469146698204e-05,False,False,False
REF_013,0.9998977503331147,0,0.9998977503331128,-17.376412869202372,-17.38324109231791,-17.380048347901514,-2.383267777826315,-2.38431412347836,-2.386232751276531,0.006828223115537213,0.0010463456520448666,4.301088697770063e-05,4.46929651148179e-05,-0.0036354786991417143,-0.003413440575410931,-0.00022203812373078335,False,False,False
REF_014,0.9999835239546717,0,0.9999835239546722,-13.672924299873054,-13.673356386460506,-13.673176118090634,-0.76744223719726,-0.7793222609050736,-0.7761333422230342,0.0004320865874518631,0.011880023707813603,1.2582311263451209e-05,9.87316553409283e-06,-0.0002518182175794692,-0.0002160406069151577,-3.577761066431151e-05,False,False,False
REF_015,0.9999252670927993,0,0.9999252670927984,-12.812489968441387,-12.813071967263205,-12.81294324612837,-0.0007952533512092487,-0.0007952533512092487,-0.0009278026555413984,0.0005819988218185301,0.0,-0.0003630684481726752,-0.00036505444182289974,-0.0004532776869830002,-0.0002909945363001043,-0.0001622831506828959,False,False,False
REF_016,0.9989489635484509,0,0.9989489635484506,-11.169326248637791,-11.176109951316494,-11.175000326615457,-0.0007952533512092487,-0.0007952533512092487,-0.0009278026555413984,0.006783702678703207,0.0,-0.0004945082796944513,-0.0004948427279790243,-0.005674077977666059,-0.003391189078161716,-0.002282888899504343,False,False,False
REF_017,0.9999654036015945,0,0.9999654036015945,-14.449769762665534,-14.44967194485639,-14.449795979433176,-0.5962734521720142,-0.5965573650828887,-0.5964154074674302,-9.781780914330795e-05,0.0002839129108744842,-5.364418029785156e-07,-1.6202732008330677e-06,-0.00012403457678544783,-4.8908766874689036e-05,-7.512580991075879e-05,False,False,False
REF_018,0.9999844974020976,0,0.9999844974020975,-15.048166886608485,-15.048424995760579,-15.04832960383416,-1.0141419622914347,-1.015035710261361,-1.0145888247809514,0.00025810915209412144,0.0008937479699262507,-2.0412655619831826e-06,-1.3995480227780032e-06,-0.00016271722567573477,-0.00012905361730375375,-3.366360837198101e-05,False,False,False
REF_019,0.9999971790080265,0,0.9999971790080258,-12.592375091479148,-12.592845730906257,-12.592616533719758,-0.0007952533512092487,-0.0007952533512092487,-0.0007952533512092487,0.00047063942710856566,0.0,1.9660321148959075e-05,1.919757236133922e-05,-0.0002414422406094019,-0.0002353165258917045,-6.125714717697406e-06,False,False,False
REF_020,0.9999432766241156,0,0.9999432766241123,-12.697643380507401,-12.691345136899088,-12.694616862616392,-0.0007952533512092487,-0.0007952533512092487,-0.0010603539826469113,-0.006298243608313214,0.0,-0.0004198362952784488,-0.0004233717918395996,-0.0032717257173047187,-0.0031485509375954734,-0.00012317477970924529,False,False,False
REF_021,0.9999773419030908,0,0.9999773419030901,-11.447295201001623,-11.447554262515292,-11.447473932509505,-0.0007952533512092487,-0.0007952533512092487,-0.0009278026555413984,0.0002590615136686125,0.0,-5.881275449480329e-05,-5.955112223722497e-05,-0.00017873150788183523,-0.0001295297910033355,-4.9201716878499724e-05,False,False,False
REF_022,0.9998062758964261,0,0.9998062758964256,-11.621587800827896,-11.591894639222605,-11.60714921620884,-0.0007952533512092487,-0.0007952533512092487,-0.0007952533512092487,-0.029693161605290896,0.0,-0.00042193100370209794,-0.0004247098133481782,-0.015254576986235335,-0.01483389235832,-0.00042068462791533534,False,False,False
REF_023,0.9856589721210031,0,0.9856589721210023,-14.028941693754529,-13.986053064468798,-14.038724005061729,-0.0007952533512092487,-0.0007952533512092487,-0.0018557044269781526,-0.04288862928573067,0.0,-0.00026462731822844476,-0.00029146671295166016,-0.05267094059293065,-0.021417843079069243,-0.031253097513861405,False,False,False
REF_024,0.988915703452455,0,0.988915703452454,-14.669168931115898,-14.66711706522447,-14.692279116940108,-0.0007952533512092487,-0.0007952533512092487,-0.0009278026555413984,-0.0020518658914276955,0.0,-0.00011909521859267662,-0.0001162516659703748,-0.0251620517156379,-0.0010258723567329042,-0.024136179358904997,False,False,False
REF_025,0.9999077647566247,0,0.9999077647566258,-12.509704389063598,-12.503973110173405,-12.507038567783532,-0.0007952533512092487,-0.0007952533512092487,-0.0009278026555413984,-0.005731278890193536,0.0,-3.1556211300750274e-05,-3.1633163566019995e-05,-0.003065457610126998,-0.0028651667307499906,-0.0002002908793770075,False,False,False
REF_026,0.9999491515220835,0,0.9999491515220834,-15.395085292575402,-15.394255739145677,-15.394780923496219,-0.0007952533512092487,-0.0007952533512092487,-0.002253406961585604,-0.0008295534297246832,0.0,-1.3417223604713998e-05,-1.2059400721294123e-05,-0.0005251843505416076,-0.0004147668114597991,-0.00011041753908180851,False,False,False
REF_027,0.9999855677679506,0,0.9999855677679507,-13.645938385257963,-13.648353993997965,-13.647177444959446,-0.46636802756296775,-0.46860586587699604,-0.4674868746502154,0.0024156087400015736,0.0022378383140282954,-1.3350951867025407e-05,-1.325275077194464e-05,-0.0012390597014828586,-0.0012077203952181037,-3.1339306264754896e-05,False,False,False
REF_028,0.9999956755107651,0,0.9999956755107644,-13.620314099640257,-13.62019414530227,-13.620263512787147,-0.4910160170205869,-0.4901745920586232,-0.4905952943507241,-0.00011995433798794863,-0.0008414249619637104,4.437294873324308e-06,4.049864682284269e-06,-6.936748487795796e-05,-5.9976961919616656e-05,-9.390522958341307e-06,False,False,False
REF_029,0.9999444526657248,0,0.9999444526657251,-14.292174007627025,-14.292351346023892,-14.292383297550836,-0.0007952533512092487,-0.0007952533512092487,-0.0017231409619358597,0.00017733839686684405,0.0,-4.126354195605749e-05,-4.086617765755489e-05,-0.00020928992381108458,-8.866874584789741e-05,-0.00012062117796318717,False,False,False
REF_030,0.9999970559343838,0,0.9999970559343837,-14.433450213870602,-14.433349635295045,-14.433406317406233,-0.21958144930597923,-0.21930959472971992,-0.21944552095427242,-0.00010057857555700878,-0.0002718545762593061,-1.4401534024406882e-05,-1.4885967853022557e-05,-5.66821111878113e-05,-5.028914219451508e-05,-6.392968993296222e-06,False,False,False
REF_031,0.9995211664840249,0,0.9995211664840242,-18.558965041064656,-18.559183535383774,-18.5601141858431,-5.907883494167528,-5.932513925646311,-5.920189979397196,0.0002184943191174682,0.024630431478782633,1.530959957935771e-05,1.4400384465201956e-05,-0.001149144778445077,-0.00010924647252963382,-0.0010398983059154432,False,False,False
REF_032,0.9998117332002472,0,0.9998117332002462,-16.19978749890327,-16.199840059268247,-16.200222614468327,-2.542000541786718,-2.553018509947005,-2.5475077788435385,5.256036497769401e-05,0.011017968160286884,-7.806429222448548e-06,-8.459856261068315e-06,-0.0004351155650574867,-2.6280142733980938e-05,-0.0004088354223235058,False,False,False
REF_033,0.9987856581426979,0,0.9987856581426982,-12.249863582648144,-12.250275644541892,-12.252707311194888,-0.0007952533512092487,-0.0007952533512092487,-0.0007952533512092487,0.0004120618937477616,0.0,-0.0004902375333103133,-0.0004902290709224748,-0.002843728546743307,-0.00020602850332807066,-0.0026377000434152365,False,False,False
REF_034,0.9999548751775906,0,0.9999548751775886,-17.60476187694453,-17.604761508766657,-17.604859681397446,-2.0574359905689117,-2.0597877505951323,-2.0586117909877686,-3.681778721897899e-07,0.0023517600262206173,-1.2582746045342807e-05,-1.4027644848001414e-05,-9.817263078915062e-05,-1.8408893254218128e-07,-9.798854185660844e-05,False,False,False
REF_035,0.9999867763854791,0,0.9999867763854786,-11.199180553179032,-11.200502446376122,-11.199870189431518,-0.0007952533512092487,-0.0007952533512092487,-0.0007952533512092487,0.001321893197090418,0.0,-0.00014353649956839426,-0.00014355211030869257,-0.0006896362524866362,-0.0006609214514146089,-2.8714801072027285e-05,False,False,False
REF_036,0.9999768934893476,0,0.9999768934893459,-16.136337944928453,-16.13638007830006,-16.136409187029905,-1.1353354122647392,-1.1220537713076133,-1.1286920531577702,4.213337160763331e-05,-0.013281640957125918,-9.442247995516149e-07,-7.952131876131384e-07,-7.124210145192933e-05,-2.106666025625259e-05,-5.017544119567674e-05,False,False,False
REF_037,0.9999447171606617,0,0.9999447171606598,-11.649199700834512,-11.635477634917697,-11.642456003103195,-0.0007952533512092487,-0.0007952533512092487,-0.0007952533512092487,-0.013722065916814685,0.0,-0.001036936273941627,-0.001041748202764071,-0.0069783681854982405,-0.0068583231744749895,-0.00012004501102325094,False,False,False
REF_038,0.999683513017992,0,0.999683513017986,-22.65847995204023,-22.668167643659256,-22.664009744125885,-5.626755538518914,-5.629795929298945,-5.631823447897802,0.009687691619024719,0.0030403907800309327,1.1151487177068537e-05,1.1290338906374844e-05,-0.005529792085653185,-0.004842495179815387,-0.0006872969058377976,False,False,False
REF_039,0.9999882393338163,0,0.9999882393338155,-13.640761578371837,-13.639997836402124,-13.640405237645126,-0.0007952533512092487,-0.0007952533512092487,-0.0007952533512092487,-0.0007637419697132941,0.0,-0.0003832342295811094,-0.0003779838825094289,-0.0004074012430024254,-0.00038186259046923965,-2.553865253318577e-05,False,False,False
REF_040,0.9994263206244673,0,0.9994263206244665,-12.609190853491501,-12.608410924910054,-12.610046788134479,-0.0007952533512092487,-0.0007952533512092487,-0.0009278026555413984,-0.0007799285814478196,0.0,2.5776817518122055e-05,2.3873413310331455e-05,-0.0016358632244255489,-0.00038995553674681105,-0.0012459076876787378,False,False,False
REF_041,0.9999912554621724,0,0.9999912554621708,-19.217488401770506,-19.21801370329031,-19.21777003712403,-2.667937056888058,-2.667937056888058,-2.667937056888058,0.0005253015198043443,0.0,-4.541873931884766e-06,-4.456724439348493e-06,-0.0002816353535237681,-0.000262646788783627,-1.89885647401411e-05,False,False,False
REF_042,0.9999955284002309,0,0.9999955284002296,-13.396958479705809,-13.399155381072784,-13.398066570898067,-0.0007952533512092487,-0.0007952533512092487,-0.0007952533512092487,0.002196901366975368,0.0,-4.314808618454706e-05,-4.318995135171073e-05,-0.001108091192257632,-0.0010983812263614112,-9.709965896220751e-06,False,False,False
REF_043,0.9999994150894131,0,0.9999994150894121,-14.262551001125525,-14.262517854111533,-14.262535697720644,-0.04597899167024292,-0.046511966428835934,-0.04624547496155729,-3.314701399226294e-05,0.0005329747585930134,7.8894438282136e-06,7.752929964373188e-06,-1.784360911116778e-05,-1.657349118566742e-05,-1.270117925500358e-06,False,False,False
REF_044,0.999999347564156,0,0.9999993475641556,-11.785439039898693,-11.785493998404927,-11.785467935861272,-0.07079697977743184,-0.07133147961687099,-0.07106422558574069,5.495850623482568e-05,0.0005344998394391509,2.2145680018833705e-05,2.1526643208095005e-05,-2.8895962579156276e-05,-2.7479209650849157e-05,-1.416752928307119e-06,False,False,False
REF_045,0.9988349713404231,0,0.9988349713404236,-16.216280328625146,-16.216594750430616,-16.218968102876296,-1.2757257109861686,-1.2674404293974368,-1.271582082298057,0.0003144218054700332,-0.008285281588731763,9.144842624664307e-06,7.882217566172282e-06,-0.002687774251150188,-0.00015720948001174406,-0.002530564771138444,False,False,False
REF_046,0.9999788627761068,0,0.99997886277611,-15.32873731277416,-15.330678209782905,-15.329753606296215,-2.156762298675718,-2.1343654775418694,-2.145556669253287,0.0019408970087440025,-0.022396821133848555,4.70159575343132e-05,4.859361797571182e-05,-0.0010162935220545677,-0.0009703942917180797,-4.589923033648802e-05,False,False,False
REF_047,0.9999902239681008,0,0.9999902239681006,-13.61072888645342,-13.610795084036187,-13.61078321362272,-0.1748401721919671,-0.1748401721919671,-0.1748401721919671,6.619758276649179e-05,0.0,-1.564621925354004e-06,-2.03671780499545e-06,-5.432716929831827e-05,-3.3098728318137205e-05,-2.1228440980181063e-05,False,False,False
REF_048,0.9999789405253907,0,0.9999789405253876,-18.49231436169925,-18.49159454184048,-18.492000174625844,-3.5159955469206787,-3.4716068922079324,-3.4937728639409156,-0.0007198198587694549,-0.044388654712746334,-1.5089588780556955e-05,-1.484636337526383e-05,-0.0004056327853625419,-0.0003599024727414246,-4.5730312621117264e-05,False,False,False
REF_049,0.986396386495687,0,0.9863963864956776,-24.353030445208454,-24.352432796263898,-24.382372399497307,-9.616429566687952,-9.890177501947955,-10.14892526239117,-0.0005976489445558286,0.27374793526000296,3.057923810235385e-05,3.064706407744309e-05,-0.029939603233408718,-0.00029881933198083743,-0.02964078390142788,False,False,False
REF_050,0.9857206262713649,0,0.9857206262713647,-16.28688780355921,-16.28604434895379,-16.31758455279133,-2.7026026639415424,-2.6975386378566135,-2.700070281847074,-0.0008434546054196801,-0.005064026084928841,4.484185150691441e-06,4.9535717282976425e-06,-0.031540203837540304,-0.0004217170646150237,-0.03111848677292528,False,False,False
REF_051,0.9998600044767435,0,0.9998600044767427,-11.685962388857611,-11.705269951854149,-11.695914812342817,-0.42423661602484347,-0.4256284293881921,-0.4249324948287684,0.019307562996537797,0.0013918133633486485,2.4874035905047162e-06,4.0705611066120426e-07,-0.009952423485206197,-0.009648416735306142,-0.0003040067499000543,False,False,False
REF_052,0.999992627309921,0,0.9999926273099207,-14.376359170687397,-14.376360762700703,-14.376375976344832,-0.0007952533512092487,-0.0007952533512092487,-0.0009278026555413984,1.5920133051849916e-06,0.0,-5.8798453746697843e-05,-5.779892970354129e-05,-1.6805657434559862e-05,-7.960066152890022e-07,-1.600965081927086e-05,False,False,False
REF_053,0.9999789773315432,0,0.9999789773315431,-10.793353030232533,-10.799143368383369,-10.796293367175009,-0.0007952533512092487,-0.0007952533512092487,-0.0007952533512092487,0.005790338150836405,0.0,-0.0002050668962540165,-0.00020609747978948776,-0.002940336942476307,-0.0028946865684904566,-4.565037398585048e-05,False,False,False
REF_054,0.9999480660363306,0,0.9999480660363254,-16.52891944143046,-16.527811957946682,-16.528478456918865,-1.2472207279657253,-1.2249111984840562,-1.2360588005307163,-0.0011074834837785374,-0.022309529481669088,-1.851743773410195e-05,-1.6257166862487793e-05,-0.0006664989721834047,-0.0005537240908530805,-0.0001127748813303242,False,False,False
REF_055,0.9999671234118852,0,0.9999671234118833,-11.204393526149,-11.204614057190632,-11.204575182195525,-0.10265710232749298,-0.10238888272063285,-0.1025229914887378,0.00022053104163255455,-0.0002682196068601317,-1.3803442319234213e-05,-1.5366822481155396e-05,-0.0001816560465250916,-0.00011026482091658352,-7.139122560850808e-05,False,False,False
REF_056,0.9999167668136173,0,0.9999167668136171,-14.219167715692178,-14.219094029757189,-14.21931161497878,-1.0302435130903813,-0.9903425443449796,-1.0183135731754946,-7.36859349892427e-05,-0.03990096874540172,-1.0441915661680932e-05,-1.0069094452203489e-05,-0.000217585221591321,-3.6842889356236697e-05,-0.0001807423322350843,False,False,False
REF_057,0.999994661990456,0,0.9999946619904547,-14.919814293711898,-14.921167586932604,-14.920502505321682,-1.1835004423910125,-1.172571738762386,-1.1780343717465032,0.0013532932207063197,-0.010928703628626524,8.396547416160847e-05,8.420389274071003e-05,-0.0006882116097841617,-0.0006766202543513344,-1.15913554328273e-05,False,False,False
REF_058,0.9998564701229197,0,0.9998564701229177,-15.878587113043183,-15.87967347882743,-15.879441961310057,-0.9228697905709987,-0.9222802372117779,-0.9225750088894085,0.001086365784246368,-0.0005895533592208402,3.398209810256958e-05,3.470824314997746e-05,-0.0008548482668739865,-0.0005431659078158901,-0.0003116823590580964,False,False,False
REF_059,0.9960891768720943,0,0.9960891768720932,-17.178766002025792,-17.17913341147533,-17.18745026306614,-4.2394616271166905,-4.24075728725952,-4.240109433029163,0.00036740944953805865,0.0012956601428291137,1.2784588093660316e-05,1.3845307486397879e-05,-0.008684261040347252,-0.00018370278211321533,-0.008500558258234037,False,False,False
REF_060,0.9999386612096114,0,0.9999386612096116,-12.693390668712116,-12.693030342584741,-12.693343701118154,-0.0007952533512092487,-0.0007952533512092487,-0.0007952533512092487,-0.00036032612737457725,0.0,-0.00029109243084402643,-0.0002902719904394711,-0.00031335853341296627,-0.0001801611952139126,-0.00013319733819905366,False,False,False
REF_061,0.9999982816406997,0,0.9999982816406952,-10.531455210184413,-10.531432066640424,-10.531447369781874,-0.0007952533512092487,-0.0007952533512092487,-0.0007952533512092487,-2.3143543989689874e-05,0.0,-0.00012201350182294846,-0.00012273434549570084,-1.5303141450928592e-05,-1.1571764286344433e-05,-3.73137716458416e-06,False,False,False
REF_062,0.9999713929489692,0,0.9999713929489678,-14.149871118271822,-14.150336503638261,-14.150165927704537,-0.3875731747816131,-0.4256284293881921,-0.4065799607936644,0.0004653853664393637,0.03805525460657905,2.3349243051865522e-05,2.3537698914023005e-05,-0.0002948094327148709,-0.00023268956633160087,-6.211986638327005e-05,False,False,False
REF_063,0.9999975026030518,0,0.9999975026030531,-16.027321655285828,-16.02725015551244,-16.027291328411216,-1.7252618011001033,-1.7466269250250102,-1.735937793954148,-7.149977338727354e-05,0.02136512392490686,1.48034758037991e-05,1.5915267997317845e-05,-4.117289877569874e-05,-3.574981312226555e-05,-5.423085653433191e-06,False,False,False
REF_064,0.9999007817711054,0,0.9999007817711046,-16.01258535017853,-16.012915370548708,-16.01296581394119,-1.5289802176042953,-1.5292963152675234,-1.5291382649979777,0.0003300203701783744,0.00031609766322815425,6.0315014886074376e-05,5.8250349076067815e-05,-0.0003804637626600993,-0.00016500861769941366,-0.00021545514496068563,False,False,False
REF_065,0.9999083906432313,0,0.9999083906432304,-16.104651495653354,-16.104537289825874,-16.104793324318493,-2.3262584924223466,-2.320024102909731,-2.323140738316142,-0.00011420582747945218,-0.006234389512615568,-3.520040600388138e-05,-3.438194592793783e-05,-0.0002560344926187952,-5.7102726035651585e-05,-0.0001989317665831436,False,False,False
REF_066,0.9996937443222665,0,0.9996937443222663,-16.393928855237057,-16.40386603613844,-16.399561110710785,-2.379083655243025,-2.354368753714676,-2.372985420489408,0.009937180901381737,-0.024714901528348765,-3.60759821805087e-05,-2.1749734878540038e-05,-0.00563225547372781,-0.0049671693590873645,-0.0006650861146404452,False,False,False
REF_067,0.9999729514434892,0,0.9999729514434883,-10.58622030089423,-10.588536185432588,-10.587436902586685,-0.0007952533512092487,-0.0007952533512092487,-0.0007952533512092487,0.0023158845383584037,0.0,-0.000360097736120224,-0.00035058600561959404,-0.0012166016924552991,-0.0011578650847834382,-5.873660767186095e-05,False,False,False
REF_068,0.9999467483961597,0,0.99994674839616,-15.97839468048207,-15.978707604469122,-15.978666777045616,-1.309562487856508,-1.3104871580695558,-1.310024810658377,0.00031292398705140556,0.0009246702130478734,6.175703472561307e-06,7.269779841105143e-06,-0.000272096563545432,-0.00015646058432317034,-0.00011563597922226165,False,False,False
REF_069,0.999945539793952,0,0.9999455397939514,-18.069245876197005,-18.06921610181076,-18.069349249436264,-5.249512192235923,-5.2524233383825125,-5.2509676433474475,-2.977438624540696e-05,0.002911146146589161,5.123791871247468e-06,5.0520455395733865e-06,-0.0001331476255046482,-1.4887180363132302e-05,-0.0001182604451415159,False,False,False
REF_070,0.9999493196318409,0,0.9999493196318407,-11.49923585725267,-11.497798106830734,-11.49862700478472,-0.0007952533512092487,-0.0007952533512092487,-0.0007952533512092487,-0.001437750421935391,0.0,-5.509566377710413e-05,-5.280474821726481e-05,-0.0008288979539852193,-0.0007188454626287921,-0.00011005249135642714,False,False,False
REF_071,0.9997517553797222,0,0.9997517553797216,-13.325741170082335,-13.325809616136326,-13.326314482851327,-0.3202061151595103,-0.3199310929276164,-0.3200686029550561,6.84460539908116e-05,-0.0002750222318939066,-1.5825538311974476e-06,-2.1856720164670783e-06,-0.0005733127689921957,-3.422295957555832e-05,-0.0005390898094166374,False,False,False
REF_072,0.9996305770211257,0,0.9996305770211248,-16.175119751026138,-16.17493336874491,-16.175828825136307,-1.6781854408858523,-1.665653310342594,-1.671917115421415,-0.00018638228122824785,-0.012532130543258413,6.753450534382804e-05,6.748027488833568e-05,-0.0008954563913974312,-9.31906406904659e-05,-0.0008022657507069653,False,False,False
REF_073,0.9973040278519515,0,0.9973040278519507,-12.378029522913375,-12.378342411909395,-12.384044135641286,-0.0007952533512092487,-0.0007952533512092487,-0.0007952533512092487,0.00031288899602088804,0.0,-0.0002939651409784953,-0.00029382464431581043,-0.006014612727911484,-0.0001564430891196622,-0.005858169638791821,False,False,False
REF_074,0.9995644015345927,0,0.999564401534589,-19.446382243810948,-19.446446713843475,-19.447360471645947,-0.8515303943231609,-0.8512380238016304,-0.851384207832232,6.447003252674222e-05,-0.00029237052153052723,5.40369086795383e-05,5.333291159735786e-05,-0.0009782278349987905,-3.223495644988361e-05,-0.0009459928785489069,False,False,False
REF_075,0.9999795874078364,0,0.9999795874078352,-10.60324472047559,-10.60357714461958,-10.603455256445182,-0.0007952533512092487,-0.0007952533512092487,-0.0007952533512092487,0.00033242414398948483,0.0,-0.0004847393981341658,-0.0004849675400503751,-0.00021053596959141885,-0.00016621048168907748,-4.4325487902341365e-05,False,False,False
REF_076,0.9999877003852973,0,0.9999877003852969,-17.09265590638026,-17.092224542601574,-17.092466930347207,-2.913923651753679,-2.915406707998041,-2.914665148223147,-0.00043136377868435716,0.0014830562443619577,1.1290697490467745e-05,9.500805069418515e-06,-0.00024238774563301035,-0.00021567921151088854,-2.670853412212182e-05,False,False,False
REF_077,0.99998789598656,0,0.9999878959865592,-13.910552434049206,-13.910519717834626,-13.910562359537145,-0.4083856868673305,-0.4106086344179173,-0.4108865428675424,-3.271621458011964e-05,0.0022229475505867735,-1.685250373113723e-05,-1.6809219405764625e-05,-4.264170251921939e-05,-1.635809188549331e-05,-2.6283610633726084e-05,False,False,False
REF_078,0.9999953461877767,0,0.9999953461877724,-21.746271618080165,-21.747171677350046,-21.746731742663567,-7.403827159882176,-7.4137794836728945,-7.408801896351535,0.0009000592698811261,0.009952323790718864,1.1787646346622043e-05,1.4231436782413059e-05,-0.000460124583401722,-0.0004500179765685175,-1.0106606833204523e-05,False,False,False
REF_079,0.9998389242435396,0,0.9998389242435369,-17.23349665946998,-17.233594725876262,-17.233895478153837,-1.6003936675350483,-1.676899261690067,-1.6470491598346018,9.806640628085006e-05,0.07650559415501879,-3.8719312711195513e-05,-3.866851329803467e-05,-0.00039881868385549524,-4.903306474091096e-05,-0.0003497856191145843,False,False,False
REF_080,0.9992361615966753,0,0.9992361615966701,-22.706309490234187,-22.70654044343832,-22.70808393700055,-4.29578493166393,-4.34810184717476,-4.338923609855127,0.0002309532041344653,0.052316915510830064,-3.4059797014508927e-08,6.599085671561105e-07,-0.001774446766361848,-0.00011547583445548071,-0.0016589709319063672,False,False,False
REF_081,0.9997806384682337,0,0.9997806384682313,-20.080471612898457,-20.07461056850678,-20.078016960821095,-6.333108695682387,-6.332559147130241,-6.3328339170601335,-0.005861044391675563,-0.000549548552146284,3.8403130712963285e-05,4.1398973692031136e-05,-0.003406392314314388,-0.00293002783310925,-0.0004763644812051382,False,False,False
REF_082,0.9999974661418921,0,0.9999974661418919,-13.180209133485373,-13.179627823394593,-13.17992397590901,-0.4806441348564806,-0.4767228663711618,-0.4786832793304086,-0.0005813100907801072,-0.0039212684853188184,-3.8997634597446606e-05,-4.1361088338105574e-05,-0.00029615251441583723,-0.0002906501823112251,-5.502332104612151e-06,False,False,False
REF_083,0.9999440268443898,0,0.9999440268443885,-13.754968211558063,-13.755187121696931,-13.755199211802868,-0.725269228269455,-0.7295926457425668,-0.727430668007393,0.0002189101388676562,0.0043234174731118236,-7.914513656773519e-06,-8.139413656647672e-06,-0.00023100024480449122,-0.00010945437978371331,-0.00012154586502077791,False,False,False
REF_084,0.9999951300766016,0,0.9999951300766008,-11.417576386402786,-11.417686347482993,-11.41764194168622,-0.0007952533512092487,-0.0007952533512092487,-0.0007952533512092487,0.00010996108020755457,0.0,-1.8636169640914254e-05,-1.8757322560185972e-05,-6.555528343454853e-05,-5.4980366094525834e-05,-1.0574917340022694e-05,False,False,False
REF_085,0.9999869527031396,0,0.9999869527031388,-14.763126190815418,-14.763213736789822,-14.763198295630332,-2.5843716876038543,-2.5843716876038543,-2.5843716876038543,8.754597440407963e-05,0.0,-1.3017532776813118e-05,-1.3151947332888233e-05,-7.21048149134873e-05,-4.3772876903602764e-05,-2.833193800988454e-05,False,False,False
REF_086,0.9999826364957042,0,0.9999826364957028,-12.876076778098007,-12.874272963375956,-12.875212528223226,-0.0007952533512092487,-0.0007952533512092487,-0.0007952533512092487,-0.0018038147220504896,0.0,-0.0005518658594651656,-0.0005518638274886391,-0.0009395648472700913,-0.0009018605358335208,-3.770431143657049e-05,False,False,False
REF_087,0.9956702059394336,0,0.9956702059394338,-12.70014540277378,-12.696223726863458,-12.707596532792673,-0.0007952533512092487,-0.0007952533512092487,-0.0007952533512092487,-0.003921675910321554,0.0,-0.0004682508111000061,-0.00045048624277114867,-0.011372805929214636,-0.0019606166257624125,-0.009412189303452223,False,False,False
REF_088,0.9999818426600716,0,0.9999818426600725,-12.290861627088589,-12.292601555791888,-12.2917709762177,-0.806039160829396,-0.7967370023627354,-0.8013868363271353,0.0017399287032997535,-0.009302158466660604,1.490704807234399e-05,1.4472154923427253e-05,-0.0009093491291114475,-0.0008699207845559442,-3.942834455550326e-05,False,False,False
REF_089,0.999991134676357,0,0.9999911346763565,-11.388259926495607,-11.388722566642745,-11.388510494320567,-0.0007952533512092487,-0.0007952533512092487,-0.0007952533512092487,0.00046264014713770507,0.0,-0.00027414239369905914,-0.00027366842214877787,-0.000250567824959802,-0.00023131699334477673,-1.9250831615025277e-05,False,False,False
REF_090,0.9961170429447608,0,0.9961170429447601,-13.516082631814037,-13.515478832005618,-13.524220656218215,-0.5809559196939323,-0.5798223615013852,-0.5803891221056817,-0.0006037998084185148,-0.0011335581925471239,-3.065736520858038e-05,-3.0267096701122465e-05,-0.008741824212597393,-0.00030189465756436107,-0.008439929555033032,False,False,False
REF_091,0.9999944603942506,0,0.9999944603942501,-16.675714936226235,-16.6762308575024,-16.675984922154484,-0.0007952533512092487,-0.0007952533512092487,-0.0013254627054249824,0.0005159212761647325,0.0,-2.7078084456614957e-05,-2.733789957486666e-05,-0.00026998592824867274,-0.0002579568075198324,-1.2029120728840326e-05,False,False,False
REF_092,0.9999881838364933,0,0.9999881838364928,-11.65128848982014,-11.651413870177603,-11.651376838375452,-0.0007952533512092487,-0.0007952533512092487,-0.0007952533512092487,0.000125380357463456,0.0,-0.00017972350120544435,-0.0001817631721496582,-8.834855531247854e-05,-6.268995249847364e-05,-2.5658602814004894e-05,False,False,False
REF_093,0.9998623097036772,0,0.9998623097036765,-14.527819694530743,-14.526432460012122,-14.527425050760268,-0.8899162725213869,-0.8913847486847631,-0.8906504795696645,-0.0013872345186207724,0.0014684761633761978,5.6490302085876465e-05,5.3712615260371456e-05,-0.0009925907481456164,-0.0006935895646851264,-0.00029900118346049,False,False,False
REF_094,0.9999848336340931,0,0.9999848336340921,-19.84916724392274,-19.84772166052284,-19.848477355923908,-4.542672495868532,-4.542225311291087,-4.5424489007019515,-0.0014455833998994194,-0.00044718457744430395,-1.553584028173376e-05,-1.3831588957044813e-05,-0.0007556954010681238,-0.0007227616265872427,-3.2933774480881084e-05,False,False,False
REF_095,0.99999518148992,0,0.9999951814899184,-16.35776870590147,-16.356456464484047,-16.357123026382418,-1.1886660028394602,-1.1907938915394984,-1.189729882027612,-0.0013122414174233654,0.0021278887000382163,-0.00020520194717075515,-0.00021284170772718346,-0.0006665618983703325,-0.0006560959274608535,-1.0465970909478983e-05,False,False,False
REF_096,0.9986484534175133,0,0.9986484534175123,-15.07315005054937,-15.074103409279507,-15.076562554894666,-1.0736274236630985,-1.0715280424928395,-1.0725776696503657,0.0009533587301380209,-0.002099381170258985,-3.8517684471316456e-05,-3.827345080491973e-05,-0.0034125043452970516,-0.00047666628504927644,-0.002935838060247775,False,False,False
REF_097,0.9996757384321552,0,0.9996757384321548,-11.414470328637819,-11.417800811471832,-11.416839593885602,-0.0007952533512092487,-0.0007952533512092487,-0.0007952533512092487,0.0033304828340128267,0.0,-0.0002592959337764316,-0.00027082860469818115,-0.0023692652477826925,-0.0016650817886265656,-0.0007041834591561269,False,False,False
REF_098,0.9962781607052542,0,0.9962781607052535,-14.830870961044322,-14.831184362488344,-14.839117061529716,-0.7344951218051538,-0.6749877267568761,-0.7046904634225476,0.00031340144402136616,-0.05950739504827762,-4.552580692149975e-06,-1.4735592736138238e-07,-0.008246100485393981,-0.0001566993085049262,-0.008089401176889055,False,False,False
REF_099,0.995722063503852,0,0.995722063503849,-20.242200640637698,-20.24376947226928,-20.25228439085652,-6.572131292704956,-6.541117273965798,-6.556610440929943,0.0015688316315802808,-0.031014018739157656,-1.5967931502904648e-05,-1.5925138424604367e-05,-0.010083750218822018,-0.0007843803958067497,-0.009299369823015269,False,False,False
REF_100,0.9995249313336468,0,0.9995249313336451,-14.759705974654189,-14.760023552951392,-14.760896483452257,-1.038006770072966,-1.0365132970663007,-1.0372600014707103,0.00031757829720291397,-0.0014934730066653579,3.594585827418736e-05,3.4206147704805646e-05,-0.001190508798067924,-0.00015878769716692887,-0.0010317211009009952,False,False,False
REF_101,0.9999265306623374,0,0.9999265306623362,-14.354449976703558,-14.354366338926711,-14.354567697368207,-0.8729000676936196,-0.8778841234510881,-0.8753917380843403,-8.363777684650131e-05,0.00498405575746852,2.7817274842943462e-06,4.464494330542428e-06,-0.0002013584414957137,-4.181878775355585e-05,-0.00015953965374215784,False,False,False
REF_102,0.999867116350316,0,0.9998671163503158,-13.869532981615986,-13.869978097941374,-13.870044099677648,-0.5047708422999909,-0.4652493245781241,-0.48498760518581097,0.0004451163253875734,-0.039521517721866795,4.6491225560506185e-05,4.6393473943074545e-05,-0.0005111180616612643,-0.00022255531139592222,-0.00028856275026534206,False,False,False
REF_103,0.9980834454940192,0,0.9980834454940184,-14.779170302933958,-14.779355077856433,-14.783426430062649,-1.1286920531577702,-1.1286920531577702,-1.1286920531577702,0.00018477492247548355,0.0,5.647043387095133e-05,5.651679303910997e-05,-0.004256127128691389,-9.238696989832818e-05,-0.004163740158793061,False,False,False
REF_104,0.9976125826400903,0,0.997612582640087,-22.78103962573883,-22.782312330700933,-22.786863262597837,-7.3092295693648355,-7.3092295693648355,-7.3092295693648355,0.001272704962101301,0.0,-6.426815633420591e-06,-5.597317660296405e-06,-0.005823636859005887,-0.00063632917057177,-0.005187307688434117,False,False,False
REF_105,0.9999431554723112,0,0.9999431554723092,-19.926289371980783,-19.90593232226557,-19.916228322100274,-3.5714023872259077,-3.336671644427727,-3.4536385988892815,-0.020357049715212128,-0.23473074279818062,-3.6043317421622895e-05,-3.319525200387706e-05,-0.010295999834703196,-0.010172561027250282,-0.00012343880745291358,False,False,False
REF_106,0.9999976340235489,0,0.9999976340235488,-10.808076596225058,-10.808010957985543,-10.808048914697073,-0.0007952533512092487,-0.0007952533512092487,-0.0007952533512092487,-6.563823951566405e-05,0.0,-0.00019036616597856794,-0.00019019416400364468,-3.795671153028479e-05,-3.2819057755872905e-05,-5.137653774411888e-06,False,False,False
REF_107,0.999978843527985,0,0.9999788435279837,-17.989625262786653,-17.989621285889765,-17.98966921527536,-0.39727947477580716,-0.39727947477580716,-0.39727947477580716,-3.9768968882469835e-06,0.0,-1.765555805630154e-05,-1.7676088545057508e-05,-4.7929385594613905e-05,-1.9884482149734595e-06,-4.5940937379640445e-05,False,False,False
REF_108,0.999993334897025,0,0.9999933348970236,-17.151280197931648,-17.14716179083836,-17.14923522349735,-1.3658380723499741,-1.3720444960781821,-1.368940729871111,-0.004118407093287146,0.00620642372820801,2.767385975007088e-05,2.6389475791685043e-05,-0.0020734326589888497,-0.002058959454249276,-1.4473204739573475e-05,False,False,False
REF_109,0.9999963848788224,0,0.9999963848788275,-9.971999438881372,-9.97211503722795,-9.972065088023847,-0.0007952533512092487,-0.0007952533512092487,-0.0007952533512092487,0.00011559834657681733,0.0,-0.000441206619143486,-0.0004394352436065674,-6.564914247420006e-05,-5.7798980979129055e-05,-7.850161495071006e-06,False,False,False
REF_110,0.9999965172312888,0,0.9999965172312864,-18.645428679582373,-18.645319954869052,-18.64538187980117,-5.415046673260199,-5.415541130872155,-5.4152938985477075,-0.00010872471332135092,0.0004944576119561006,-2.3215244977902144e-06,-2.510272539578951e-06,-6.192493211898409e-05,-5.436218653898095e-05,-7.5627455800031385e-06,False,False,False
REF_111,0.9943656723137846,0,0.9943656723137839,-17.544888534327733,-17.545347145766318,-17.55736988999254,-4.586159195127658,-4.585260360373603,-4.5857097661239585,0.00045861143858516584,-0.0008988347540554997,-2.4549828635321724e-05,-2.3125277625189886e-05,-0.012481355664807126,-0.00022930269248178092,-0.012252052972325345,False,False,False
REF_112,0.9999978597086562,0,0.9999978597086556,-13.5360921671894,-13.536182963515033,-13.53614221282198,-0.8150601368577806,-0.8147689913455586,-0.8149145628817931,9.079632563313567e-05,-0.0002911455122219797,-1.2861645740011465e-05,-1.3170034989066746e-05,-5.004563258026451e-05,-4.539804417724724e-05,-4.6475884030172665e-06,False,False,False
REF_113,0.9999864629949995,0,0.9999864629949965,-18.429816304375947,-18.429647616003884,-18.429761355123965,-2.978298323946931,-2.9775513755319665,-2.9779248417101636,-0.0001686883720637411,-0.0007469484149646988,8.551970772121264e-06,8.164540581081225e-06,-0.00011373912008139087,-8.434377652122294e-05,-2.939534356016793e-05,False,False,False
REF_114,0.9999835710787393,0,0.9999835710787364,-21.257096982788926,-21.257055189838255,-21.257111761395034,-4.800007308869011,-4.800007308869011,-4.800007308869011,-4.1792950671748486e-05,0.0,2.953486564831856e-06,2.679916528555063e-06,-5.657155677951664e-05,-2.0896450202201322e-05,-3.567510657731532e-05,False,False,False
REF_115,0.9998462948645956,0,0.9998462948645939,-19.088580420401467,-19.091307773858848,-19.090277770913524,-1.8391660701027288,-1.6942787709882992,-1.76642032014265,0.0027273534573808433,-0.14488729911442966,-3.920447441839403e-06,2.797572843490108e-07,-0.0016973505120567722,-0.001363569680691512,-0.00033378083136526016,False,False,False
REF_116,0.9999940671415671,0,0.9999940671415658,-16.341915881807935,-16.34122047139099,-16.341581053121235,-0.5905971419202878,-0.5900297148655007,-0.5903134237593236,-0.000695410416945208,-0.000567427054787073,-5.4381574903215684e-05,-5.136983735220773e-05,-0.00036058173024500206,-0.00034769824897296076,-1.2883481272041308e-05,False,False,False
REF_117,0.9997793333234616,0,0.9997793333234597,-15.236070377404614,-15.235523205127182,-15.236275985227252,-0.44625338559495054,-0.4571430340802125,-0.45812097814761665,-0.000547172277432395,0.010889648485261971,2.4162041835295848e-05,2.676248550415039e-05,-0.0007527801000701828,-0.0002735818300383386,-0.00047919827003184423,False,False,False
REF_118,0.9961397988204607,0,0.9961397988204602,-16.775326121584317,-16.77607687316254,-16.78409190847315,-2.6369995005162767,-2.7160003911047452,-2.713282965160002,0.0007507515782236851,0.07900089058846849,5.1829786527724496e-05,5.02580688113258e-05,-0.00876578688883356,-0.00037536767785084635,-0.008390419210982714,False,False,False
REF_119,0.9999384632761432,0,0.9999384632761401,-16.041018594261654,-16.040288431217114,-16.040787132418394,-0.5157341492843938,-0.611618044786311,-0.5635437894203755,-0.0007301630445404328,0.09588389550191723,-2.1378199259440105e-05,-2.1475411596752348e-05,-0.0004987012012804826,-0.0003650738497960049,-0.00013362735148447769,False,False,False
REF_120,0.9973568972776394,0,0.9973568972776389,-15.92307135891031,-15.922511743336209,-15.928534765291381,-0.016981216822360503,-0.016715629834675574,-0.01684842231341695,-0.0005596155741010023,-0.0002655869876849286,-0.00010001724180967912,-9.692946205968443e-05,-0.0060230219551726805,-0.00027980328017918055,-0.0057432186749935,False,False,False
REF_121,0.998885537734318,0,0.9988855377343133,-15.832566467324359,-15.8322882944837,-15.834848078356867,-2.026920914030577,-2.027590424158327,-2.027255662643705,-0.0002781728406588968,0.0006695101277500726,6.259165026924827e-06,6.504356861114502e-06,-0.002559783873167021,-0.0001390853067384512,-0.0024206985664285696,False,False,False
REF_122,0.9960822287856526,0,0.9960822287856524,-15.457688845179135,-15.457750135316807,-15.466235165563875,-0.0007952533512092487,-0.007159902715879594,-0.003976995065617173,6.129013767264269e-05,0.006364649364670346,1.6472841563977692e-05,1.6025022456520482e-05,-0.008546320384740014,-3.064501477645365e-05,-0.00851567536996356,False,False,False
REF_123,0.9992736760053854,0,0.9992736760053849,-14.796747922897715,-14.796774796971437,-14.798338838820504,-0.7269983370285955,-0.7229642852398901,-0.7249810769386916,2.6874073721927516e-05,-0.004034051788705417,-5.516957263557278e-05,-5.375730748079261e-05,-0.0015909159227884828,-1.3437026469276248e-05,-0.0015774788963192066,False,False,False
REF_124,0.9998055092794896,0,0.999805509279487,-19.792465733542286,-19.792636379764144,-19.792973407882034,-0.7671526834131491,-0.7645471336313381,-0.765849810822268,0.0001706462218571403,-0.002605549781811045,5.6641882863538016e-05,5.638393862494107e-05,-0.0005076743397474104,-8.532269185934638e-05,-0.000422351647888064,False,False,False
REF_125,0.9999877506396652,0,0.9999877506396654,-11.147691461256848,-11.147589714582093,-11.147667186922428,-0.0007952533512092487,-0.0007952533512092487,-0.0007952533512092487,-0.00010174667475482124,0.0,-0.000492064190692589,-0.0004927472012941955,-7.747234033494976e-05,-5.087318839613886e-05,-2.6599151938810905e-05,False,False,False
REF_126,0.9997991034888939,0,0.9997991034888933,-15.309890794111936,-15.30912491725774,-15.309944110383999,-0.8509456631210776,-0.8544546409380166,-0.852699974832309,-0.0007658768541958239,0.0035089778169390407,8.340676625569662e-06,8.391009436713324e-06,-0.0008191931262579999,-0.000382929985715208,-0.0004362631405427919,False,False,False
REF_127,0.9972872952113708,0,0.9972872952113689,-18.158123246921292,-18.15815746086472,-18.164034915994435,-3.492187702947728,-3.3698187257237775,-3.4459492659492263,3.4213943429506344e-05,-0.12236897722395046,1.2099016003492403e-05,1.0857494865975729e-05,-0.005911669073142889,-1.710695487133762e-05,-0.005894562118271551,False,False,False
REF_128,0.9999982048065408,0,0.9999982048065396,-14.155981752906136,-14.156021509378473,-14.156005529336909,-0.6193005185555426,-0.6201545463462179,-0.6197275219544962,3.975647233644963e-05,0.000854027790675338,-8.686293255199085e-05,-8.720430460843173e-05,-2.3776430772670665e-05,-1.9878213421975488e-05,-3.898217350695177e-06,False,False,False
