recording_id,measure,duration_ms,leading_ms,trailing_ms,active_ms
REF_001,abs_dbfs_-30,789.5,200.0,120.0,420.0
REF_001,abs_dbfs_-40,789.5,20.0,50.0,580.0
REF_001,abs_dbfs_-50,789.5,20.0,20.0,740.0
REF_001,trim_cand_abs-40,789.5,0.0,0.0,789.5
REF_001,trim_abs-30,789.5,150.0,79.5,560.0
REF_001,trim_abs-50,789.5,0.0,0.0,789.5
REF_001,trim_rel-40,789.5,0.0,0.0,789.5
REF_001,trim_rel-40_nopad,789.5,0.0,0.0,789.5
REF_002,abs_dbfs_-30,673.375,100.0,110.0,460.0
REF_002,abs_dbfs_-40,673.375,90.0,10.0,570.0
REF_002,abs_dbfs_-50,673.375,30.0,0.0,640.0
REF_002,trim_cand_abs-40,673.375,0.0,0.0,673.375
REF_002,trim_abs-30,673.375,50.0,63.375,560.0
REF_002,trim_abs-50,673.375,0.0,0.0,673.375
REF_002,trim_rel-40,673.375,0.0,0.0,673.375
REF_002,trim_rel-40_nopad,673.375,0.0,0.0,673.375
REF_003,abs_dbfs_-30,835.9375,50.0,100.0,670.0
REF_003,abs_dbfs_-40,835.9375,20.0,50.0,740.0
REF_003,abs_dbfs_-50,835.9375,20.0,0.0,810.0
REF_003,trim_cand_abs-40,835.9375,0.0,0.0,835.9375
REF_003,trim_abs-30,835.9375,0.0,55.9375,780.0
REF_003,trim_abs-50,835.9375,0.0,0.0,835.9375
REF_003,trim_rel-40,835.9375,0.0,0.0,835.9375
REF_003,trim_rel-40_nopad,835.9375,0.0,0.0,835.9375
REF_004,abs_dbfs_-30,789.5,80.0,110.0,590.0
REF_004,abs_dbfs_-40,789.5,70.0,60.0,650.0
REF_004,abs_dbfs_-50,789.5,60.0,20.0,700.0
REF_004,trim_cand_abs-40,789.5,0.0,0.0,789.5
REF_004,trim_abs-30,789.5,0.0,69.5,720.0
REF_004,trim_abs-50,789.5,0.0,0.0,789.5
REF_004,trim_rel-40,789.5,0.0,0.0,789.5
REF_004,trim_rel-40_nopad,789.5,0.0,0.0,789.5
REF_005,abs_dbfs_-30,603.75,70.0,90.0,440.0
REF_005,abs_dbfs_-40,603.75,60.0,30.0,500.0
REF_005,abs_dbfs_-50,603.75,30.0,0.0,560.0
REF_005,trim_cand_abs-40,603.75,0.0,0.0,603.75
REF_005,trim_abs-30,603.75,0.0,0.0,603.75
REF_005,trim_abs-50,603.75,0.0,0.0,603.75
REF_005,trim_rel-40,603.75,0.0,0.0,603.75
REF_005,trim_rel-40_nopad,603.75,0.0,0.0,603.75
REF_006,abs_dbfs_-30,650.1875,50.0,60.0,540.0
REF_006,abs_dbfs_-40,650.1875,50.0,30.0,570.0
REF_006,abs_dbfs_-50,650.1875,50.0,20.0,580.0
REF_006,trim_cand_abs-40,650.1875,0.0,0.0,650.1875
REF_006,trim_abs-30,650.1875,0.0,0.0,650.1875
REF_006,trim_abs-50,650.1875,0.0,0.0,650.1875
REF_006,trim_rel-40,650.1875,0.0,0.0,650.1875
REF_006,trim_rel-40_nopad,650.1875,0.0,0.0,650.1875
REF_007,abs_dbfs_-30,1648.625,150.0,190.0,940.0
REF_007,abs_dbfs_-40,1648.625,70.0,70.0,1230.0
REF_007,abs_dbfs_-50,1648.625,50.0,40.0,1540.0
REF_007,trim_cand_abs-40,1648.625,0.0,0.0,1648.625
REF_007,trim_abs-30,1648.625,100.0,148.625,1400.0
REF_007,trim_abs-50,1648.625,0.0,0.0,1648.625
REF_007,trim_rel-40,1648.625,0.0,0.0,1648.625
REF_007,trim_rel-40_nopad,1648.625,0.0,0.0,1648.625
REF_008,abs_dbfs_-30,1300.3125,40.0,150.0,1110.0
REF_008,abs_dbfs_-40,1300.3125,30.0,80.0,1160.0
REF_008,abs_dbfs_-50,1300.3125,30.0,10.0,1260.0
REF_008,trim_cand_abs-40,1300.3125,0.0,0.0,1300.3125
REF_008,trim_abs-30,1300.3125,0.0,100.3125,1200.0
REF_008,trim_abs-50,1300.3125,0.0,0.0,1300.3125
REF_008,trim_rel-40,1300.3125,0.0,0.0,1300.3125
REF_008,trim_rel-40_nopad,1300.3125,0.0,0.0,1300.3125
REF_009,abs_dbfs_-30,603.75,60.0,10.0,500.0
REF_009,abs_dbfs_-40,603.75,60.0,0.0,540.0
REF_009,abs_dbfs_-50,603.75,30.0,0.0,570.0
REF_009,trim_cand_abs-40,603.75,0.0,0.0,603.75
REF_009,trim_abs-30,603.75,0.0,0.0,603.75
REF_009,trim_abs-50,603.75,0.0,0.0,603.75
REF_009,trim_rel-40,603.75,0.0,0.0,603.75
REF_009,trim_rel-40_nopad,603.75,0.0,0.0,603.75
REF_010,abs_dbfs_-30,1253.875,150.0,130.0,970.0
REF_010,abs_dbfs_-40,1253.875,130.0,50.0,1060.0
REF_010,abs_dbfs_-50,1253.875,130.0,20.0,1100.0
REF_010,trim_cand_abs-40,1253.875,80.0,0.0,1173.875
REF_010,trim_abs-30,1253.875,100.0,83.875,1070.0
REF_010,trim_abs-50,1253.875,80.0,0.0,1173.875
REF_010,trim_rel-40,1253.875,80.0,0.0,1173.875
REF_010,trim_rel-40_nopad,1253.875,130.0,0.0,1123.875
REF_011,abs_dbfs_-30,603.75,60.0,40.0,500.0
REF_011,abs_dbfs_-40,603.75,60.0,10.0,530.0
REF_011,abs_dbfs_-50,603.75,30.0,0.0,550.0
REF_011,trim_cand_abs-40,603.75,0.0,0.0,603.75
REF_011,trim_abs-30,603.75,0.0,0.0,603.75
REF_011,trim_abs-50,603.75,0.0,0.0,603.75
REF_011,trim_rel-40,603.75,0.0,0.0,603.75
REF_011,trim_rel-40_nopad,603.75,0.0,0.0,603.75
REF_012,abs_dbfs_-30,603.75,90.0,80.0,430.0
REF_012,abs_dbfs_-40,603.75,80.0,20.0,490.0
REF_012,abs_dbfs_-50,603.75,80.0,0.0,520.0
REF_012,trim_cand_abs-40,603.75,0.0,0.0,603.75
REF_012,trim_abs-30,603.75,0.0,0.0,603.75
REF_012,trim_abs-50,603.75,0.0,0.0,603.75
REF_012,trim_rel-40,603.75,0.0,0.0,603.75
REF_012,trim_rel-40_nopad,603.75,0.0,0.0,603.75
REF_013,abs_dbfs_-30,789.5,120.0,130.0,500.0
REF_013,abs_dbfs_-40,789.5,120.0,80.0,550.0
REF_013,abs_dbfs_-50,789.5,70.0,30.0,640.0
REF_013,trim_cand_abs-40,789.5,70.0,0.0,719.5
REF_013,trim_abs-30,789.5,70.0,89.5,630.0
REF_013,trim_abs-50,789.5,0.0,0.0,789.5
REF_013,trim_rel-40,789.5,70.0,0.0,719.5
REF_013,trim_rel-40_nopad,789.5,120.0,0.0,669.5
REF_014,abs_dbfs_-30,1207.4375,70.0,110.0,920.0
REF_014,abs_dbfs_-40,1207.4375,60.0,70.0,1060.0
REF_014,abs_dbfs_-50,1207.4375,60.0,20.0,1120.0
REF_014,trim_cand_abs-40,1207.4375,0.0,0.0,1207.4375
REF_014,trim_abs-30,1207.4375,0.0,67.4375,1140.0
REF_014,trim_abs-50,1207.4375,0.0,0.0,1207.4375
REF_014,trim_rel-40,1207.4375,0.0,0.0,1207.4375
REF_014,trim_rel-40_nopad,1207.4375,0.0,0.0,1207.4375
REF_015,abs_dbfs_-30,835.9375,70.0,140.0,610.0
REF_015,abs_dbfs_-40,835.9375,40.0,100.0,680.0
REF_015,abs_dbfs_-50,835.9375,20.0,20.0,770.0
REF_015,trim_cand_abs-40,835.9375,0.0,55.9375,780.0
REF_015,trim_abs-30,835.9375,0.0,95.9375,740.0
REF_015,trim_abs-50,835.9375,0.0,0.0,835.9375
REF_015,trim_rel-40,835.9375,0.0,55.9375,780.0
REF_015,trim_rel-40_nopad,835.9375,0.0,105.9375,730.0
REF_016,abs_dbfs_-30,835.9375,30.0,10.0,770.0
REF_016,abs_dbfs_-40,835.9375,20.0,0.0,810.0
REF_016,abs_dbfs_-50,835.9375,20.0,0.0,810.0
REF_016,trim_cand_abs-40,835.9375,0.0,0.0,835.9375
REF_016,trim_abs-30,835.9375,0.0,0.0,835.9375
REF_016,trim_abs-50,835.9375,0.0,0.0,835.9375
REF_016,trim_rel-40,835.9375,0.0,0.0,835.9375
REF_016,trim_rel-40_nopad,835.9375,0.0,0.0,835.9375
REF_017,abs_dbfs_-30,1137.75,50.0,220.0,650.0
REF_017,abs_dbfs_-40,1137.75,40.0,170.0,910.0
REF_017,abs_dbfs_-50,1137.75,40.0,80.0,1010.0
REF_017,trim_cand_abs-40,1137.75,0.0,127.75,1010.0
REF_017,trim_abs-30,1137.75,0.0,177.75,960.0
REF_017,trim_abs-50,1137.75,0.0,0.0,1137.75
REF_017,trim_rel-40,1137.75,0.0,127.75,1010.0
REF_017,trim_rel-40_nopad,1137.75,0.0,177.75,960.0
REF_018,abs_dbfs_-30,1787.9375,140.0,290.0,1220.0
REF_018,abs_dbfs_-40,1787.9375,130.0,150.0,1420.0
REF_018,abs_dbfs_-50,1787.9375,130.0,40.0,1610.0
REF_018,trim_cand_abs-40,1787.9375,80.0,107.9375,1600.0
REF_018,trim_abs-30,1787.9375,90.0,247.9375,1450.0
REF_018,trim_abs-50,1787.9375,80.0,0.0,1707.9375
REF_018,trim_rel-40,1787.9375,80.0,107.9375,1600.0
REF_018,trim_rel-40_nopad,1787.9375,130.0,157.9375,1500.0
REF_019,abs_dbfs_-30,1277.125,80.0,60.0,1120.0
REF_019,abs_dbfs_-40,1277.125,70.0,10.0,1190.0
REF_019,abs_dbfs_-50,1277.125,30.0,0.0,1230.0
REF_019,trim_cand_abs-40,1277.125,0.0,0.0,1277.125
REF_019,trim_abs-30,1277.125,0.0,0.0,1277.125
REF_019,trim_abs-50,1277.125,0.0,0.0,1277.125
REF_019,trim_rel-40,1277.125,0.0,0.0,1277.125
REF_019,trim_rel-40_nopad,1277.125,0.0,0.0,1277.125
REF_020,abs_dbfs_-30,882.375,120.0,80.0,680.0
REF_020,abs_dbfs_-40,882.375,100.0,30.0,750.0
REF_020,abs_dbfs_-50,882.375,60.0,10.0,790.0
REF_020,trim_cand_abs-40,882.375,50.0,0.0,832.375
REF_020,trim_abs-30,882.375,70.0,0.0,812.375
REF_020,trim_abs-50,882.375,0.0,0.0,882.375
REF_020,trim_rel-40,882.375,50.0,0.0,832.375
REF_020,trim_rel-40_nopad,882.375,100.0,0.0,782.375
REF_021,abs_dbfs_-30,1137.75,110.0,170.0,760.0
REF_021,abs_dbfs_-40,1137.75,30.0,10.0,980.0
REF_021,abs_dbfs_-50,1137.75,20.0,0.0,1110.0
REF_021,trim_cand_abs-40,1137.75,0.0,0.0,1137.75
REF_021,trim_abs-30,1137.75,60.0,127.75,950.0
REF_021,trim_abs-50,1137.75,0.0,0.0,1137.75
REF_021,trim_rel-40,1137.75,0.0,0.0,1137.75
REF_021,trim_rel-40_nopad,1137.75,0.0,0.0,1137.75
REF_022,abs_dbfs_-30,673.375,140.0,0.0,530.0
REF_022,abs_dbfs_-40,673.375,40.0,0.0,590.0
REF_022,abs_dbfs_-50,673.375,30.0,0.0,640.0
REF_022,trim_cand_abs-40,673.375,0.0,0.0,673.375
REF_022,trim_abs-30,673.375,90.0,0.0,583.375
REF_022,trim_abs-50,673.375,0.0,0.0,673.375
REF_022,trim_rel-40,673.375,0.0,0.0,673.375
REF_022,trim_rel-40_nopad,673.375,0.0,0.0,673.375
REF_023,abs_dbfs_-30,719.8125,90.0,20.0,570.0
REF_023,abs_dbfs_-40,719.8125,30.0,10.0,640.0
REF_023,abs_dbfs_-50,719.8125,30.0,10.0,670.0
REF_023,trim_cand_abs-40,719.8125,0.0,0.0,719.8125
REF_023,trim_abs-30,719.8125,0.0,0.0,719.8125
REF_023,trim_abs-50,719.8125,0.0,0.0,719.8125
REF_023,trim_rel-40,719.8125,0.0,0.0,719.8125
REF_023,trim_rel-40_nopad,719.8125,0.0,0.0,719.8125
REF_024,abs_dbfs_-30,673.375,80.0,20.0,480.0
REF_024,abs_dbfs_-40,673.375,70.0,10.0,590.0
REF_024,abs_dbfs_-50,673.375,60.0,0.0,610.0
REF_024,trim_cand_abs-40,673.375,0.0,0.0,673.375
REF_024,trim_abs-30,673.375,0.0,0.0,673.375
REF_024,trim_abs-50,673.375,0.0,0.0,673.375
REF_024,trim_rel-40,673.375,0.0,0.0,673.375
REF_024,trim_rel-40_nopad,673.375,0.0,0.0,673.375
REF_025,abs_dbfs_-30,1555.75,130.0,150.0,1040.0
REF_025,abs_dbfs_-40,1555.75,30.0,100.0,1390.0
REF_025,abs_dbfs_-50,1555.75,20.0,60.0,1470.0
REF_025,trim_cand_abs-40,1555.75,0.0,55.75,1500.0
REF_025,trim_abs-30,1555.75,80.0,105.75,1370.0
REF_025,trim_abs-50,1555.75,0.0,0.0,1555.75
REF_025,trim_rel-40,1555.75,0.0,55.75,1500.0
REF_025,trim_rel-40_nopad,1555.75,0.0,105.75,1450.0
REF_026,abs_dbfs_-30,1904.0625,90.0,150.0,1390.0
REF_026,abs_dbfs_-40,1904.0625,30.0,110.0,1660.0
REF_026,abs_dbfs_-50,1904.0625,30.0,60.0,1790.0
REF_026,trim_cand_abs-40,1904.0625,0.0,64.0625,1840.0
REF_026,trim_abs-30,1904.0625,0.0,104.0625,1800.0
REF_026,trim_abs-50,1904.0625,0.0,0.0,1904.0625
REF_026,trim_rel-40,1904.0625,0.0,64.0625,1840.0
REF_026,trim_rel-40_nopad,1904.0625,0.0,114.0625,1790.0
REF_027,abs_dbfs_-30,1416.4375,120.0,190.0,1020.0
REF_027,abs_dbfs_-40,1416.4375,120.0,130.0,1160.0
REF_027,abs_dbfs_-50,1416.4375,110.0,60.0,1230.0
REF_027,trim_cand_abs-40,1416.4375,70.0,86.4375,1260.0
REF_027,trim_abs-30,1416.4375,70.0,146.4375,1200.0
REF_027,trim_abs-50,1416.4375,60.0,0.0,1356.4375
REF_027,trim_rel-40,1416.4375,70.0,86.4375,1260.0
REF_027,trim_rel-40_nopad,1416.4375,120.0,136.4375,1160.0
REF_028,abs_dbfs_-30,1277.125,30.0,60.0,1120.0
REF_028,abs_dbfs_-40,1277.125,20.0,20.0,1230.0
REF_028,abs_dbfs_-50,1277.125,20.0,0.0,1250.0
REF_028,trim_cand_abs-40,1277.125,0.0,0.0,1277.125
REF_028,trim_abs-30,1277.125,0.0,0.0,1277.125
REF_028,trim_abs-50,1277.125,0.0,0.0,1277.125
REF_028,trim_rel-40,1277.125,0.0,0.0,1277.125
REF_028,trim_rel-40_nopad,1277.125,0.0,0.0,1277.125
REF_029,abs_dbfs_-30,2020.1250000000002,100.0,250.0,1480.0
REF_029,abs_dbfs_-40,2020.1250000000002,100.0,210.0,1660.0
REF_029,abs_dbfs_-50,2020.1250000000002,100.0,90.0,1830.0
REF_029,trim_cand_abs-40,2020.1250000000002,50.0,160.125,1810.0
REF_029,trim_abs-30,2020.1250000000002,50.0,200.125,1770.0
REF_029,trim_abs-50,2020.1250000000002,50.0,0.0,1970.125
REF_029,trim_rel-40,2020.1250000000002,50.0,160.125,1810.0
REF_029,trim_rel-40_nopad,2020.1250000000002,100.0,210.125,1710.0
REF_030,abs_dbfs_-30,1184.1875,100.0,150.0,880.0
REF_030,abs_dbfs_-40,1184.1875,100.0,120.0,960.0
REF_030,abs_dbfs_-50,1184.1875,90.0,20.0,1010.0
REF_030,trim_cand_abs-40,1184.1875,50.0,74.1875,1060.0
REF_030,trim_abs-30,1184.1875,50.0,104.1875,1030.0
REF_030,trim_abs-50,1184.1875,0.0,0.0,1184.1875
REF_030,trim_rel-40,1184.1875,50.0,74.1875,1060.0
REF_030,trim_rel-40_nopad,1184.1875,100.0,124.1875,960.0
REF_031,abs_dbfs_-30,1416.4375,60.0,140.0,1070.0
REF_031,abs_dbfs_-40,1416.4375,60.0,80.0,1260.0
REF_031,abs_dbfs_-50,1416.4375,50.0,40.0,1320.0
REF_031,trim_cand_abs-40,1416.4375,0.0,0.0,1416.4375
REF_031,trim_abs-30,1416.4375,0.0,96.4375,1320.0
REF_031,trim_abs-50,1416.4375,0.0,0.0,1416.4375
REF_031,trim_rel-40,1416.4375,0.0,0.0,1416.4375
REF_031,trim_rel-40_nopad,1416.4375,0.0,0.0,1416.4375
REF_032,abs_dbfs_-30,1555.75,110.0,60.0,1190.0
REF_032,abs_dbfs_-40,1555.75,110.0,50.0,1320.0
REF_032,abs_dbfs_-50,1555.75,110.0,20.0,1420.0
REF_032,trim_cand_abs-40,1555.75,60.0,0.0,1495.75
REF_032,trim_abs-30,1555.75,60.0,0.0,1495.75
REF_032,trim_abs-50,1555.75,60.0,0.0,1495.75
REF_032,trim_rel-40,1555.75,60.0,0.0,1495.75
REF_032,trim_rel-40_nopad,1555.75,110.0,0.0,1445.75
REF_033,abs_dbfs_-30,1880.8125,100.0,180.0,1520.0
REF_033,abs_dbfs_-40,1880.8125,90.0,140.0,1610.0
REF_033,abs_dbfs_-50,1880.8125,90.0,120.0,1670.0
REF_033,trim_cand_abs-40,1880.8125,0.0,90.8125,1790.0
REF_033,trim_abs-30,1880.8125,50.0,130.8125,1700.0
REF_033,trim_abs-50,1880.8125,0.0,70.8125,1810.0
REF_033,trim_rel-40,1880.8125,0.0,90.8125,1790.0
REF_033,trim_rel-40_nopad,1880.8125,0.0,140.8125,1740.0
REF_034,abs_dbfs_-30,673.375,100.0,320.0,250.0
REF_034,abs_dbfs_-40,673.375,100.0,280.0,290.0
REF_034,abs_dbfs_-50,673.375,30.0,10.0,400.0
REF_034,trim_cand_abs-40,673.375,50.0,233.375,390.0
REF_034,trim_abs-30,673.375,50.0,273.375,350.0
REF_034,trim_abs-50,673.375,0.0,0.0,673.375
REF_034,trim_rel-40,673.375,50.0,223.375,400.0
REF_034,trim_rel-40_nopad,673.375,100.0,273.375,300.0
REF_035,abs_dbfs_-30,975.25,90.0,170.0,690.0
REF_035,abs_dbfs_-40,975.25,50.0,140.0,750.0
REF_035,abs_dbfs_-50,975.25,40.0,80.0,840.0
REF_035,trim_cand_abs-40,975.25,0.0,95.25,880.0
REF_035,trim_abs-30,975.25,0.0,125.25,850.0
REF_035,trim_abs-50,975.25,0.0,0.0,975.25
REF_035,trim_rel-40,975.25,0.0,95.25,880.0
REF_035,trim_rel-40_nopad,975.25,0.0,145.25,830.0
REF_036,abs_dbfs_-30,952.0,240.0,340.0,350.0
REF_036,abs_dbfs_-40,952.0,230.0,290.0,430.0
REF_036,abs_dbfs_-50,952.0,220.0,200.0,510.0
REF_036,trim_cand_abs-40,952.0,180.0,242.0,530.0
REF_036,trim_abs-30,952.0,190.0,292.0,470.0
REF_036,trim_abs-50,952.0,170.0,152.0,630.0
REF_036,trim_rel-40,952.0,170.0,232.0,550.0
REF_036,trim_rel-40_nopad,952.0,220.0,282.0,450.0
REF_037,abs_dbfs_-30,603.75,30.0,150.0,420.0
REF_037,abs_dbfs_-40,603.75,20.0,40.0,500.0
REF_037,abs_dbfs_-50,603.75,20.0,0.0,580.0
REF_037,trim_cand_abs-40,603.75,0.0,0.0,603.75
REF_037,trim_abs-30,603.75,0.0,103.75,500.0
REF_037,trim_abs-50,603.75,0.0,0.0,603.75
REF_037,trim_rel-40,603.75,0.0,0.0,603.75
REF_037,trim_rel-40_nopad,603.75,0.0,0.0,603.75
REF_038,abs_dbfs_-30,1021.6875000000001,30.0,520.0,370.0
REF_038,abs_dbfs_-40,1021.6875000000001,20.0,300.0,490.0
REF_038,abs_dbfs_-50,1021.6875000000001,20.0,110.0,770.0
REF_038,trim_cand_abs-40,1021.6875000000001,0.0,251.6875,770.0
REF_038,trim_abs-30,1021.6875000000001,0.0,471.6875,550.0
REF_038,trim_abs-50,1021.6875000000001,0.0,61.6875,960.0
REF_038,trim_rel-40,1021.6875000000001,0.0,131.6875,890.0
REF_038,trim_rel-40_nopad,1021.6875000000001,0.0,181.6875,840.0
REF_039,abs_dbfs_-30,673.375,80.0,60.0,450.0
REF_039,abs_dbfs_-40,673.375,70.0,20.0,560.0
REF_039,abs_dbfs_-50,673.375,70.0,0.0,600.0
REF_039,trim_cand_abs-40,673.375,0.0,0.0,673.375
REF_039,trim_abs-30,673.375,0.0,0.0,673.375
REF_039,trim_abs-50,673.375,0.0,0.0,673.375
REF_039,trim_rel-40,673.375,0.0,0.0,673.375
REF_039,trim_rel-40_nopad,673.375,0.0,0.0,673.375
REF_040,abs_dbfs_-30,1578.9375,180.0,220.0,1070.0
REF_040,abs_dbfs_-40,1578.9375,160.0,200.0,1180.0
REF_040,abs_dbfs_-50,1578.9375,160.0,20.0,1370.0
REF_040,trim_cand_abs-40,1578.9375,110.0,158.9375,1310.0
REF_040,trim_abs-30,1578.9375,130.0,178.9375,1270.0
REF_040,trim_abs-50,1578.9375,110.0,0.0,1468.9375
REF_040,trim_rel-40,1578.9375,110.0,158.9375,1310.0
REF_040,trim_rel-40_nopad,1578.9375,160.0,208.9375,1210.0
REF_041,abs_dbfs_-30,812.6875,160.0,220.0,350.0
REF_041,abs_dbfs_-40,812.6875,150.0,180.0,440.0
REF_041,abs_dbfs_-50,812.6875,130.0,130.0,550.0
REF_041,trim_cand_abs-40,812.6875,100.0,132.6875,580.0
REF_041,trim_abs-30,812.6875,110.0,172.6875,530.0
REF_041,trim_abs-50,812.6875,80.0,82.6875,650.0
REF_041,trim_rel-40,812.6875,90.0,132.6875,590.0
REF_041,trim_rel-40_nopad,812.6875,140.0,182.6875,490.0
REF_042,abs_dbfs_-30,975.25,150.0,260.0,560.0
REF_042,abs_dbfs_-40,975.25,150.0,190.0,630.0
REF_042,abs_dbfs_-50,975.25,140.0,110.0,720.0
REF_042,trim_cand_abs-40,975.25,100.0,145.25,730.0
REF_042,trim_abs-30,975.25,100.0,215.25,660.0
REF_042,trim_abs-50,975.25,90.0,65.25,820.0
REF_042,trim_rel-40,975.25,100.0,145.25,730.0
REF_042,trim_rel-40_nopad,975.25,150.0,195.25,630.0
REF_043,abs_dbfs_-30,1439.625,220.0,590.0,620.0
REF_043,abs_dbfs_-40,1439.625,210.0,280.0,670.0
REF_043,abs_dbfs_-50,1439.625,50.0,190.0,790.0
REF_043,trim_cand_abs-40,1439.625,160.0,239.625,1040.0
REF_043,trim_abs-30,1439.625,170.0,549.625,720.0
REF_043,trim_abs-50,1439.625,0.0,149.625,1290.0
REF_043,trim_rel-40,1439.625,160.0,239.625,1040.0
REF_043,trim_rel-40_nopad,1439.625,210.0,289.625,940.0
REF_044,abs_dbfs_-30,812.6875,90.0,100.0,620.0
REF_044,abs_dbfs_-40,812.6875,80.0,70.0,660.0
REF_044,abs_dbfs_-50,812.6875,80.0,40.0,690.0
REF_044,trim_cand_abs-40,812.6875,0.0,0.0,812.6875
REF_044,trim_abs-30,812.6875,0.0,52.6875,760.0
REF_044,trim_abs-50,812.6875,0.0,0.0,812.6875
REF_044,trim_rel-40,812.6875,0.0,0.0,812.6875
REF_044,trim_rel-40_nopad,812.6875,0.0,0.0,812.6875
REF_045,abs_dbfs_-30,2786.375,240.0,700.0,1650.0
REF_045,abs_dbfs_-40,2786.375,190.0,440.0,1990.0
REF_045,abs_dbfs_-50,2786.375,170.0,170.0,2330.0
REF_045,trim_cand_abs-40,2786.375,140.0,396.375,2250.0
REF_045,trim_abs-30,2786.375,190.0,656.375,1940.0
REF_045,trim_abs-50,2786.375,120.0,126.375,2540.0
REF_045,trim_rel-40,2786.375,130.0,196.375,2460.0
REF_045,trim_rel-40_nopad,2786.375,180.0,246.375,2360.0
REF_046,abs_dbfs_-30,743.0625,100.0,100.0,540.0
REF_046,abs_dbfs_-40,743.0625,90.0,90.0,560.0
REF_046,abs_dbfs_-50,743.0625,90.0,50.0,600.0
REF_046,trim_cand_abs-40,743.0625,0.0,0.0,743.0625
REF_046,trim_abs-30,743.0625,50.0,53.0625,640.0
REF_046,trim_abs-50,743.0625,0.0,0.0,743.0625
REF_046,trim_rel-40,743.0625,0.0,0.0,743.0625
REF_046,trim_rel-40_nopad,743.0625,0.0,0.0,743.0625
REF_047,abs_dbfs_-30,1021.6875000000001,110.0,270.0,640.0
REF_047,abs_dbfs_-40,1021.6875000000001,110.0,190.0,700.0
REF_047,abs_dbfs_-50,1021.6875000000001,100.0,100.0,820.0
REF_047,trim_cand_abs-40,1021.6875000000001,60.0,141.6875,820.0
REF_047,trim_abs-30,1021.6875000000001,60.0,221.6875,740.0
REF_047,trim_abs-50,1021.6875000000001,50.0,51.6875,920.0
REF_047,trim_rel-40,1021.6875000000001,60.0,141.6875,820.0
REF_047,trim_rel-40_nopad,1021.6875000000001,110.0,191.6875,720.0
REF_048,abs_dbfs_-30,719.8125,160.0,320.0,230.0
REF_048,abs_dbfs_-40,719.8125,150.0,300.0,260.0
REF_048,abs_dbfs_-50,719.8125,40.0,280.0,320.0
REF_048,trim_cand_abs-40,719.8125,100.0,259.8125,360.0
REF_048,trim_abs-30,719.8125,110.0,279.8125,330.0
REF_048,trim_abs-50,719.8125,0.0,239.8125,480.0
REF_048,trim_rel-40,719.8125,0.0,249.8125,470.0
REF_048,trim_rel-40_nopad,719.8125,0.0,299.8125,420.0
REF_049,abs_dbfs_-30,673.375,100.0,230.0,330.0
REF_049,abs_dbfs_-40,673.375,90.0,180.0,390.0
REF_049,abs_dbfs_-50,673.375,70.0,40.0,560.0
REF_049,trim_cand_abs-40,673.375,0.0,133.375,540.0
REF_049,trim_abs-30,673.375,50.0,183.375,440.0
REF_049,trim_abs-50,673.375,0.0,0.0,673.375
REF_049,trim_rel-40,673.375,0.0,0.0,673.375
REF_049,trim_rel-40_nopad,673.375,0.0,0.0,673.375
REF_050,abs_dbfs_-30,650.1875,30.0,270.0,330.0
REF_050,abs_dbfs_-40,650.1875,30.0,220.0,400.0
REF_050,abs_dbfs_-50,650.1875,20.0,110.0,470.0
REF_050,trim_cand_abs-40,650.1875,0.0,170.1875,480.0
REF_050,trim_abs-30,650.1875,0.0,220.1875,430.0
REF_050,trim_abs-50,650.1875,0.0,60.1875,590.0
REF_050,trim_rel-40,650.1875,0.0,160.1875,490.0
REF_050,trim_rel-40_nopad,650.1875,0.0,210.1875,440.0
REF_051,abs_dbfs_-30,952.0,30.0,200.0,700.0
REF_051,abs_dbfs_-40,952.0,20.0,130.0,800.0
REF_051,abs_dbfs_-50,952.0,20.0,20.0,850.0
REF_051,trim_cand_abs-40,952.0,0.0,82.0,870.0
REF_051,trim_abs-30,952.0,0.0,152.0,800.0
REF_051,trim_abs-50,952.0,0.0,0.0,952.0
REF_051,trim_rel-40,952.0,0.0,82.0,870.0
REF_051,trim_rel-40_nopad,952.0,0.0,132.0,820.0
REF_052,abs_dbfs_-30,905.5625,180.0,240.0,410.0
REF_052,abs_dbfs_-40,905.5625,170.0,190.0,530.0
REF_052,abs_dbfs_-50,905.5625,150.0,90.0,660.0
REF_052,trim_cand_abs-40,905.5625,120.0,145.5625,640.0
REF_052,trim_abs-30,905.5625,130.0,195.5625,580.0
REF_052,trim_abs-50,905.5625,100.0,0.0,805.5625
REF_052,trim_rel-40,905.5625,120.0,145.5625,640.0
REF_052,trim_rel-40_nopad,905.5625,170.0,195.5625,540.0
REF_053,abs_dbfs_-30,719.8125,160.0,10.0,430.0
REF_053,abs_dbfs_-40,719.8125,110.0,10.0,530.0
REF_053,abs_dbfs_-50,719.8125,30.0,10.0,640.0
REF_053,trim_cand_abs-40,719.8125,60.0,0.0,659.8125
REF_053,trim_abs-30,719.8125,110.0,0.0,609.8125
REF_053,trim_abs-50,719.8125,0.0,0.0,719.8125
REF_053,trim_rel-40,719.8125,60.0,0.0,659.8125
REF_053,trim_rel-40_nopad,719.8125,110.0,0.0,609.8125
REF_054,abs_dbfs_-30,882.375,170.0,350.0,350.0
REF_054,abs_dbfs_-40,882.375,170.0,290.0,420.0
REF_054,abs_dbfs_-50,882.375,100.0,270.0,470.0
REF_054,trim_cand_abs-40,882.375,120.0,242.375,520.0
REF_054,trim_abs-30,882.375,120.0,302.375,460.0
REF_054,trim_abs-50,882.375,50.0,222.375,610.0
REF_054,trim_rel-40,882.375,50.0,242.375,590.0
REF_054,trim_rel-40_nopad,882.375,100.0,292.375,490.0
REF_055,abs_dbfs_-30,1114.5625,90.0,140.0,880.0
REF_055,abs_dbfs_-40,1114.5625,80.0,90.0,940.0
REF_055,abs_dbfs_-50,1114.5625,40.0,10.0,1040.0
REF_055,trim_cand_abs-40,1114.5625,0.0,0.0,1114.5625
REF_055,trim_abs-30,1114.5625,0.0,94.5625,1020.0
REF_055,trim_abs-50,1114.5625,0.0,0.0,1114.5625
REF_055,trim_rel-40,1114.5625,0.0,0.0,1114.5625
REF_055,trim_rel-40_nopad,1114.5625,0.0,0.0,1114.5625
REF_056,abs_dbfs_-30,1184.1875,180.0,170.0,820.0
REF_056,abs_dbfs_-40,1184.1875,150.0,120.0,890.0
REF_056,abs_dbfs_-50,1184.1875,30.0,30.0,1030.0
REF_056,trim_cand_abs-40,1184.1875,100.0,74.1875,1010.0
REF_056,trim_abs-30,1184.1875,130.0,124.1875,930.0
REF_056,trim_abs-50,1184.1875,0.0,0.0,1184.1875
REF_056,trim_rel-40,1184.1875,100.0,64.1875,1020.0
REF_056,trim_rel-40_nopad,1184.1875,150.0,114.1875,920.0
REF_057,abs_dbfs_-30,673.375,130.0,200.0,340.0
REF_057,abs_dbfs_-40,673.375,130.0,100.0,410.0
REF_057,abs_dbfs_-50,673.375,60.0,40.0,530.0
REF_057,trim_cand_abs-40,673.375,80.0,53.375,540.0
REF_057,trim_abs-30,673.375,80.0,153.375,440.0
REF_057,trim_abs-50,673.375,0.0,0.0,673.375
REF_057,trim_rel-40,673.375,80.0,53.375,540.0
REF_057,trim_rel-40_nopad,673.375,130.0,103.375,440.0
REF_058,abs_dbfs_-30,1207.4375,110.0,260.0,820.0
REF_058,abs_dbfs_-40,1207.4375,100.0,210.0,890.0
REF_058,abs_dbfs_-50,1207.4375,90.0,80.0,1000.0
REF_058,trim_cand_abs-40,1207.4375,50.0,167.4375,990.0
REF_058,trim_abs-30,1207.4375,60.0,217.4375,930.0
REF_058,trim_abs-50,1207.4375,0.0,0.0,1207.4375
REF_058,trim_rel-40,1207.4375,0.0,157.4375,1050.0
REF_058,trim_rel-40_nopad,1207.4375,0.0,207.4375,1000.0
REF_059,abs_dbfs_-30,1137.75,90.0,170.0,860.0
REF_059,abs_dbfs_-40,1137.75,80.0,130.0,920.0
REF_059,abs_dbfs_-50,1137.75,30.0,70.0,1020.0
REF_059,trim_cand_abs-40,1137.75,0.0,87.75,1050.0
REF_059,trim_abs-30,1137.75,0.0,127.75,1010.0
REF_059,trim_abs-50,1137.75,0.0,0.0,1137.75
REF_059,trim_rel-40,1137.75,0.0,57.75,1080.0
REF_059,trim_rel-40_nopad,1137.75,0.0,107.75,1030.0
REF_060,abs_dbfs_-30,789.5,130.0,90.0,410.0
REF_060,abs_dbfs_-40,789.5,120.0,60.0,560.0
REF_060,abs_dbfs_-50,789.5,120.0,20.0,640.0
REF_060,trim_cand_abs-40,789.5,70.0,0.0,719.5
REF_060,trim_abs-30,789.5,80.0,0.0,709.5
REF_060,trim_abs-50,789.5,70.0,0.0,719.5
REF_060,trim_rel-40,789.5,70.0,0.0,719.5
REF_060,trim_rel-40_nopad,789.5,120.0,0.0,669.5
REF_061,abs_dbfs_-30,743.0625,80.0,150.0,510.0
REF_061,abs_dbfs_-40,743.0625,80.0,110.0,550.0
REF_061,abs_dbfs_-50,743.0625,70.0,50.0,620.0
REF_061,trim_cand_abs-40,743.0625,0.0,63.0625,680.0
REF_061,trim_abs-30,743.0625,0.0,103.0625,640.0
REF_061,trim_abs-50,743.0625,0.0,0.0,743.0625
REF_061,trim_rel-40,743.0625,0.0,63.0625,680.0
REF_061,trim_rel-40_nopad,743.0625,0.0,113.0625,630.0
REF_062,abs_dbfs_-30,789.5,190.0,60.0,510.0
REF_062,abs_dbfs_-40,789.5,190.0,30.0,550.0
REF_062,abs_dbfs_-50,789.5,80.0,10.0,600.0
REF_062,trim_cand_abs-40,789.5,140.0,0.0,649.5
REF_062,trim_abs-30,789.5,140.0,0.0,649.5
REF_062,trim_abs-50,789.5,0.0,0.0,789.5
REF_062,trim_rel-40,789.5,140.0,0.0,649.5
REF_062,trim_rel-40_nopad,789.5,190.0,0.0,599.5
REF_063,abs_dbfs_-30,835.9375,200.0,190.0,420.0
REF_063,abs_dbfs_-40,835.9375,200.0,150.0,480.0
REF_063,abs_dbfs_-50,835.9375,150.0,100.0,550.0
REF_063,trim_cand_abs-40,835.9375,150.0,105.9375,580.0
REF_063,trim_abs-30,835.9375,150.0,145.9375,540.0
REF_063,trim_abs-50,835.9375,100.0,55.9375,680.0
REF_063,trim_rel-40,835.9375,150.0,105.9375,580.0
REF_063,trim_rel-40_nopad,835.9375,200.0,155.9375,480.0
REF_064,abs_dbfs_-30,1416.4375,120.0,130.0,1150.0
REF_064,abs_dbfs_-40,1416.4375,40.0,20.0,1320.0
REF_064,abs_dbfs_-50,1416.4375,30.0,10.0,1370.0
REF_064,trim_cand_abs-40,1416.4375,0.0,0.0,1416.4375
REF_064,trim_abs-30,1416.4375,70.0,86.4375,1260.0
REF_064,trim_abs-50,1416.4375,0.0,0.0,1416.4375
REF_064,trim_rel-40,1416.4375,0.0,0.0,1416.4375
REF_064,trim_rel-40_nopad,1416.4375,0.0,0.0,1416.4375
REF_065,abs_dbfs_-30,1253.875,60.0,60.0,1010.0
REF_065,abs_dbfs_-40,1253.875,40.0,30.0,1170.0
REF_065,abs_dbfs_-50,1253.875,30.0,20.0,1200.0
REF_065,trim_cand_abs-40,1253.875,0.0,0.0,1253.875
REF_065,trim_abs-30,1253.875,0.0,0.0,1253.875
REF_065,trim_abs-50,1253.875,0.0,0.0,1253.875
REF_065,trim_rel-40,1253.875,0.0,0.0,1253.875
REF_065,trim_rel-40_nopad,1253.875,0.0,0.0,1253.875
REF_066,abs_dbfs_-30,1277.125,60.0,270.0,870.0
REF_066,abs_dbfs_-40,1277.125,30.0,220.0,1010.0
REF_066,abs_dbfs_-50,1277.125,20.0,30.0,1220.0
REF_066,trim_cand_abs-40,1277.125,0.0,177.125,1100.0
REF_066,trim_abs-30,1277.125,0.0,227.125,1050.0
REF_066,trim_abs-50,1277.125,0.0,0.0,1277.125
REF_066,trim_rel-40,1277.125,0.0,0.0,1277.125
REF_066,trim_rel-40_nopad,1277.125,0.0,0.0,1277.125
REF_067,abs_dbfs_-30,1300.3125,100.0,110.0,1090.0
REF_067,abs_dbfs_-40,1300.3125,90.0,40.0,1170.0
REF_067,abs_dbfs_-50,1300.3125,40.0,0.0,1240.0
REF_067,trim_cand_abs-40,1300.3125,0.0,0.0,1300.3125
REF_067,trim_abs-30,1300.3125,50.0,60.3125,1190.0
REF_067,trim_abs-50,1300.3125,0.0,0.0,1300.3125
REF_067,trim_rel-40,1300.3125,0.0,0.0,1300.3125
REF_067,trim_rel-40_nopad,1300.3125,0.0,0.0,1300.3125
REF_068,abs_dbfs_-30,2089.8125,210.0,160.0,1490.0
REF_068,abs_dbfs_-40,2089.8125,110.0,130.0,1790.0
REF_068,abs_dbfs_-50,2089.8125,90.0,100.0,1890.0
REF_068,trim_cand_abs-40,2089.8125,60.0,89.8125,1940.0
REF_068,trim_abs-30,2089.8125,160.0,119.8125,1810.0
REF_068,trim_abs-50,2089.8125,0.0,59.8125,2030.0
REF_068,trim_rel-40,2089.8125,50.0,89.8125,1950.0
REF_068,trim_rel-40_nopad,2089.8125,100.0,139.8125,1850.0
REF_069,abs_dbfs_-30,1253.875,100.0,170.0,900.0
REF_069,abs_dbfs_-40,1253.875,70.0,120.0,1060.0
REF_069,abs_dbfs_-50,1253.875,60.0,80.0,1110.0
REF_069,trim_cand_abs-40,1253.875,0.0,73.875,1180.0
REF_069,trim_abs-30,1253.875,50.0,123.875,1080.0
REF_069,trim_abs-50,1253.875,0.0,0.0,1253.875
REF_069,trim_rel-40,1253.875,0.0,63.875,1190.0
REF_069,trim_rel-40_nopad,1253.875,0.0,113.875,1140.0
REF_070,abs_dbfs_-30,1253.875,120.0,140.0,990.0
REF_070,abs_dbfs_-40,1253.875,120.0,40.0,1090.0
REF_070,abs_dbfs_-50,1253.875,110.0,20.0,1120.0
REF_070,trim_cand_abs-40,1253.875,70.0,0.0,1183.875
REF_070,trim_abs-30,1253.875,70.0,93.875,1090.0
REF_070,trim_abs-50,1253.875,60.0,0.0,1193.875
REF_070,trim_rel-40,1253.875,70.0,0.0,1183.875
REF_070,trim_rel-40_nopad,1253.875,120.0,0.0,1133.875
REF_071,abs_dbfs_-30,1370.0,90.0,100.0,1180.0
REF_071,abs_dbfs_-40,1370.0,90.0,30.0,1250.0
REF_071,abs_dbfs_-50,1370.0,70.0,10.0,1290.0
REF_071,trim_cand_abs-40,1370.0,0.0,0.0,1370.0
REF_071,trim_abs-30,1370.0,0.0,50.0,1320.0
REF_071,trim_abs-50,1370.0,0.0,0.0,1370.0
REF_071,trim_rel-40,1370.0,0.0,0.0,1370.0
REF_071,trim_rel-40_nopad,1370.0,0.0,0.0,1370.0
REF_072,abs_dbfs_-30,1416.4375,120.0,90.0,1200.0
REF_072,abs_dbfs_-40,1416.4375,110.0,40.0,1260.0
REF_072,abs_dbfs_-50,1416.4375,100.0,20.0,1290.0
REF_072,trim_cand_abs-40,1416.4375,60.0,0.0,1356.4375
REF_072,trim_abs-30,1416.4375,70.0,0.0,1346.4375
REF_072,trim_abs-50,1416.4375,50.0,0.0,1366.4375
REF_072,trim_rel-40,1416.4375,60.0,0.0,1356.4375
REF_072,trim_rel-40_nopad,1416.4375,110.0,0.0,1306.4375
REF_073,abs_dbfs_-30,1950.5,170.0,200.0,1480.0
REF_073,abs_dbfs_-40,1950.5,160.0,40.0,1710.0
REF_073,abs_dbfs_-50,1950.5,150.0,20.0,1780.0
REF_073,trim_cand_abs-40,1950.5,110.0,0.0,1840.5
REF_073,trim_abs-30,1950.5,120.0,150.5,1680.0
REF_073,trim_abs-50,1950.5,100.0,0.0,1850.5
REF_073,trim_rel-40,1950.5,110.0,0.0,1840.5
REF_073,trim_rel-40_nopad,1950.5,160.0,0.0,1790.5
REF_074,abs_dbfs_-30,1044.875,190.0,150.0,650.0
REF_074,abs_dbfs_-40,1044.875,190.0,50.0,800.0
REF_074,abs_dbfs_-50,1044.875,180.0,30.0,830.0
REF_074,trim_cand_abs-40,1044.875,140.0,0.0,904.875
REF_074,trim_abs-30,1044.875,140.0,104.875,800.0
REF_074,trim_abs-50,1044.875,130.0,0.0,914.875
REF_074,trim_rel-40,1044.875,140.0,0.0,904.875
REF_074,trim_rel-40_nopad,1044.875,190.0,0.0,854.875
REF_075,abs_dbfs_-30,1346.75,30.0,120.0,1040.0
REF_075,abs_dbfs_-40,1346.75,30.0,90.0,1220.0
REF_075,abs_dbfs_-50,1346.75,30.0,70.0,1240.0
REF_075,trim_cand_abs-40,1346.75,0.0,0.0,1346.75
REF_075,trim_abs-30,1346.75,0.0,76.75,1270.0
REF_075,trim_abs-50,1346.75,0.0,0.0,1346.75
REF_075,trim_rel-40,1346.75,0.0,0.0,1346.75
REF_075,trim_rel-40_nopad,1346.75,0.0,0.0,1346.75
REF_076,abs_dbfs_-30,789.5,120.0,230.0,430.0
REF_076,abs_dbfs_-40,789.5,110.0,180.0,490.0
REF_076,abs_dbfs_-50,789.5,110.0,30.0,610.0
REF_076,trim_cand_abs-40,789.5,60.0,139.5,590.0
REF_076,trim_abs-30,789.5,70.0,189.5,530.0
REF_076,trim_abs-50,789.5,60.0,0.0,729.5
REF_076,trim_rel-40,789.5,60.0,69.5,660.0
REF_076,trim_rel-40_nopad,789.5,110.0,119.5,560.0
REF_077,abs_dbfs_-30,975.25,150.0,310.0,500.0
REF_077,abs_dbfs_-40,975.25,150.0,300.0,520.0
REF_077,abs_dbfs_-50,975.25,140.0,260.0,570.0
REF_077,trim_cand_abs-40,975.25,100.0,255.25,620.0
REF_077,trim_abs-30,975.25,100.0,265.25,610.0
REF_077,trim_abs-50,975.25,90.0,215.25,670.0
REF_077,trim_rel-40,975.25,100.0,255.25,620.0
REF_077,trim_rel-40_nopad,975.25,150.0,305.25,520.0
REF_078,abs_dbfs_-30,835.9375,110.0,160.0,450.0
REF_078,abs_dbfs_-40,835.9375,110.0,150.0,510.0
REF_078,abs_dbfs_-50,835.9375,110.0,80.0,620.0
REF_078,trim_cand_abs-40,835.9375,60.0,105.9375,670.0
REF_078,trim_abs-30,835.9375,60.0,115.9375,660.0
REF_078,trim_abs-50,835.9375,60.0,0.0,775.9375
REF_078,trim_rel-40,835.9375,60.0,0.0,775.9375
REF_078,trim_rel-40_nopad,835.9375,110.0,0.0,725.9375
REF_079,abs_dbfs_-30,1021.6875000000001,180.0,220.0,510.0
REF_079,abs_dbfs_-40,1021.6875000000001,170.0,180.0,630.0
REF_079,abs_dbfs_-50,1021.6875000000001,170.0,140.0,710.0
REF_079,trim_cand_abs-40,1021.6875000000001,120.0,131.6875,770.0
REF_079,trim_abs-30,1021.6875000000001,130.0,171.6875,720.0
REF_079,trim_abs-50,1021.6875000000001,120.0,91.6875,810.0
REF_079,trim_rel-40,1021.6875000000001,120.0,131.6875,770.0
REF_079,trim_rel-40_nopad,1021.6875000000001,170.0,181.6875,670.0
REF_080,abs_dbfs_-30,650.1875,60.0,200.0,310.0
REF_080,abs_dbfs_-40,650.1875,50.0,170.0,370.0
REF_080,abs_dbfs_-50,650.1875,50.0,130.0,470.0
REF_080,trim_cand_abs-40,650.1875,0.0,120.1875,530.0
REF_080,trim_abs-30,650.1875,0.0,150.1875,500.0
REF_080,trim_abs-50,650.1875,0.0,80.1875,570.0
REF_080,trim_rel-40,650.1875,0.0,110.1875,540.0
REF_080,trim_rel-40_nopad,650.1875,0.0,160.1875,490.0
REF_081,abs_dbfs_-30,975.25,120.0,190.0,500.0
REF_081,abs_dbfs_-40,975.25,110.0,190.0,600.0
REF_081,abs_dbfs_-50,975.25,110.0,160.0,700.0
REF_081,trim_cand_abs-40,975.25,60.0,145.25,770.0
REF_081,trim_abs-30,975.25,70.0,145.25,760.0
REF_081,trim_abs-50,975.25,60.0,115.25,800.0
REF_081,trim_rel-40,975.25,60.0,135.25,780.0
REF_081,trim_rel-40_nopad,975.25,110.0,185.25,680.0
REF_082,abs_dbfs_-30,1068.125,110.0,190.0,760.0
REF_082,abs_dbfs_-40,1068.125,100.0,120.0,830.0
REF_082,abs_dbfs_-50,1068.125,100.0,20.0,940.0
REF_082,trim_cand_abs-40,1068.125,50.0,78.125,940.0
REF_082,trim_abs-30,1068.125,60.0,148.125,860.0
REF_082,trim_abs-50,1068.125,50.0,0.0,1018.125
REF_082,trim_rel-40,1068.125,50.0,0.0,1018.125
REF_082,trim_rel-40_nopad,1068.125,100.0,0.0,968.125
REF_083,abs_dbfs_-30,2252.3125,250.0,200.0,1650.0
REF_083,abs_dbfs_-40,2252.3125,250.0,110.0,1840.0
REF_083,abs_dbfs_-50,2252.3125,240.0,70.0,1940.0
REF_083,trim_cand_abs-40,2252.3125,200.0,62.3125,1990.0
REF_083,trim_abs-30,2252.3125,200.0,152.3125,1900.0
REF_083,trim_abs-50,2252.3125,190.0,0.0,2062.3125
REF_083,trim_rel-40,2252.3125,200.0,62.3125,1990.0
REF_083,trim_rel-40_nopad,2252.3125,250.0,112.3125,1890.0
REF_084,abs_dbfs_-30,1068.125,60.0,110.0,890.0
REF_084,abs_dbfs_-40,1068.125,30.0,50.0,980.0
REF_084,abs_dbfs_-50,1068.125,20.0,0.0,1040.0
REF_084,trim_cand_abs-40,1068.125,0.0,0.0,1068.125
REF_084,trim_abs-30,1068.125,0.0,68.125,1000.0
REF_084,trim_abs-50,1068.125,0.0,0.0,1068.125
REF_084,trim_rel-40,1068.125,0.0,0.0,1068.125
REF_084,trim_rel-40_nopad,1068.125,0.0,0.0,1068.125
REF_085,abs_dbfs_-30,1137.75,110.0,60.0,960.0
REF_085,abs_dbfs_-40,1137.75,100.0,20.0,1010.0
REF_085,abs_dbfs_-50,1137.75,100.0,0.0,1030.0
REF_085,trim_cand_abs-40,1137.75,50.0,0.0,1087.75
REF_085,trim_abs-30,1137.75,60.0,0.0,1077.75
REF_085,trim_abs-50,1137.75,50.0,0.0,1087.75
REF_085,trim_rel-40,1137.75,50.0,0.0,1087.75
REF_085,trim_rel-40_nopad,1137.75,100.0,0.0,1037.75
REF_086,abs_dbfs_-30,1021.6875000000001,130.0,260.0,580.0
REF_086,abs_dbfs_-40,1021.6875000000001,120.0,100.0,710.0
REF_086,abs_dbfs_-50,1021.6875000000001,120.0,20.0,860.0
REF_086,trim_cand_abs-40,1021.6875000000001,70.0,51.6875,900.0
REF_086,trim_abs-30,1021.6875000000001,80.0,211.6875,730.0
REF_086,trim_abs-50,1021.6875000000001,70.0,0.0,951.6875
REF_086,trim_rel-40,1021.6875000000001,70.0,51.6875,900.0
REF_086,trim_rel-40_nopad,1021.6875000000001,120.0,101.6875,800.0
REF_087,abs_dbfs_-30,2322.0,180.0,300.0,1790.0
REF_087,abs_dbfs_-40,2322.0,170.0,240.0,1910.0
REF_087,abs_dbfs_-50,2322.0,170.0,100.0,1980.0
REF_087,trim_cand_abs-40,2322.0,120.0,192.0,2010.0
REF_087,trim_abs-30,2322.0,130.0,252.0,1940.0
REF_087,trim_abs-50,2322.0,120.0,52.0,2150.0
REF_087,trim_rel-40,2322.0,120.0,192.0,2010.0
REF_087,trim_rel-40_nopad,2322.0,170.0,242.0,1910.0
REF_088,abs_dbfs_-30,1880.8125,180.0,330.0,1310.0
REF_088,abs_dbfs_-40,1880.8125,180.0,290.0,1410.0
REF_088,abs_dbfs_-50,1880.8125,40.0,40.0,1580.0
REF_088,trim_cand_abs-40,1880.8125,130.0,240.8125,1510.0
REF_088,trim_abs-30,1880.8125,130.0,280.8125,1470.0
REF_088,trim_abs-50,1880.8125,0.0,0.0,1880.8125
REF_088,trim_rel-40,1880.8125,130.0,240.8125,1510.0
REF_088,trim_rel-40_nopad,1880.8125,180.0,290.8125,1410.0
REF_089,abs_dbfs_-30,1207.4375,120.0,60.0,1010.0
REF_089,abs_dbfs_-40,1207.4375,110.0,20.0,1070.0
REF_089,abs_dbfs_-50,1207.4375,50.0,0.0,1130.0
REF_089,trim_cand_abs-40,1207.4375,60.0,0.0,1147.4375
REF_089,trim_abs-30,1207.4375,70.0,0.0,1137.4375
REF_089,trim_abs-50,1207.4375,0.0,0.0,1207.4375
REF_089,trim_rel-40,1207.4375,60.0,0.0,1147.4375
REF_089,trim_rel-40_nopad,1207.4375,110.0,0.0,1097.4375
REF_090,abs_dbfs_-30,975.25,120.0,210.0,640.0
REF_090,abs_dbfs_-40,975.25,120.0,160.0,690.0
REF_090,abs_dbfs_-50,975.25,110.0,110.0,750.0
REF_090,trim_cand_abs-40,975.25,70.0,115.25,790.0
REF_090,trim_abs-30,975.25,70.0,165.25,740.0
REF_090,trim_abs-50,975.25,60.0,65.25,850.0
REF_090,trim_rel-40,975.25,70.0,115.25,790.0
REF_090,trim_rel-40_nopad,975.25,120.0,165.25,690.0
REF_091,abs_dbfs_-30,905.5625,160.0,170.0,450.0
REF_091,abs_dbfs_-40,905.5625,160.0,150.0,510.0
REF_091,abs_dbfs_-50,905.5625,150.0,100.0,630.0
REF_091,trim_cand_abs-40,905.5625,110.0,105.5625,690.0
REF_091,trim_abs-30,905.5625,110.0,125.5625,670.0
REF_091,trim_abs-50,905.5625,100.0,55.5625,750.0
REF_091,trim_rel-40,905.5625,110.0,105.5625,690.0
REF_091,trim_rel-40_nopad,905.5625,160.0,155.5625,590.0
REF_092,abs_dbfs_-30,580.5,90.0,40.0,450.0
REF_092,abs_dbfs_-40,580.5,90.0,10.0,480.0
REF_092,abs_dbfs_-50,580.5,30.0,10.0,500.0
REF_092,trim_cand_abs-40,580.5,0.0,0.0,580.5
REF_092,trim_abs-30,580.5,0.0,0.0,580.5
REF_092,trim_abs-50,580.5,0.0,0.0,580.5
REF_092,trim_rel-40,580.5,0.0,0.0,580.5
REF_092,trim_rel-40_nopad,580.5,0.0,0.0,580.5
REF_093,abs_dbfs_-30,1253.875,40.0,40.0,1060.0
REF_093,abs_dbfs_-40,1253.875,30.0,20.0,1200.0
REF_093,abs_dbfs_-50,1253.875,20.0,10.0,1220.0
REF_093,trim_cand_abs-40,1253.875,0.0,0.0,1253.875
REF_093,trim_abs-30,1253.875,0.0,0.0,1253.875
REF_093,trim_abs-50,1253.875,0.0,0.0,1253.875
REF_093,trim_rel-40,1253.875,0.0,0.0,1253.875
REF_093,trim_rel-40_nopad,1253.875,0.0,0.0,1253.875
REF_094,abs_dbfs_-30,1253.875,90.0,180.0,850.0
REF_094,abs_dbfs_-40,1253.875,80.0,50.0,1040.0
REF_094,abs_dbfs_-50,1253.875,80.0,20.0,1150.0
REF_094,trim_cand_abs-40,1253.875,0.0,0.0,1253.875
REF_094,trim_abs-30,1253.875,0.0,133.875,1120.0
REF_094,trim_abs-50,1253.875,0.0,0.0,1253.875
REF_094,trim_rel-40,1253.875,0.0,0.0,1253.875
REF_094,trim_rel-40_nopad,1253.875,0.0,0.0,1253.875
REF_095,abs_dbfs_-30,534.0625,130.0,180.0,200.0
REF_095,abs_dbfs_-40,534.0625,110.0,130.0,290.0
REF_095,abs_dbfs_-50,534.0625,110.0,10.0,410.0
REF_095,trim_cand_abs-40,534.0625,60.0,84.0625,390.0
REF_095,trim_abs-30,534.0625,80.0,134.0625,320.0
REF_095,trim_abs-50,534.0625,60.0,0.0,474.0625
REF_095,trim_rel-40,534.0625,60.0,74.0625,400.0
REF_095,trim_rel-40_nopad,534.0625,110.0,124.0625,300.0
REF_096,abs_dbfs_-30,952.0,120.0,190.0,560.0
REF_096,abs_dbfs_-40,952.0,110.0,170.0,660.0
REF_096,abs_dbfs_-50,952.0,110.0,110.0,710.0
REF_096,trim_cand_abs-40,952.0,60.0,122.0,770.0
REF_096,trim_abs-30,952.0,70.0,142.0,740.0
REF_096,trim_abs-50,952.0,60.0,62.0,830.0
REF_096,trim_rel-40,952.0,60.0,122.0,770.0
REF_096,trim_rel-40_nopad,952.0,110.0,172.0,670.0
REF_097,abs_dbfs_-30,835.9375,170.0,100.0,560.0
REF_097,abs_dbfs_-40,835.9375,160.0,40.0,630.0
REF_097,abs_dbfs_-50,835.9375,120.0,0.0,690.0
REF_097,trim_cand_abs-40,835.9375,110.0,0.0,725.9375
REF_097,trim_abs-30,835.9375,120.0,55.9375,660.0
REF_097,trim_abs-50,835.9375,70.0,0.0,765.9375
REF_097,trim_rel-40,835.9375,110.0,0.0,725.9375
REF_097,trim_rel-40_nopad,835.9375,160.0,0.0,675.9375
REF_098,abs_dbfs_-30,1253.875,120.0,230.0,760.0
REF_098,abs_dbfs_-40,1253.875,110.0,170.0,910.0
REF_098,abs_dbfs_-50,1253.875,110.0,150.0,980.0
REF_098,trim_cand_abs-40,1253.875,60.0,123.875,1070.0
REF_098,trim_abs-30,1253.875,70.0,183.875,1000.0
REF_098,trim_abs-50,1253.875,60.0,103.875,1090.0
REF_098,trim_rel-40,1253.875,60.0,123.875,1070.0
REF_098,trim_rel-40_nopad,1253.875,110.0,173.875,970.0
REF_099,abs_dbfs_-30,905.5625,160.0,180.0,510.0
REF_099,abs_dbfs_-40,905.5625,130.0,130.0,630.0
REF_099,abs_dbfs_-50,905.5625,130.0,30.0,720.0
REF_099,trim_cand_abs-40,905.5625,80.0,85.5625,740.0
REF_099,trim_abs-30,905.5625,110.0,135.5625,660.0
REF_099,trim_abs-50,905.5625,80.0,0.0,825.5625
REF_099,trim_rel-40,905.5625,80.0,0.0,825.5625
REF_099,trim_rel-40_nopad,905.5625,130.0,0.0,775.5625
REF_100,abs_dbfs_-30,1300.3125,180.0,170.0,840.0
REF_100,abs_dbfs_-40,1300.3125,40.0,120.0,1100.0
REF_100,abs_dbfs_-50,1300.3125,30.0,50.0,1220.0
REF_100,trim_cand_abs-40,1300.3125,0.0,70.3125,1230.0
REF_100,trim_abs-30,1300.3125,130.0,120.3125,1050.0
REF_100,trim_abs-50,1300.3125,0.0,0.0,1300.3125
REF_100,trim_rel-40,1300.3125,0.0,70.3125,1230.0
REF_100,trim_rel-40_nopad,1300.3125,0.0,120.3125,1180.0
REF_101,abs_dbfs_-30,1300.3125,260.0,90.0,860.0
REF_101,abs_dbfs_-40,1300.3125,80.0,50.0,1030.0
REF_101,abs_dbfs_-50,1300.3125,30.0,0.0,1270.0
REF_101,trim_cand_abs-40,1300.3125,0.0,0.0,1300.3125
REF_101,trim_abs-30,1300.3125,210.0,0.0,1090.3125
REF_101,trim_abs-50,1300.3125,0.0,0.0,1300.3125
REF_101,trim_rel-40,1300.3125,0.0,0.0,1300.3125
REF_101,trim_rel-40_nopad,1300.3125,0.0,0.0,1300.3125
REF_102,abs_dbfs_-30,1741.5,150.0,200.0,1280.0
REF_102,abs_dbfs_-40,1741.5,120.0,160.0,1450.0
REF_102,abs_dbfs_-50,1741.5,50.0,140.0,1500.0
REF_102,trim_cand_abs-40,1741.5,70.0,111.5,1560.0
REF_102,trim_abs-30,1741.5,100.0,151.5,1490.0
REF_102,trim_abs-50,1741.5,0.0,91.5,1650.0
REF_102,trim_rel-40,1741.5,70.0,111.5,1560.0
REF_102,trim_rel-40_nopad,1741.5,120.0,161.5,1460.0
REF_103,abs_dbfs_-30,835.9375,90.0,290.0,450.0
REF_103,abs_dbfs_-40,835.9375,70.0,260.0,500.0
REF_103,abs_dbfs_-50,835.9375,20.0,0.0,570.0
REF_103,trim_cand_abs-40,835.9375,0.0,215.9375,620.0
REF_103,trim_abs-30,835.9375,0.0,245.9375,590.0
REF_103,trim_abs-50,835.9375,0.0,0.0,835.9375
REF_103,trim_rel-40,835.9375,0.0,215.9375,620.0
REF_103,trim_rel-40_nopad,835.9375,0.0,265.9375,570.0
REF_104,abs_dbfs_-30,1253.875,160.0,250.0,830.0
REF_104,abs_dbfs_-40,1253.875,150.0,210.0,890.0
REF_104,abs_dbfs_-50,1253.875,140.0,20.0,1080.0
REF_104,trim_cand_abs-40,1253.875,100.0,163.875,990.0
REF_104,trim_abs-30,1253.875,110.0,203.875,940.0
REF_104,trim_abs-50,1253.875,90.0,0.0,1163.875
REF_104,trim_rel-40,1253.875,100.0,0.0,1153.875
REF_104,trim_rel-40_nopad,1253.875,150.0,0.0,1103.875
REF_105,abs_dbfs_-30,1068.125,130.0,160.0,710.0
REF_105,abs_dbfs_-40,1068.125,120.0,120.0,820.0
REF_105,abs_dbfs_-50,1068.125,110.0,10.0,940.0
REF_105,trim_cand_abs-40,1068.125,70.0,78.125,920.0
REF_105,trim_abs-30,1068.125,80.0,118.125,870.0
REF_105,trim_abs-50,1068.125,60.0,0.0,1008.125
REF_105,trim_rel-40,1068.125,70.0,0.0,998.125
REF_105,trim_rel-40_nopad,1068.125,120.0,0.0,948.125
REF_106,abs_dbfs_-30,812.6875,60.0,130.0,620.0
REF_106,abs_dbfs_-40,812.6875,60.0,80.0,670.0
REF_106,abs_dbfs_-50,812.6875,50.0,40.0,720.0
REF_106,trim_cand_abs-40,812.6875,0.0,0.0,812.6875
REF_106,trim_abs-30,812.6875,0.0,82.6875,730.0
REF_106,trim_abs-50,812.6875,0.0,0.0,812.6875
REF_106,trim_rel-40,812.6875,0.0,0.0,812.6875
REF_106,trim_rel-40_nopad,812.6875,0.0,0.0,812.6875
REF_107,abs_dbfs_-30,1044.875,230.0,440.0,310.0
REF_107,abs_dbfs_-40,1044.875,90.0,370.0,410.0
REF_107,abs_dbfs_-50,1044.875,90.0,190.0,660.0
REF_107,trim_cand_abs-40,1044.875,0.0,324.875,720.0
REF_107,trim_abs-30,1044.875,180.0,394.875,470.0
REF_107,trim_abs-50,1044.875,0.0,144.875,900.0
REF_107,trim_rel-40,1044.875,0.0,324.875,720.0
REF_107,trim_rel-40_nopad,1044.875,0.0,374.875,670.0
REF_108,abs_dbfs_-30,719.8125,110.0,350.0,250.0
REF_108,abs_dbfs_-40,719.8125,100.0,330.0,280.0
REF_108,abs_dbfs_-50,719.8125,40.0,240.0,370.0
REF_108,trim_cand_abs-40,719.8125,50.0,289.8125,380.0
REF_108,trim_abs-30,719.8125,60.0,309.8125,350.0
REF_108,trim_abs-50,719.8125,0.0,199.8125,520.0
REF_108,trim_rel-40,719.8125,50.0,279.8125,390.0
REF_108,trim_rel-40_nopad,719.8125,100.0,329.8125,290.0
REF_109,abs_dbfs_-30,743.0625,120.0,20.0,570.0
REF_109,abs_dbfs_-40,743.0625,110.0,10.0,620.0
REF_109,abs_dbfs_-50,743.0625,60.0,10.0,640.0
REF_109,trim_cand_abs-40,743.0625,60.0,0.0,683.0625
REF_109,trim_abs-30,743.0625,70.0,0.0,673.0625
REF_109,trim_abs-50,743.0625,0.0,0.0,743.0625
REF_109,trim_rel-40,743.0625,60.0,0.0,683.0625
REF_109,trim_rel-40_nopad,743.0625,110.0,0.0,633.0625
REF_110,abs_dbfs_-30,905.5625,70.0,120.0,660.0
REF_110,abs_dbfs_-40,905.5625,60.0,70.0,760.0
REF_110,abs_dbfs_-50,905.5625,60.0,30.0,810.0
REF_110,trim_cand_abs-40,905.5625,0.0,0.0,905.5625
REF_110,trim_abs-30,905.5625,0.0,75.5625,830.0
REF_110,trim_abs-50,905.5625,0.0,0.0,905.5625
REF_110,trim_rel-40,905.5625,0.0,0.0,905.5625
REF_110,trim_rel-40_nopad,905.5625,0.0,0.0,905.5625
REF_111,abs_dbfs_-30,1044.875,60.0,140.0,790.0
REF_111,abs_dbfs_-40,1044.875,60.0,70.0,880.0
REF_111,abs_dbfs_-50,1044.875,50.0,40.0,950.0
REF_111,trim_cand_abs-40,1044.875,0.0,0.0,1044.875
REF_111,trim_abs-30,1044.875,0.0,94.875,950.0
REF_111,trim_abs-50,1044.875,0.0,0.0,1044.875
REF_111,trim_rel-40,1044.875,0.0,0.0,1044.875
REF_111,trim_rel-40_nopad,1044.875,0.0,0.0,1044.875
REF_112,abs_dbfs_-30,534.0625,100.0,120.0,310.0
REF_112,abs_dbfs_-40,534.0625,90.0,90.0,350.0
REF_112,abs_dbfs_-50,534.0625,90.0,50.0,390.0
REF_112,trim_cand_abs-40,534.0625,0.0,0.0,534.0625
REF_112,trim_abs-30,534.0625,50.0,74.0625,410.0
REF_112,trim_abs-50,534.0625,0.0,0.0,534.0625
REF_112,trim_rel-40,534.0625,0.0,0.0,534.0625
REF_112,trim_rel-40_nopad,534.0625,0.0,0.0,534.0625
REF_113,abs_dbfs_-30,534.0625,90.0,150.0,210.0
REF_113,abs_dbfs_-40,534.0625,80.0,100.0,340.0
REF_113,abs_dbfs_-50,534.0625,80.0,20.0,430.0
REF_113,trim_cand_abs-40,534.0625,0.0,54.0625,480.0
REF_113,trim_abs-30,534.0625,0.0,104.0625,430.0
REF_113,trim_abs-50,534.0625,0.0,0.0,534.0625
REF_113,trim_rel-40,534.0625,0.0,0.0,534.0625
REF_113,trim_rel-40_nopad,534.0625,0.0,0.0,534.0625
REF_114,abs_dbfs_-30,905.5625,330.0,270.0,240.0
REF_114,abs_dbfs_-40,905.5625,330.0,210.0,360.0
REF_114,abs_dbfs_-50,905.5625,320.0,170.0,410.0
REF_114,trim_cand_abs-40,905.5625,280.0,165.5625,460.0
REF_114,trim_abs-30,905.5625,280.0,225.5625,400.0
REF_114,trim_abs-50,905.5625,270.0,125.5625,510.0
REF_114,trim_rel-40,905.5625,270.0,155.5625,480.0
REF_114,trim_rel-40_nopad,905.5625,320.0,205.5625,380.0
REF_115,abs_dbfs_-30,719.8125,100.0,290.0,240.0
REF_115,abs_dbfs_-40,719.8125,90.0,250.0,340.0
REF_115,abs_dbfs_-50,719.8125,30.0,200.0,460.0
REF_115,trim_cand_abs-40,719.8125,0.0,209.8125,510.0
REF_115,trim_abs-30,719.8125,50.0,249.8125,420.0
REF_115,trim_abs-50,719.8125,0.0,159.8125,560.0
REF_115,trim_rel-40,719.8125,0.0,209.8125,510.0
REF_115,trim_rel-40_nopad,719.8125,0.0,259.8125,460.0
REF_116,abs_dbfs_-30,812.6875,120.0,420.0,270.0
REF_116,abs_dbfs_-40,812.6875,110.0,380.0,320.0
REF_116,abs_dbfs_-50,812.6875,60.0,160.0,380.0
REF_116,trim_cand_abs-40,812.6875,60.0,332.6875,420.0
REF_116,trim_abs-30,812.6875,70.0,372.6875,370.0
REF_116,trim_abs-50,812.6875,0.0,112.6875,700.0
REF_116,trim_rel-40,812.6875,60.0,332.6875,420.0
REF_116,trim_rel-40_nopad,812.6875,110.0,382.6875,320.0
REF_117,abs_dbfs_-30,905.5625,100.0,170.0,630.0
REF_117,abs_dbfs_-40,905.5625,100.0,90.0,710.0
REF_117,abs_dbfs_-50,905.5625,30.0,0.0,830.0
REF_117,trim_cand_abs-40,905.5625,50.0,0.0,855.5625
REF_117,trim_abs-30,905.5625,50.0,125.5625,730.0
REF_117,trim_abs-50,905.5625,0.0,0.0,905.5625
REF_117,trim_rel-40,905.5625,50.0,0.0,855.5625
REF_117,trim_rel-40_nopad,905.5625,100.0,0.0,805.5625
REF_118,abs_dbfs_-30,975.25,70.0,100.0,780.0
REF_118,abs_dbfs_-40,975.25,60.0,50.0,860.0
REF_118,abs_dbfs_-50,975.25,40.0,10.0,910.0
REF_118,trim_cand_abs-40,975.25,0.0,0.0,975.25
REF_118,trim_abs-30,975.25,0.0,55.25,920.0
REF_118,trim_abs-50,975.25,0.0,0.0,975.25
REF_118,trim_rel-40,975.25,0.0,0.0,975.25
REF_118,trim_rel-40_nopad,975.25,0.0,0.0,975.25
REF_119,abs_dbfs_-30,975.25,80.0,110.0,650.0
REF_119,abs_dbfs_-40,975.25,70.0,70.0,770.0
REF_119,abs_dbfs_-50,975.25,30.0,10.0,900.0
REF_119,trim_cand_abs-40,975.25,0.0,0.0,975.25
REF_119,trim_abs-30,975.25,0.0,65.25,910.0
REF_119,trim_abs-50,975.25,0.0,0.0,975.25
REF_119,trim_rel-40,975.25,0.0,0.0,975.25
REF_119,trim_rel-40_nopad,975.25,0.0,0.0,975.25
REF_120,abs_dbfs_-30,1068.125,150.0,140.0,770.0
REF_120,abs_dbfs_-40,1068.125,150.0,40.0,820.0
REF_120,abs_dbfs_-50,1068.125,40.0,0.0,970.0
REF_120,trim_cand_abs-40,1068.125,100.0,0.0,968.125
REF_120,trim_abs-30,1068.125,100.0,98.125,870.0
REF_120,trim_abs-50,1068.125,0.0,0.0,1068.125
REF_120,trim_rel-40,1068.125,0.0,0.0,1068.125
REF_120,trim_rel-40_nopad,1068.125,0.0,0.0,1068.125
REF_121,abs_dbfs_-30,1021.6875000000001,70.0,180.0,760.0
REF_121,abs_dbfs_-40,1021.6875000000001,60.0,110.0,850.0
REF_121,abs_dbfs_-50,1021.6875000000001,60.0,30.0,920.0
REF_121,trim_cand_abs-40,1021.6875000000001,0.0,61.6875,960.0
REF_121,trim_abs-30,1021.6875000000001,0.0,131.6875,890.0
REF_121,trim_abs-50,1021.6875000000001,0.0,0.0,1021.6875
REF_121,trim_rel-40,1021.6875000000001,0.0,0.0,1021.6875
REF_121,trim_rel-40_nopad,1021.6875000000001,0.0,0.0,1021.6875
REF_122,abs_dbfs_-30,882.375,80.0,100.0,680.0
REF_122,abs_dbfs_-40,882.375,70.0,90.0,720.0
REF_122,abs_dbfs_-50,882.375,70.0,80.0,730.0
REF_122,trim_cand_abs-40,882.375,0.0,0.0,882.375
REF_122,trim_abs-30,882.375,0.0,52.375,830.0
REF_122,trim_abs-50,882.375,0.0,0.0,882.375
REF_122,trim_rel-40,882.375,0.0,0.0,882.375
REF_122,trim_rel-40_nopad,882.375,0.0,0.0,882.375
REF_123,abs_dbfs_-30,1137.75,70.0,70.0,960.0
REF_123,abs_dbfs_-40,1137.75,60.0,40.0,1030.0
REF_123,abs_dbfs_-50,1137.75,50.0,20.0,1060.0
REF_123,trim_cand_abs-40,1137.75,0.0,0.0,1137.75
REF_123,trim_abs-30,1137.75,0.0,0.0,1137.75
REF_123,trim_abs-50,1137.75,0.0,0.0,1137.75
REF_123,trim_rel-40,1137.75,0.0,0.0,1137.75
REF_123,trim_rel-40_nopad,1137.75,0.0,0.0,1137.75
REF_124,abs_dbfs_-30,673.375,50.0,60.0,480.0
REF_124,abs_dbfs_-40,673.375,40.0,10.0,580.0
REF_124,abs_dbfs_-50,673.375,30.0,0.0,640.0
REF_124,trim_cand_abs-40,673.375,0.0,0.0,673.375
REF_124,trim_abs-30,673.375,0.0,0.0,673.375
REF_124,trim_abs-50,673.375,0.0,0.0,673.375
REF_124,trim_rel-40,673.375,0.0,0.0,673.375
REF_124,trim_rel-40_nopad,673.375,0.0,0.0,673.375
REF_125,abs_dbfs_-30,1416.4375,120.0,170.0,1090.0
REF_125,abs_dbfs_-40,1416.4375,120.0,100.0,1190.0
REF_125,abs_dbfs_-50,1416.4375,120.0,60.0,1230.0
REF_125,trim_cand_abs-40,1416.4375,70.0,56.4375,1290.0
REF_125,trim_abs-30,1416.4375,70.0,126.4375,1220.0
REF_125,trim_abs-50,1416.4375,70.0,0.0,1346.4375
REF_125,trim_rel-40,1416.4375,70.0,66.4375,1280.0
REF_125,trim_rel-40_nopad,1416.4375,120.0,116.4375,1180.0
REF_126,abs_dbfs_-30,1044.875,90.0,180.0,680.0
REF_126,abs_dbfs_-40,1044.875,90.0,120.0,820.0
REF_126,abs_dbfs_-50,1044.875,80.0,80.0,860.0
REF_126,trim_cand_abs-40,1044.875,0.0,74.875,970.0
REF_126,trim_abs-30,1044.875,0.0,134.875,910.0
REF_126,trim_abs-50,1044.875,0.0,0.0,1044.875
REF_126,trim_rel-40,1044.875,0.0,74.875,970.0
REF_126,trim_rel-40_nopad,1044.875,0.0,124.875,920.0
REF_127,abs_dbfs_-30,952.0,120.0,160.0,650.0
REF_127,abs_dbfs_-40,952.0,120.0,100.0,730.0
REF_127,abs_dbfs_-50,952.0,110.0,60.0,780.0
REF_127,trim_cand_abs-40,952.0,70.0,52.0,830.0
REF_127,trim_abs-30,952.0,70.0,112.0,770.0
REF_127,trim_abs-50,952.0,60.0,0.0,892.0
REF_127,trim_rel-40,952.0,70.0,0.0,882.0
REF_127,trim_rel-40_nopad,952.0,120.0,0.0,832.0
REF_128,abs_dbfs_-30,1021.6875000000001,190.0,210.0,500.0
REF_128,abs_dbfs_-40,1021.6875000000001,190.0,180.0,590.0
REF_128,abs_dbfs_-50,1021.6875000000001,180.0,30.0,760.0
REF_128,trim_cand_abs-40,1021.6875000000001,140.0,131.6875,750.0
REF_128,trim_abs-30,1021.6875000000001,140.0,161.6875,720.0
REF_128,trim_abs-50,1021.6875000000001,130.0,0.0,891.6875
REF_128,trim_rel-40,1021.6875000000001,140.0,131.6875,750.0
REF_128,trim_rel-40_nopad,1021.6875000000001,190.0,181.6875,650.0
